timestamp,user_id,heart_rate,hrv_sdnn,skin_temp,resp_rate,spo2,strain_score,recovery_score,sleep_stage,activity_level
2026-08-01T00:00:00Z,ATH_001,51.6,95.1,36.59,13.5,98.3,18.5,92,light_sleep,resting
2026-08-01T00:01:00Z,ATH_001,46.3,100.0,36.41,12.7,98.5,18.5,92,light_sleep,resting
2026-08-01T00:02:00Z,ATH_001,50.9,93.5,36.63,12.3,98.5,18.5,92,light_sleep,resting
2026-08-01T00:03:00Z,ATH_001,47.8,96.0,36.55,13.0,98.9,18.5,92,light_sleep,resting
2026-08-01T00:04:00Z,ATH_001,50.3,98.5,36.46,12.7,98.9,18.5,92,light_sleep,resting
2026-08-01T00:05:00Z,ATH_001,51.5,96.3,36.65,12.9,98.6,18.5,92,light_sleep,resting
2026-08-01T00:06:00Z,ATH_001,54.2,95.7,36.5,13.5,98.8,18.5,92,light_sleep,resting
2026-08-01T00:07:00Z,ATH_001,52.4,91.0,36.41,13.3,98.5,18.5,92,light_sleep,resting
2026-08-01T00:08:00Z,ATH_001,49.2,92.3,36.37,12.9,98.7,18.5,92,light_sleep,resting
2026-08-01T00:09:00Z,ATH_001,55.0,96.4,36.54,13.3,98.7,18.5,92,light_sleep,resting
2026-08-01T00:10:00Z,ATH_001,49.4,93.3,36.48,12.4,98.8,18.5,92,light_sleep,resting
2026-08-01T00:11:00Z,ATH_001,55.1,96.1,36.44,14.0,99.0,18.5,92,light_sleep,resting
2026-08-01T00:12:00Z,ATH_001,51.4,94.3,36.53,14.5,98.8,18.5,92,light_sleep,resting
2026-08-01T00:13:00Z,ATH_001,52.4,94.6,36.58,12.7,98.7,18.5,92,light_sleep,resting
2026-08-01T00:14:00Z,ATH_001,53.8,89.0,36.59,12.6,98.1,18.5,92,light_sleep,resting
2026-08-01T00:15:00Z,ATH_001,49.9,94.6,36.61,13.1,98.3,18.5,92,light_sleep,resting
2026-08-01T00:16:00Z,ATH_001,48.7,91.7,36.55,12.3,98.8,18.5,92,light_sleep,resting
2026-08-01T00:17:00Z,ATH_001,50.4,93.6,36.45,13.7,98.9,18.5,92,light_sleep,resting
2026-08-01T00:18:00Z,ATH_001,48.6,96.7,36.47,12.6,98.4,18.5,92,light_sleep,resting
2026-08-01T00:19:00Z,ATH_001,46.0,97.8,36.4,12.9,98.6,18.5,92,light_sleep,resting
2026-08-01T00:20:00Z,ATH_001,53.7,95.1,36.54,13.4,98.6,18.5,92,light_sleep,resting
2026-08-01T00:21:00Z,ATH_001,55.1,96.3,36.57,13.9,98.2,18.5,92,light_sleep,resting
2026-08-01T00:22:00Z,ATH_001,53.1,96.0,36.43,12.5,98.7,18.5,92,light_sleep,resting
2026-08-01T00:23:00Z,ATH_001,49.9,93.6,36.38,13.9,98.9,18.5,92,light_sleep,resting
2026-08-01T00:24:00Z,ATH_001,50.1,96.9,36.38,12.6,98.3,18.5,92,light_sleep,resting
2026-08-01T00:25:00Z,ATH_001,55.6,90.4,36.35,13.4,98.4,18.5,92,light_sleep,resting
2026-08-01T00:26:00Z,ATH_001,56.0,92.9,36.55,14.6,99.0,18.5,92,light_sleep,resting
2026-08-01T00:27:00Z,ATH_001,51.9,94.7,36.44,13.8,98.9,18.5,92,light_sleep,resting
2026-08-01T00:28:00Z,ATH_001,56.7,88.8,36.54,13.5,98.9,18.5,92,light_sleep,resting
2026-08-01T00:29:00Z,ATH_001,50.8,96.7,36.51,13.0,98.5,18.5,92,light_sleep,resting
2026-08-01T00:30:00Z,ATH_001,51.9,95.8,36.56,13.1,98.5,18.5,92,light_sleep,resting
2026-08-01T00:31:00Z,ATH_001,49.5,96.0,36.4,13.7,98.3,18.5,92,light_sleep,resting
2026-08-01T00:32:00Z,ATH_001,47.4,95.3,36.52,12.5,98.8,18.5,92,light_sleep,resting
2026-08-01T00:33:00Z,ATH_001,50.9,92.0,36.73,12.1,98.9,18.5,92,light_sleep,resting
2026-08-01T00:34:00Z,ATH_001,50.4,96.4,36.41,12.7,98.7,18.5,92,light_sleep,resting
2026-08-01T00:35:00Z,ATH_001,52.1,91.8,36.58,13.5,98.4,18.5,92,light_sleep,resting
2026-08-01T00:36:00Z,ATH_001,55.8,97.5,36.35,14.2,98.5,18.5,92,light_sleep,resting
2026-08-01T00:37:00Z,ATH_001,52.4,95.0,36.7,12.6,98.3,18.5,92,light_sleep,resting
2026-08-01T00:38:00Z,ATH_001,54.6,91.6,36.65,12.7,98.5,18.5,92,light_sleep,resting
2026-08-01T00:39:00Z,ATH_001,51.7,93.8,36.33,13.5,98.8,18.5,92,light_sleep,resting
2026-08-01T00:40:00Z,ATH_001,54.5,94.7,36.51,14.2,98.6,18.5,92,light_sleep,resting
2026-08-01T00:41:00Z,ATH_001,56.0,91.3,36.51,13.6,99.0,18.5,92,light_sleep,resting
2026-08-01T00:42:00Z,ATH_001,53.7,93.6,36.55,12.9,98.8,18.5,92,light_sleep,resting
2026-08-01T00:43:00Z,ATH_001,58.1,90.4,36.46,14.0,98.9,18.5,92,light_sleep,resting
2026-08-01T00:44:00Z,ATH_001,55.7,93.7,36.48,12.9,98.9,18.5,92,light_sleep,resting
2026-08-01T00:45:00Z,ATH_001,52.7,95.5,36.5,13.1,98.7,18.5,92,light_sleep,resting
2026-08-01T00:46:00Z,ATH_001,54.5,92.6,36.45,13.1,98.9,18.5,92,light_sleep,resting
2026-08-01T00:47:00Z,ATH_001,46.2,97.6,36.34,13.6,98.9,18.5,92,light_sleep,resting
2026-08-01T00:48:00Z,ATH_001,51.1,90.0,36.63,13.3,98.3,18.5,92,light_sleep,resting
2026-08-01T00:49:00Z,ATH_001,58.4,94.6,36.26,13.6,97.9,18.5,92,light_sleep,resting
2026-08-01T00:50:00Z,ATH_001,56.8,94.9,36.48,14.5,98.9,18.5,92,light_sleep,resting
2026-08-01T00:51:00Z,ATH_001,58.5,92.8,36.45,13.3,98.7,18.5,92,light_sleep,resting
2026-08-01T00:52:00Z,ATH_001,55.9,93.7,36.62,13.5,98.5,18.5,92,light_sleep,resting
2026-08-01T00:53:00Z,ATH_001,53.2,95.8,36.32,13.3,98.9,18.5,92,light_sleep,resting
2026-08-01T00:54:00Z,ATH_001,54.1,94.6,36.38,13.1,98.3,18.5,92,light_sleep,resting
2026-08-01T00:55:00Z,ATH_001,53.9,94.4,36.44,13.7,98.6,18.5,92,light_sleep,resting
2026-08-01T00:56:00Z,ATH_001,52.7,92.2,36.46,13.0,98.9,18.5,92,light_sleep,resting
2026-08-01T00:57:00Z,ATH_001,55.8,96.7,36.52,13.7,98.1,18.5,92,light_sleep,resting
2026-08-01T00:58:00Z,ATH_001,52.7,97.6,36.6,14.2,98.9,18.5,92,light_sleep,resting
2026-08-01T00:59:00Z,ATH_001,54.3,94.2,36.54,12.9,98.6,18.5,92,light_sleep,resting
2026-08-01T01:00:00Z,ATH_001,55.8,91.3,36.47,13.7,98.7,18.5,92,light_sleep,resting
2026-08-01T01:01:00Z,ATH_001,51.3,98.7,36.35,14.2,98.9,18.5,92,light_sleep,resting
2026-08-01T01:02:00Z,ATH_001,51.5,91.5,36.59,12.9,98.5,18.5,92,light_sleep,resting
2026-08-01T01:03:00Z,ATH_001,57.1,90.2,36.43,13.0,97.6,18.5,92,light_sleep,resting
2026-08-01T01:04:00Z,ATH_001,50.8,93.1,36.44,13.4,98.7,18.5,92,light_sleep,resting
2026-08-01T01:05:00Z,ATH_001,52.5,95.8,36.27,13.2,98.5,18.5,92,light_sleep,resting
2026-08-01T01:06:00Z,ATH_001,56.5,92.3,36.37,14.0,98.9,18.5,92,light_sleep,resting
2026-08-01T01:07:00Z,ATH_001,54.0,93.5,36.63,13.3,98.9,18.5,92,light_sleep,resting
2026-08-01T01:08:00Z,ATH_001,52.7,93.7,36.68,13.6,98.8,18.5,92,light_sleep,resting
2026-08-01T01:09:00Z,ATH_001,49.4,94.6,36.69,12.0,98.4,18.5,92,light_sleep,resting
2026-08-01T01:10:00Z,ATH_001,58.0,91.6,36.45,14.4,98.8,18.5,92,light_sleep,resting
2026-08-01T01:11:00Z,ATH_001,54.2,93.0,36.36,13.8,98.9,18.5,92,light_sleep,resting
2026-08-01T01:12:00Z,ATH_001,54.6,96.7,36.32,12.5,98.9,18.5,92,light_sleep,resting
2026-08-01T01:13:00Z,ATH_001,55.7,94.2,36.26,14.3,99.0,18.5,92,light_sleep,resting
2026-08-01T01:14:00Z,ATH_001,59.2,88.9,36.61,14.1,98.8,18.5,92,light_sleep,resting
2026-08-01T01:15:00Z,ATH_001,55.4,98.7,36.46,13.3,98.8,18.5,92,light_sleep,resting
2026-08-01T01:16:00Z,ATH_001,53.8,96.1,36.56,13.1,99.0,18.5,92,light_sleep,resting
2026-08-01T01:17:00Z,ATH_001,55.9,91.3,36.63,13.6,98.8,18.5,92,light_sleep,resting
2026-08-01T01:18:00Z,ATH_001,58.9,89.4,36.45,14.3,98.3,18.5,92,light_sleep,resting
2026-08-01T01:19:00Z,ATH_001,52.0,93.7,36.31,12.8,98.9,18.5,92,light_sleep,resting
2026-08-01T01:20:00Z,ATH_001,54.6,97.2,36.58,14.1,98.5,18.5,92,light_sleep,resting
2026-08-01T01:21:00Z,ATH_001,51.2,97.4,36.56,12.6,98.6,18.5,92,light_sleep,resting
2026-08-01T01:22:00Z,ATH_001,55.5,93.8,36.51,13.4,98.3,18.5,92,light_sleep,resting
2026-08-01T01:23:00Z,ATH_001,60.3,91.5,36.49,13.3,98.6,18.5,92,light_sleep,resting
2026-08-01T01:24:00Z,ATH_001,53.1,92.4,36.52,13.4,97.9,18.5,92,light_sleep,resting
2026-08-01T01:25:00Z,ATH_001,55.5,92.7,36.28,13.9,98.7,18.5,92,light_sleep,resting
2026-08-01T01:26:00Z,ATH_001,57.1,93.2,36.52,14.2,98.1,18.5,92,light_sleep,resting
2026-08-01T01:27:00Z,ATH_001,56.8,92.7,36.54,13.6,98.9,18.5,92,light_sleep,resting
2026-08-01T01:28:00Z,ATH_001,59.5,91.7,36.7,14.2,99.0,18.5,92,light_sleep,resting
2026-08-01T01:29:00Z,ATH_001,54.4,93.8,36.63,13.7,98.8,18.5,92,light_sleep,resting
2026-08-01T01:30:00Z,ATH_001,53.8,95.4,36.48,12.8,98.4,18.5,92,light_sleep,resting
2026-08-01T01:31:00Z,ATH_001,53.6,96.4,36.5,13.5,98.8,18.5,92,light_sleep,resting
2026-08-01T01:32:00Z,ATH_001,56.4,95.3,36.43,13.6,98.5,18.5,92,light_sleep,resting
2026-08-01T01:33:00Z,ATH_001,54.9,91.2,36.51,14.2,98.8,18.5,92,light_sleep,resting
2026-08-01T01:34:00Z,ATH_001,55.4,94.0,36.34,13.0,98.4,18.5,92,light_sleep,resting
2026-08-01T01:35:00Z,ATH_001,53.4,95.4,36.42,14.2,99.0,18.5,92,light_sleep,resting
2026-08-01T01:36:00Z,ATH_001,63.5,88.0,36.37,14.1,98.3,18.5,92,light_sleep,resting
2026-08-01T01:37:00Z,ATH_001,56.6,94.0,36.46,13.4,98.1,18.5,92,light_sleep,resting
2026-08-01T01:38:00Z,ATH_001,55.6,94.9,36.45,13.0,99.0,18.5,92,light_sleep,resting
2026-08-01T01:39:00Z,ATH_001,64.3,88.3,36.46,15.5,99.0,18.5,92,light_sleep,resting
2026-08-01T01:40:00Z,ATH_001,57.7,90.0,36.49,12.7,98.6,18.5,92,light_sleep,resting
2026-08-01T01:41:00Z,ATH_001,54.9,92.6,36.54,13.8,99.0,18.5,92,light_sleep,resting
2026-08-01T01:42:00Z,ATH_001,58.1,93.5,36.29,14.1,98.9,18.5,92,light_sleep,resting
2026-08-01T01:43:00Z,ATH_001,59.8,87.7,36.43,14.1,98.6,18.5,92,light_sleep,resting
2026-08-01T01:44:00Z,ATH_001,57.2,95.8,36.45,14.2,98.3,18.5,92,light_sleep,resting
2026-08-01T01:45:00Z,ATH_001,53.5,95.7,36.6,12.5,99.0,18.5,92,light_sleep,resting
2026-08-01T01:46:00Z,ATH_001,53.8,93.0,36.45,13.0,98.2,18.5,92,light_sleep,resting
2026-08-01T01:47:00Z,ATH_001,54.1,92.4,36.39,14.4,98.9,18.5,92,light_sleep,resting
2026-08-01T01:48:00Z,ATH_001,61.5,88.9,36.47,13.7,98.2,18.5,92,light_sleep,resting
2026-08-01T01:49:00Z,ATH_001,61.1,93.4,36.6,14.9,98.8,18.5,92,light_sleep,resting
2026-08-01T01:50:00Z,ATH_001,53.2,92.5,36.48,13.6,98.8,18.5,92,light_sleep,resting
2026-08-01T01:51:00Z,ATH_001,51.5,96.0,36.4,12.4,98.0,18.5,92,light_sleep,resting
2026-08-01T01:52:00Z,ATH_001,53.6,90.5,36.33,14.2,98.9,18.5,92,light_sleep,resting
2026-08-01T01:53:00Z,ATH_001,55.8,96.1,36.5,13.1,99.0,18.5,92,light_sleep,resting
2026-08-01T01:54:00Z,ATH_001,57.0,91.8,36.5,14.8,98.4,18.5,92,light_sleep,resting
2026-08-01T01:55:00Z,ATH_001,55.7,93.2,36.42,13.7,98.9,18.5,92,light_sleep,resting
2026-08-01T01:56:00Z,ATH_001,55.8,91.7,36.68,13.5,98.8,18.5,92,light_sleep,resting
2026-08-01T01:57:00Z,ATH_001,60.5,92.3,36.64,13.9,98.7,18.5,92,light_sleep,resting
2026-08-01T01:58:00Z,ATH_001,56.2,93.0,36.35,13.5,99.0,18.5,92,light_sleep,resting
2026-08-01T01:59:00Z,ATH_001,54.7,93.5,36.65,14.0,98.9,18.5,92,light_sleep,resting
2026-08-01T02:00:00Z,ATH_001,59.0,91.0,36.69,15.4,98.7,18.5,92,light_sleep,resting
2026-08-01T02:01:00Z,ATH_001,57.2,89.3,36.47,13.9,98.6,18.5,92,light_sleep,resting
2026-08-01T02:02:00Z,ATH_001,54.8,96.2,36.48,13.2,98.6,18.5,92,light_sleep,resting
2026-08-01T02:03:00Z,ATH_001,62.8,94.0,36.51,14.8,98.9,18.5,92,light_sleep,resting
2026-08-01T02:04:00Z,ATH_001,61.0,92.4,36.52,14.0,98.8,18.5,92,light_sleep,resting
2026-08-01T02:05:00Z,ATH_001,60.9,93.0,36.53,13.8,98.3,18.5,92,light_sleep,resting
2026-08-01T02:06:00Z,ATH_001,55.8,92.9,36.49,13.8,98.4,18.5,92,light_sleep,resting
2026-08-01T02:07:00Z,ATH_001,55.4,94.4,36.59,13.6,98.6,18.5,92,light_sleep,resting
2026-08-01T02:08:00Z,ATH_001,56.6,92.7,36.4,14.1,98.3,18.5,92,light_sleep,resting
2026-08-01T02:09:00Z,ATH_001,59.4,93.4,36.63,13.5,98.5,18.5,92,light_sleep,resting
2026-08-01T02:10:00Z,ATH_001,56.8,89.7,36.41,13.5,98.2,18.5,92,light_sleep,resting
2026-08-01T02:11:00Z,ATH_001,58.9,89.9,36.53,14.4,98.1,18.5,92,light_sleep,resting
2026-08-01T02:12:00Z,ATH_001,56.3,95.4,36.44,12.9,98.4,18.5,92,light_sleep,resting
2026-08-01T02:13:00Z,ATH_001,61.8,90.4,36.35,14.6,98.8,18.5,92,light_sleep,resting
2026-08-01T02:14:00Z,ATH_001,59.0,94.6,36.49,13.9,98.8,18.5,92,light_sleep,resting
2026-08-01T02:15:00Z,ATH_001,61.3,90.2,36.68,15.0,98.9,18.5,92,light_sleep,resting
2026-08-01T02:16:00Z,ATH_001,58.3,94.4,36.48,13.4,98.9,18.5,92,light_sleep,resting
2026-08-01T02:17:00Z,ATH_001,56.1,94.5,36.63,13.8,98.8,18.5,92,light_sleep,resting
2026-08-01T02:18:00Z,ATH_001,54.0,95.9,36.67,12.8,98.4,18.5,92,light_sleep,resting
2026-08-01T02:19:00Z,ATH_001,58.9,92.4,36.53,13.5,98.4,18.5,92,light_sleep,resting
2026-08-01T02:20:00Z,ATH_001,58.3,90.0,36.33,14.1,97.9,18.5,92,light_sleep,resting
2026-08-01T02:21:00Z,ATH_001,56.5,92.1,36.62,13.7,98.1,18.5,92,light_sleep,resting
2026-08-01T02:22:00Z,ATH_001,60.2,91.2,36.59,13.6,98.7,18.5,92,light_sleep,resting
2026-08-01T02:23:00Z,ATH_001,56.5,89.6,36.61,13.6,98.8,18.5,92,light_sleep,resting
2026-08-01T02:24:00Z,ATH_001,58.9,89.5,36.47,14.2,98.5,18.5,92,light_sleep,resting
2026-08-01T02:25:00Z,ATH_001,59.2,93.0,36.44,13.1,98.5,18.5,92,light_sleep,resting
2026-08-01T02:26:00Z,ATH_001,59.5,91.0,36.55,14.3,98.8,18.5,92,light_sleep,resting
2026-08-01T02:27:00Z,ATH_001,60.9,94.8,36.45,13.9,98.4,18.5,92,light_sleep,resting
2026-08-01T02:28:00Z,ATH_001,54.1,92.7,36.31,12.7,98.8,18.5,92,light_sleep,resting
2026-08-01T02:29:00Z,ATH_001,54.8,92.2,36.58,14.1,98.6,18.5,92,light_sleep,resting
2026-08-01T02:30:00Z,ATH_001,58.1,92.8,36.47,13.1,98.4,18.5,92,light_sleep,resting
2026-08-01T02:31:00Z,ATH_001,61.1,93.0,36.35,13.7,98.9,18.5,92,light_sleep,resting
2026-08-01T02:32:00Z,ATH_001,59.1,90.2,36.44,14.2,98.9,18.5,92,light_sleep,resting
2026-08-01T02:33:00Z,ATH_001,51.5,94.5,36.42,12.7,98.7,18.5,92,light_sleep,resting
2026-08-01T02:34:00Z,ATH_001,57.6,92.8,36.5,13.1,98.2,18.5,92,light_sleep,resting
2026-08-01T02:35:00Z,ATH_001,59.3,93.2,36.44,13.4,98.1,18.5,92,light_sleep,resting
2026-08-01T02:36:00Z,ATH_001,58.0,90.3,36.54,14.3,98.9,18.5,92,light_sleep,resting
2026-08-01T02:37:00Z,ATH_001,59.9,93.3,36.61,13.6,99.0,18.5,92,light_sleep,resting
2026-08-01T02:38:00Z,ATH_001,65.7,87.6,36.69,15.4,98.8,18.5,92,light_sleep,resting
2026-08-01T02:39:00Z,ATH_001,53.5,93.4,36.64,13.9,98.8,18.5,92,light_sleep,resting
2026-08-01T02:40:00Z,ATH_001,56.5,93.7,36.48,13.4,98.9,18.5,92,light_sleep,resting
2026-08-01T02:41:00Z,ATH_001,57.1,94.7,36.44,13.6,99.0,18.5,92,light_sleep,resting
2026-08-01T02:42:00Z,ATH_001,58.4,92.1,36.49,14.2,98.4,18.5,92,light_sleep,resting
2026-08-01T02:43:00Z,ATH_001,59.9,92.2,36.53,14.1,98.5,18.5,92,light_sleep,resting
2026-08-01T02:44:00Z,ATH_001,61.1,89.0,36.37,15.4,98.0,18.5,92,light_sleep,resting
2026-08-01T02:45:00Z,ATH_001,58.9,92.6,36.62,13.7,98.9,18.5,92,light_sleep,resting
2026-08-01T02:46:00Z,ATH_001,61.5,91.9,36.5,14.6,98.9,18.5,92,light_sleep,resting
2026-08-01T02:47:00Z,ATH_001,58.2,96.6,36.66,13.0,98.5,18.5,92,light_sleep,resting
2026-08-01T02:48:00Z,ATH_001,54.3,96.1,36.57,13.1,98.8,18.5,92,light_sleep,resting
2026-08-01T02:49:00Z,ATH_001,65.7,85.8,36.46,14.5,98.7,18.5,92,light_sleep,resting
2026-08-01T02:50:00Z,ATH_001,65.7,87.1,36.63,13.7,98.4,18.5,92,light_sleep,resting
2026-08-01T02:51:00Z,ATH_001,61.5,92.1,36.58,14.4,98.4,18.5,92,light_sleep,resting
2026-08-01T02:52:00Z,ATH_001,61.1,90.0,36.34,14.3,98.9,18.5,92,light_sleep,resting
2026-08-01T02:53:00Z,ATH_001,57.8,93.6,36.47,13.6,98.4,18.5,92,light_sleep,resting
2026-08-01T02:54:00Z,ATH_001,57.0,90.2,36.54,13.6,98.8,18.5,92,light_sleep,resting
2026-08-01T02:55:00Z,ATH_001,59.5,91.6,36.39,14.1,99.0,18.5,92,light_sleep,resting
2026-08-01T02:56:00Z,ATH_001,60.9,90.3,36.59,13.4,97.9,18.5,92,light_sleep,resting
2026-08-01T02:57:00Z,ATH_001,57.5,89.6,36.47,13.1,98.7,18.5,92,light_sleep,resting
2026-08-01T02:58:00Z,ATH_001,59.7,92.7,36.31,13.6,98.1,18.5,92,light_sleep,resting
2026-08-01T02:59:00Z,ATH_001,60.8,92.7,36.58,13.5,98.3,18.5,92,light_sleep,resting
2026-08-01T03:00:00Z,ATH_001,60.8,90.2,36.58,13.9,98.2,18.5,92,light_sleep,resting
2026-08-01T03:01:00Z,ATH_001,64.8,90.4,36.51,14.5,98.9,18.5,92,light_sleep,resting
2026-08-01T03:02:00Z,ATH_001,60.0,88.5,36.52,14.4,98.6,18.5,92,light_sleep,resting
2026-08-01T03:03:00Z,ATH_001,64.5,91.8,36.47,14.0,98.8,18.5,92,light_sleep,resting
2026-08-01T03:04:00Z,ATH_001,64.2,88.5,36.54,14.1,98.4,18.5,92,light_sleep,resting
2026-08-01T03:05:00Z,ATH_001,65.7,89.9,36.27,15.5,98.9,18.5,92,light_sleep,resting
2026-08-01T03:06:00Z,ATH_001,62.8,90.9,36.44,14.1,98.1,18.5,92,light_sleep,resting
2026-08-01T03:07:00Z,ATH_001,60.2,91.1,36.65,13.4,98.5,18.5,92,light_sleep,resting
2026-08-01T03:08:00Z,ATH_001,54.4,92.3,36.51,14.1,98.7,18.5,92,light_sleep,resting
2026-08-01T03:09:00Z,ATH_001,55.4,94.4,36.39,13.6,98.8,18.5,92,light_sleep,resting
2026-08-01T03:10:00Z,ATH_001,60.1,94.8,36.5,14.7,99.0,18.5,92,light_sleep,resting
2026-08-01T03:11:00Z,ATH_001,63.0,89.8,36.46,14.9,98.4,18.5,92,light_sleep,resting
2026-08-01T03:12:00Z,ATH_001,62.8,91.7,36.44,15.0,98.7,18.5,92,light_sleep,resting
2026-08-01T03:13:00Z,ATH_001,58.5,92.1,36.37,13.9,98.7,18.5,92,light_sleep,resting
2026-08-01T03:14:00Z,ATH_001,57.4,92.0,36.52,13.7,98.8,18.5,92,light_sleep,resting
2026-08-01T03:15:00Z,ATH_001,66.2,88.8,36.55,14.1,99.0,18.5,92,light_sleep,resting
2026-08-01T03:16:00Z,ATH_001,60.2,93.8,36.38,14.5,98.3,18.5,92,light_sleep,resting
2026-08-01T03:17:00Z,ATH_001,58.4,93.0,36.53,13.5,98.8,18.5,92,light_sleep,resting
2026-08-01T03:18:00Z,ATH_001,55.9,95.2,36.47,14.2,98.6,18.5,92,light_sleep,resting
2026-08-01T03:19:00Z,ATH_001,63.4,88.7,36.37,14.6,98.5,18.5,92,light_sleep,resting
2026-08-01T03:20:00Z,ATH_001,64.6,89.0,36.45,14.8,98.7,18.5,92,light_sleep,resting
2026-08-01T03:21:00Z,ATH_001,64.5,91.7,36.71,14.4,98.9,18.5,92,light_sleep,resting
2026-08-01T03:22:00Z,ATH_001,67.1,91.7,36.66,14.4,98.7,18.5,92,light_sleep,resting
2026-08-01T03:23:00Z,ATH_001,58.0,92.1,36.43,13.5,99.0,18.5,92,light_sleep,resting
2026-08-01T03:24:00Z,ATH_001,65.2,90.0,36.46,14.9,98.3,18.5,92,light_sleep,resting
2026-08-01T03:25:00Z,ATH_001,65.9,84.9,36.58,13.3,98.8,18.5,92,light_sleep,resting
2026-08-01T03:26:00Z,ATH_001,63.2,89.8,36.32,14.5,98.3,18.5,92,light_sleep,resting
2026-08-01T03:27:00Z,ATH_001,63.7,91.1,36.51,14.5,99.0,18.5,92,light_sleep,resting
2026-08-01T03:28:00Z,ATH_001,62.7,92.4,36.5,15.4,98.5,18.5,92,light_sleep,resting
2026-08-01T03:29:00Z,ATH_001,64.7,92.0,36.64,14.9,98.3,18.5,92,light_sleep,resting
2026-08-01T03:30:00Z,ATH_001,60.5,90.3,36.36,13.9,98.5,18.5,92,light_sleep,resting
2026-08-01T03:31:00Z,ATH_001,59.4,90.8,36.46,14.1,98.3,18.5,92,light_sleep,resting
2026-08-01T03:32:00Z,ATH_001,64.2,92.3,36.34,14.9,97.9,18.5,92,light_sleep,resting
2026-08-01T03:33:00Z,ATH_001,58.6,94.1,36.35,13.8,98.4,18.5,92,light_sleep,resting
2026-08-01T03:34:00Z,ATH_001,59.8,92.2,36.35,14.4,98.3,18.5,92,light_sleep,resting
2026-08-01T03:35:00Z,ATH_001,62.6,92.2,36.63,14.5,98.7,18.5,92,light_sleep,resting
2026-08-01T03:36:00Z,ATH_001,61.3,92.2,36.3,14.1,98.5,18.5,92,light_sleep,resting
2026-08-01T03:37:00Z,ATH_001,57.7,93.6,36.52,13.7,98.8,18.5,92,light_sleep,resting
2026-08-01T03:38:00Z,ATH_001,60.0,88.1,36.59,13.4,98.9,18.5,92,light_sleep,resting
2026-08-01T03:39:00Z,ATH_001,61.8,90.9,36.48,13.9,98.8,18.5,92,light_sleep,resting
2026-08-01T03:40:00Z,ATH_001,59.5,88.5,36.6,14.2,98.3,18.5,92,light_sleep,resting
2026-08-01T03:41:00Z,ATH_001,58.5,93.4,36.76,14.0,99.0,18.5,92,light_sleep,resting
2026-08-01T03:42:00Z,ATH_001,59.9,88.6,36.63,14.1,98.6,18.5,92,light_sleep,resting
2026-08-01T03:43:00Z,ATH_001,57.6,91.3,36.3,14.3,98.7,18.5,92,light_sleep,resting
2026-08-01T03:44:00Z,ATH_001,64.4,93.1,36.52,13.8,98.6,18.5,92,light_sleep,resting
2026-08-01T03:45:00Z,ATH_001,60.0,91.8,36.52,12.5,98.9,18.5,92,light_sleep,resting
2026-08-01T03:46:00Z,ATH_001,65.6,93.2,36.39,14.7,99.0,18.5,92,light_sleep,resting
2026-08-01T03:47:00Z,ATH_001,59.0,91.6,36.5,13.8,98.9,18.5,92,light_sleep,resting
2026-08-01T03:48:00Z,ATH_001,60.8,92.4,36.56,14.8,98.8,18.5,92,light_sleep,resting
2026-08-01T03:49:00Z,ATH_001,58.0,95.1,36.58,13.8,98.9,18.5,92,light_sleep,resting
2026-08-01T03:50:00Z,ATH_001,67.6,90.9,36.47,14.9,99.0,18.5,92,light_sleep,resting
2026-08-01T03:51:00Z,ATH_001,65.9,89.7,36.55,14.5,99.0,18.5,92,light_sleep,resting
2026-08-01T03:52:00Z,ATH_001,66.7,90.3,36.48,14.9,98.8,18.5,92,light_sleep,resting
2026-08-01T03:53:00Z,ATH_001,66.6,89.5,36.44,14.7,98.9,18.5,92,light_sleep,resting
2026-08-01T03:54:00Z,ATH_001,61.4,87.2,36.63,12.8,98.7,18.5,92,light_sleep,resting
2026-08-01T03:55:00Z,ATH_001,60.5,93.7,36.56,14.1,97.4,18.5,92,light_sleep,resting
2026-08-01T03:56:00Z,ATH_001,64.5,89.8,36.45,14.5,99.0,18.5,92,light_sleep,resting
2026-08-01T03:57:00Z,ATH_001,57.0,91.5,36.36,12.9,98.6,18.5,92,light_sleep,resting
2026-08-01T03:58:00Z,ATH_001,63.1,90.7,36.45,13.5,98.7,18.5,92,light_sleep,resting
2026-08-01T03:59:00Z,ATH_001,66.4,89.2,36.54,15.1,98.9,18.5,92,light_sleep,resting
2026-08-01T04:00:00Z,ATH_001,64.2,89.4,36.42,14.9,98.9,18.5,92,light_sleep,resting
2026-08-01T04:01:00Z,ATH_001,60.4,91.3,36.65,13.5,98.7,18.5,92,light_sleep,resting
2026-08-01T04:02:00Z,ATH_001,60.9,90.5,36.53,14.0,98.3,18.5,92,light_sleep,resting
2026-08-01T04:03:00Z,ATH_001,64.2,90.1,36.63,13.9,99.0,18.5,92,light_sleep,resting
2026-08-01T04:04:00Z,ATH_001,63.6,87.7,36.56,13.6,97.8,18.5,92,light_sleep,resting
2026-08-01T04:05:00Z,ATH_001,57.6,92.2,36.58,13.6,98.6,18.5,92,light_sleep,resting
2026-08-01T04:06:00Z,ATH_001,65.3,86.9,36.55,14.1,98.6,18.5,92,light_sleep,resting
2026-08-01T04:07:00Z,ATH_001,60.4,92.5,36.48,13.7,98.8,18.5,92,light_sleep,resting
2026-08-01T04:08:00Z,ATH_001,67.1,89.5,36.65,14.3,98.3,18.5,92,light_sleep,resting
2026-08-01T04:09:00Z,ATH_001,57.1,92.3,36.23,13.3,98.5,18.5,92,light_sleep,resting
2026-08-01T04:10:00Z,ATH_001,65.8,90.4,36.43,15.3,98.3,18.5,92,light_sleep,resting
2026-08-01T04:11:00Z,ATH_001,61.9,87.4,36.43,15.1,98.8,18.5,92,light_sleep,resting
2026-08-01T04:12:00Z,ATH_001,65.4,92.3,36.43,14.7,98.2,18.5,92,light_sleep,resting
2026-08-01T04:13:00Z,ATH_001,67.4,87.4,36.43,14.4,99.0,18.5,92,light_sleep,resting
2026-08-01T04:14:00Z,ATH_001,63.5,90.0,36.34,13.8,99.0,18.5,92,light_sleep,resting
2026-08-01T04:15:00Z,ATH_001,63.5,92.0,36.53,15.0,98.8,18.5,92,light_sleep,resting
2026-08-01T04:16:00Z,ATH_001,61.6,91.0,36.52,13.9,98.9,18.5,92,light_sleep,resting
2026-08-01T04:17:00Z,ATH_001,67.5,85.5,36.64,14.9,98.9,18.5,92,light_sleep,resting
2026-08-01T04:18:00Z,ATH_001,61.4,92.0,36.42,14.6,98.3,18.5,92,light_sleep,resting
2026-08-01T04:19:00Z,ATH_001,67.5,88.5,36.7,14.6,98.9,18.5,92,light_sleep,resting
2026-08-01T04:20:00Z,ATH_001,65.3,88.5,36.44,13.8,98.4,18.5,92,light_sleep,resting
2026-08-01T04:21:00Z,ATH_001,64.0,87.7,36.46,14.3,98.3,18.5,92,light_sleep,resting
2026-08-01T04:22:00Z,ATH_001,59.3,95.6,36.37,14.0,98.3,18.5,92,light_sleep,resting
2026-08-01T04:23:00Z,ATH_001,63.7,92.6,36.5,14.3,98.5,18.5,92,light_sleep,resting
2026-08-01T04:24:00Z,ATH_001,62.8,89.2,36.44,14.0,98.5,18.5,92,light_sleep,resting
2026-08-01T04:25:00Z,ATH_001,67.4,87.5,36.58,14.5,98.6,18.5,92,light_sleep,resting
2026-08-01T04:26:00Z,ATH_001,61.8,91.0,36.38,13.9,98.7,18.5,92,light_sleep,resting
2026-08-01T04:27:00Z,ATH_001,64.6,86.6,36.55,14.3,98.9,18.5,92,light_sleep,resting
2026-08-01T04:28:00Z,ATH_001,65.3,91.6,36.57,15.0,98.7,18.5,92,light_sleep,resting
2026-08-01T04:29:00Z,ATH_001,67.2,96.5,36.38,15.3,98.4,18.5,92,light_sleep,resting
2026-08-01T04:30:00Z,ATH_001,67.3,89.6,36.45,15.2,99.0,18.5,92,light_sleep,resting
2026-08-01T04:31:00Z,ATH_001,65.7,90.1,36.48,13.7,98.6,18.5,92,light_sleep,resting
2026-08-01T04:32:00Z,ATH_001,58.5,93.2,36.33,13.6,98.9,18.5,92,light_sleep,resting
2026-08-01T04:33:00Z,ATH_001,64.0,90.3,36.41,15.0,98.4,18.5,92,light_sleep,resting
2026-08-01T04:34:00Z,ATH_001,65.3,86.6,36.45,14.5,97.9,18.5,92,light_sleep,resting
2026-08-01T04:35:00Z,ATH_001,65.9,90.4,36.56,14.7,98.7,18.5,92,light_sleep,resting
2026-08-01T04:36:00Z,ATH_001,66.3,89.2,36.43,14.6,98.7,18.5,92,light_sleep,resting
2026-08-01T04:37:00Z,ATH_001,64.2,93.8,36.49,14.2,98.7,18.5,92,light_sleep,resting
2026-08-01T04:38:00Z,ATH_001,60.9,92.7,36.32,13.8,98.8,18.5,92,light_sleep,resting
2026-08-01T04:39:00Z,ATH_001,67.0,89.4,36.6,14.5,98.7,18.5,92,light_sleep,resting
2026-08-01T04:40:00Z,ATH_001,63.7,93.4,36.57,14.8,98.2,18.5,92,light_sleep,resting
2026-08-01T04:41:00Z,ATH_001,62.3,92.5,36.79,14.4,98.3,18.5,92,light_sleep,resting
2026-08-01T04:42:00Z,ATH_001,63.2,89.5,36.41,14.7,98.8,18.5,92,light_sleep,resting
2026-08-01T04:43:00Z,ATH_001,64.2,89.3,36.49,14.7,98.8,18.5,92,light_sleep,resting
2026-08-01T04:44:00Z,ATH_001,67.2,92.3,36.47,15.7,98.4,18.5,92,light_sleep,resting
2026-08-01T04:45:00Z,ATH_001,63.3,88.1,36.48,14.7,98.1,18.5,92,light_sleep,resting
2026-08-01T04:46:00Z,ATH_001,64.0,87.6,36.51,15.0,98.7,18.5,92,light_sleep,resting
2026-08-01T04:47:00Z,ATH_001,66.6,86.9,36.66,14.3,98.9,18.5,92,light_sleep,resting
2026-08-01T04:48:00Z,ATH_001,66.0,89.8,36.35,14.4,98.6,18.5,92,light_sleep,resting
2026-08-01T04:49:00Z,ATH_001,60.6,94.0,36.51,14.2,98.9,18.5,92,light_sleep,resting
2026-08-01T04:50:00Z,ATH_001,68.7,89.1,36.66,15.1,98.4,18.5,92,light_sleep,resting
2026-08-01T04:51:00Z,ATH_001,66.3,90.6,36.5,14.7,98.9,18.5,92,light_sleep,resting
2026-08-01T04:52:00Z,ATH_001,68.6,89.3,36.5,15.7,98.8,18.5,92,light_sleep,resting
2026-08-01T04:53:00Z,ATH_001,63.0,90.2,36.65,14.1,98.7,18.5,92,light_sleep,resting
2026-08-01T04:54:00Z,ATH_001,65.1,84.9,36.46,15.1,98.7,18.5,92,light_sleep,resting
2026-08-01T04:55:00Z,ATH_001,63.2,91.0,36.41,14.3,98.5,18.5,92,light_sleep,resting
2026-08-01T04:56:00Z,ATH_001,64.5,90.1,36.42,14.6,98.9,18.5,92,light_sleep,resting
2026-08-01T04:57:00Z,ATH_001,62.8,92.6,36.44,14.1,98.9,18.5,92,light_sleep,resting
2026-08-01T04:58:00Z,ATH_001,62.3,88.3,36.59,15.2,98.6,18.5,92,light_sleep,resting
2026-08-01T04:59:00Z,ATH_001,64.9,88.2,36.52,14.5,98.7,18.5,92,light_sleep,resting
2026-08-01T05:00:00Z,ATH_001,69.6,89.7,36.44,15.3,98.8,18.5,92,light_sleep,resting
2026-08-01T05:01:00Z,ATH_001,63.5,88.3,36.41,15.1,98.2,18.5,92,light_sleep,resting
2026-08-01T05:02:00Z,ATH_001,67.4,88.6,36.42,15.3,98.8,18.5,92,light_sleep,resting
2026-08-01T05:03:00Z,ATH_001,66.4,93.8,36.45,14.3,98.7,18.5,92,light_sleep,resting
2026-08-01T05:04:00Z,ATH_001,64.7,89.0,36.56,14.6,97.8,18.5,92,light_sleep,resting
2026-08-01T05:05:00Z,ATH_001,64.0,89.7,36.6,14.5,98.9,18.5,92,light_sleep,resting
2026-08-01T05:06:00Z,ATH_001,67.7,91.2,36.51,14.7,97.9,18.5,92,light_sleep,resting
2026-08-01T05:07:00Z,ATH_001,66.2,89.9,36.41,14.8,98.1,18.5,92,light_sleep,resting
2026-08-01T05:08:00Z,ATH_001,69.1,93.4,36.47,14.5,98.9,18.5,92,light_sleep,resting
2026-08-01T05:09:00Z,ATH_001,61.4,93.3,36.57,13.6,98.9,18.5,92,light_sleep,resting
2026-08-01T05:10:00Z,ATH_001,64.8,95.5,36.42,14.9,98.3,18.5,92,light_sleep,resting
2026-08-01T05:11:00Z,ATH_001,61.8,93.4,36.51,14.9,98.7,18.5,92,light_sleep,resting
2026-08-01T05:12:00Z,ATH_001,62.3,89.0,36.62,14.1,98.8,18.5,92,light_sleep,resting
2026-08-01T05:13:00Z,ATH_001,62.6,92.2,36.53,15.3,98.1,18.5,92,light_sleep,resting
2026-08-01T05:14:00Z,ATH_001,62.1,93.1,36.48,13.5,98.9,18.5,92,light_sleep,resting
2026-08-01T05:15:00Z,ATH_001,60.5,90.8,36.41,15.1,98.9,18.5,92,light_sleep,resting
2026-08-01T05:16:00Z,ATH_001,66.7,90.4,36.62,14.8,98.9,18.5,92,light_sleep,resting
2026-08-01T05:17:00Z,ATH_001,61.2,89.3,36.59,14.6,98.0,18.5,92,light_sleep,resting
2026-08-01T05:18:00Z,ATH_001,69.6,87.1,36.49,14.6,98.6,18.5,92,light_sleep,resting
2026-08-01T05:19:00Z,ATH_001,62.7,91.0,36.46,14.3,98.9,18.5,92,light_sleep,resting
2026-08-01T05:20:00Z,ATH_001,61.2,89.7,36.56,14.5,98.4,18.5,92,light_sleep,resting
2026-08-01T05:21:00Z,ATH_001,68.6,89.5,36.33,15.1,98.8,18.5,92,light_sleep,resting
2026-08-01T05:22:00Z,ATH_001,66.7,88.7,36.8,14.9,98.5,18.5,92,light_sleep,resting
2026-08-01T05:23:00Z,ATH_001,61.4,94.7,36.41,14.7,99.0,18.5,92,light_sleep,resting
2026-08-01T05:24:00Z,ATH_001,62.1,93.0,36.54,13.6,98.9,18.5,92,light_sleep,resting
2026-08-01T05:25:00Z,ATH_001,69.9,91.0,36.46,15.4,98.3,18.5,92,light_sleep,resting
2026-08-01T05:26:00Z,ATH_001,61.4,92.6,36.44,13.6,98.9,18.5,92,light_sleep,resting
2026-08-01T05:27:00Z,ATH_001,63.9,88.2,36.45,14.3,99.0,18.5,92,light_sleep,resting
2026-08-01T05:28:00Z,ATH_001,64.1,93.4,36.63,15.3,98.9,18.5,92,light_sleep,resting
2026-08-01T05:29:00Z,ATH_001,68.6,89.2,36.46,15.2,98.6,18.5,92,light_sleep,resting
2026-08-01T05:30:00Z,ATH_001,68.5,90.1,36.59,15.2,98.4,18.5,92,light_sleep,resting
2026-08-01T05:31:00Z,ATH_001,65.4,88.8,36.51,14.4,98.4,18.5,92,light_sleep,resting
2026-08-01T05:32:00Z,ATH_001,62.0,94.5,36.74,15.8,98.8,18.5,92,light_sleep,resting
2026-08-01T05:33:00Z,ATH_001,64.8,88.3,36.52,13.0,97.7,18.5,92,light_sleep,resting
2026-08-01T05:34:00Z,ATH_001,67.1,90.7,36.52,14.8,98.7,18.5,92,light_sleep,resting
2026-08-01T05:35:00Z,ATH_001,63.0,92.2,36.46,15.5,99.0,18.5,92,light_sleep,resting
2026-08-01T05:36:00Z,ATH_001,68.9,85.1,36.36,15.6,98.7,18.5,92,light_sleep,resting
2026-08-01T05:37:00Z,ATH_001,64.8,92.4,36.43,14.8,98.9,18.5,92,light_sleep,resting
2026-08-01T05:38:00Z,ATH_001,68.0,90.0,36.48,14.5,98.3,18.5,92,light_sleep,resting
2026-08-01T05:39:00Z,ATH_001,66.3,89.7,36.47,14.6,99.0,18.5,92,light_sleep,resting
2026-08-01T05:40:00Z,ATH_001,65.5,89.7,36.5,14.2,98.0,18.5,92,light_sleep,resting
2026-08-01T05:41:00Z,ATH_001,65.5,88.6,36.6,14.7,98.6,18.5,92,light_sleep,resting
2026-08-01T05:42:00Z,ATH_001,64.2,92.1,36.4,15.5,98.5,18.5,92,light_sleep,resting
2026-08-01T05:43:00Z,ATH_001,65.2,92.0,36.8,14.5,98.4,18.5,92,light_sleep,resting
2026-08-01T05:44:00Z,ATH_001,71.0,88.7,36.47,14.3,99.0,18.5,92,light_sleep,resting
2026-08-01T05:45:00Z,ATH_001,69.2,85.6,36.66,14.4,98.7,18.5,92,light_sleep,resting
2026-08-01T05:46:00Z,ATH_001,64.2,90.8,36.56,14.1,98.8,18.5,92,light_sleep,resting
2026-08-01T05:47:00Z,ATH_001,63.1,89.9,36.46,13.4,98.9,18.5,92,light_sleep,resting
2026-08-01T05:48:00Z,ATH_001,61.0,89.6,36.31,13.9,98.8,18.5,92,light_sleep,resting
2026-08-01T05:49:00Z,ATH_001,68.3,88.6,36.46,14.9,98.4,18.5,92,light_sleep,resting
2026-08-01T05:50:00Z,ATH_001,58.4,93.3,36.39,13.4,98.7,18.5,92,light_sleep,resting
2026-08-01T05:51:00Z,ATH_001,66.1,93.5,36.55,14.4,98.1,18.5,92,light_sleep,resting
2026-08-01T05:52:00Z,ATH_001,63.5,89.1,36.55,14.7,98.8,18.5,92,light_sleep,resting
2026-08-01T05:53:00Z,ATH_001,65.0,88.1,36.61,14.3,98.8,18.5,92,light_sleep,resting
2026-08-01T05:54:00Z,ATH_001,64.5,89.6,36.64,13.5,98.6,18.5,92,light_sleep,resting
2026-08-01T05:55:00Z,ATH_001,68.6,89.1,36.58,15.0,98.8,18.5,92,light_sleep,resting
2026-08-01T05:56:00Z,ATH_001,65.5,91.7,36.7,15.6,98.6,18.5,92,light_sleep,resting
2026-08-01T05:57:00Z,ATH_001,67.5,90.8,36.52,15.6,99.0,18.5,92,light_sleep,resting
2026-08-01T05:58:00Z,ATH_001,67.7,91.1,36.39,14.5,98.2,18.5,92,light_sleep,resting
2026-08-01T05:59:00Z,ATH_001,63.7,89.7,36.47,13.6,98.8,18.5,92,light_sleep,resting
2026-08-01T06:00:00Z,ATH_001,69.4,90.0,36.47,14.9,98.6,18.5,92,light_sleep,resting
2026-08-01T06:01:00Z,ATH_001,64.1,91.3,36.43,14.8,98.7,18.5,92,light_sleep,resting
2026-08-01T06:02:00Z,ATH_001,67.4,91.7,36.5,15.5,98.5,18.5,92,light_sleep,resting
2026-08-01T06:03:00Z,ATH_001,68.4,89.0,36.38,14.5,98.4,18.5,92,light_sleep,resting
2026-08-01T06:04:00Z,ATH_001,67.1,91.0,36.4,15.3,98.7,18.5,92,light_sleep,resting
2026-08-01T06:05:00Z,ATH_001,66.2,85.3,36.51,14.3,98.7,18.5,92,light_sleep,resting
2026-08-01T06:06:00Z,ATH_001,66.4,94.1,36.51,13.6,98.9,18.5,92,light_sleep,resting
2026-08-01T06:07:00Z,ATH_001,67.3,87.0,36.55,14.5,99.0,18.5,92,light_sleep,resting
2026-08-01T06:08:00Z,ATH_001,64.0,88.4,36.75,13.9,98.4,18.5,92,light_sleep,resting
2026-08-01T06:09:00Z,ATH_001,65.5,88.0,36.56,14.2,98.7,18.5,92,light_sleep,resting
2026-08-01T06:10:00Z,ATH_001,69.3,88.6,36.33,16.4,98.6,18.5,92,light_sleep,resting
2026-08-01T06:11:00Z,ATH_001,62.5,93.2,36.51,13.4,98.9,18.5,92,light_sleep,resting
2026-08-01T06:12:00Z,ATH_001,63.1,91.1,36.57,13.7,98.9,18.5,92,light_sleep,resting
2026-08-01T06:13:00Z,ATH_001,68.4,90.7,36.46,14.3,98.9,18.5,92,light_sleep,resting
2026-08-01T06:14:00Z,ATH_001,62.5,89.8,36.48,15.0,98.8,18.5,92,light_sleep,resting
2026-08-01T06:15:00Z,ATH_001,69.5,87.0,36.62,14.9,98.6,18.5,92,light_sleep,resting
2026-08-01T06:16:00Z,ATH_001,65.3,93.9,36.54,14.8,98.8,18.5,92,light_sleep,resting
2026-08-01T06:17:00Z,ATH_001,65.6,90.6,36.58,15.4,98.6,18.5,92,light_sleep,resting
2026-08-01T06:18:00Z,ATH_001,65.1,94.1,36.63,15.3,98.9,18.5,92,light_sleep,resting
2026-08-01T06:19:00Z,ATH_001,68.6,88.5,36.46,15.0,98.9,18.5,92,light_sleep,resting
2026-08-01T06:20:00Z,ATH_001,61.7,87.7,36.36,14.8,98.2,18.5,92,light_sleep,resting
2026-08-01T06:21:00Z,ATH_001,62.4,89.8,36.51,14.1,98.6,18.5,92,light_sleep,resting
2026-08-01T06:22:00Z,ATH_001,65.5,90.7,36.53,14.0,98.9,18.5,92,light_sleep,resting
2026-08-01T06:23:00Z,ATH_001,66.7,90.5,36.47,14.9,98.9,18.5,92,light_sleep,resting
2026-08-01T06:24:00Z,ATH_001,63.4,90.7,36.33,14.8,98.5,18.5,92,light_sleep,resting
2026-08-01T06:25:00Z,ATH_001,66.3,90.9,36.49,14.4,98.6,18.5,92,light_sleep,resting
2026-08-01T06:26:00Z,ATH_001,67.1,91.3,36.25,15.0,99.0,18.5,92,light_sleep,resting
2026-08-01T06:27:00Z,ATH_001,68.2,88.8,36.41,15.1,98.8,18.5,92,light_sleep,resting
2026-08-01T06:28:00Z,ATH_001,61.5,90.4,36.61,13.4,98.4,18.5,92,light_sleep,resting
2026-08-01T06:29:00Z,ATH_001,62.1,90.0,36.57,14.3,98.8,18.5,92,light_sleep,resting
2026-08-01T06:30:00Z,ATH_001,63.8,90.2,36.35,14.2,98.7,18.5,92,light_sleep,resting
2026-08-01T06:31:00Z,ATH_001,67.0,91.5,36.51,15.4,98.7,18.5,92,light_sleep,resting
2026-08-01T06:32:00Z,ATH_001,64.7,90.5,36.39,14.9,98.5,18.5,92,light_sleep,resting
2026-08-01T06:33:00Z,ATH_001,67.4,90.6,36.53,14.2,98.9,18.5,92,light_sleep,resting
2026-08-01T06:34:00Z,ATH_001,68.2,89.4,36.48,15.2,98.9,18.5,92,light_sleep,resting
2026-08-01T06:35:00Z,ATH_001,60.4,94.3,36.51,13.3,98.4,18.5,92,light_sleep,resting
2026-08-01T06:36:00Z,ATH_001,65.4,86.6,36.48,14.8,98.9,18.5,92,light_sleep,resting
2026-08-01T06:37:00Z,ATH_001,64.0,94.4,36.49,14.3,98.1,18.5,92,light_sleep,resting
2026-08-01T06:38:00Z,ATH_001,57.7,91.6,36.62,13.7,98.4,18.5,92,light_sleep,resting
2026-08-01T06:39:00Z,ATH_001,66.2,90.7,36.48,15.5,98.6,18.5,92,light_sleep,resting
2026-08-01T06:40:00Z,ATH_001,69.0,90.0,36.4,14.9,98.4,18.5,92,light_sleep,resting
2026-08-01T06:41:00Z,ATH_001,64.0,90.6,36.48,14.3,98.1,18.5,92,light_sleep,resting
2026-08-01T06:42:00Z,ATH_001,62.9,91.8,36.56,14.2,98.7,18.5,92,light_sleep,resting
2026-08-01T06:43:00Z,ATH_001,68.0,91.7,36.59,14.7,98.4,18.5,92,light_sleep,resting
2026-08-01T06:44:00Z,ATH_001,65.1,89.7,36.46,15.0,97.8,18.5,92,light_sleep,resting
2026-08-01T06:45:00Z,ATH_001,65.9,90.0,36.53,14.1,98.8,18.5,92,light_sleep,resting
2026-08-01T06:46:00Z,ATH_001,65.6,91.8,36.53,15.2,98.9,18.5,92,light_sleep,resting
2026-08-01T06:47:00Z,ATH_001,69.6,90.3,36.59,15.2,97.9,18.5,92,light_sleep,resting
2026-08-01T06:48:00Z,ATH_001,60.2,90.1,36.46,13.7,98.7,18.5,92,light_sleep,resting
2026-08-01T06:49:00Z,ATH_001,69.0,91.5,36.59,14.6,98.6,18.5,92,light_sleep,resting
2026-08-01T06:50:00Z,ATH_001,65.5,91.1,36.5,14.2,98.8,18.5,92,light_sleep,resting
2026-08-01T06:51:00Z,ATH_001,69.8,87.5,36.58,14.8,99.0,18.5,92,light_sleep,resting
2026-08-01T06:52:00Z,ATH_001,65.3,89.9,36.47,15.5,98.6,18.5,92,light_sleep,resting
2026-08-01T06:53:00Z,ATH_001,66.8,91.4,36.51,14.8,98.9,18.5,92,light_sleep,resting
2026-08-01T06:54:00Z,ATH_001,67.0,90.5,36.42,14.7,98.7,18.5,92,light_sleep,resting
2026-08-01T06:55:00Z,ATH_001,64.2,90.4,36.46,14.2,98.8,18.5,92,light_sleep,resting
2026-08-01T06:56:00Z,ATH_001,65.4,92.7,36.46,14.2,98.4,18.5,92,light_sleep,resting
2026-08-01T06:57:00Z,ATH_001,66.6,91.1,36.48,15.6,98.3,18.5,92,light_sleep,resting
2026-08-01T06:58:00Z,ATH_001,66.1,88.9,36.54,14.1,98.5,18.5,92,light_sleep,resting
2026-08-01T06:59:00Z,ATH_001,64.6,87.1,36.58,15.0,98.8,18.5,92,light_sleep,resting
2026-08-01T07:00:00Z,ATH_001,58.4,92.3,36.57,13.5,98.9,18.5,92,awake,light
2026-08-01T07:01:00Z,ATH_001,64.3,93.0,36.46,13.9,98.5,18.5,92,awake,light
2026-08-01T07:02:00Z,ATH_001,65.2,89.0,36.58,15.1,98.5,18.5,92,awake,light
2026-08-01T07:03:00Z,ATH_001,62.1,92.3,36.72,13.6,99.0,18.5,92,awake,light
2026-08-01T07:04:00Z,ATH_001,59.2,92.2,36.5,13.5,98.8,18.5,92,awake,light
2026-08-01T07:05:00Z,ATH_001,66.0,89.6,36.49,14.6,98.2,18.5,92,awake,light
2026-08-01T07:06:00Z,ATH_001,64.4,88.9,36.51,14.8,99.0,18.5,92,awake,light
2026-08-01T07:07:00Z,ATH_001,65.1,89.6,36.58,14.4,98.6,18.5,92,awake,light
2026-08-01T07:08:00Z,ATH_001,66.4,90.9,36.35,14.9,98.2,18.5,92,awake,light
2026-08-01T07:09:00Z,ATH_001,63.7,87.3,36.55,14.5,98.5,18.5,92,awake,light
2026-08-01T07:10:00Z,ATH_001,63.4,90.3,36.5,14.3,98.5,18.5,92,awake,light
2026-08-01T07:11:00Z,ATH_001,64.5,91.3,36.67,14.5,98.9,18.5,92,awake,light
2026-08-01T07:12:00Z,ATH_001,63.0,92.1,36.51,14.4,98.6,18.5,92,awake,light
2026-08-01T07:13:00Z,ATH_001,63.6,90.1,36.43,14.6,98.7,18.5,92,awake,light
2026-08-01T07:14:00Z,ATH_001,63.4,90.5,36.39,14.6,99.0,18.5,92,awake,light
2026-08-01T07:15:00Z,ATH_001,64.5,92.3,36.63,15.1,98.4,18.5,92,awake,light
2026-08-01T07:16:00Z,ATH_001,69.4,91.3,36.4,14.5,98.4,18.5,92,awake,light
2026-08-01T07:17:00Z,ATH_001,58.9,93.4,36.49,14.3,98.7,18.5,92,awake,light
2026-08-01T07:18:00Z,ATH_001,62.9,90.0,36.73,13.8,98.8,18.5,92,awake,light
2026-08-01T07:19:00Z,ATH_001,69.3,90.0,36.46,14.9,98.9,18.5,92,awake,light
2026-08-01T07:20:00Z,ATH_001,66.2,90.3,36.51,14.4,98.5,18.5,92,awake,light
2026-08-01T07:21:00Z,ATH_001,66.2,89.8,36.59,14.2,98.8,18.5,92,awake,light
2026-08-01T07:22:00Z,ATH_001,60.3,90.1,36.55,14.0,98.1,18.5,92,awake,light
2026-08-01T07:23:00Z,ATH_001,63.0,89.1,36.55,14.4,98.8,18.5,92,awake,light
2026-08-01T07:24:00Z,ATH_001,65.7,88.7,36.6,14.3,98.9,18.5,92,awake,light
2026-08-01T07:25:00Z,ATH_001,62.4,93.4,36.57,14.2,98.0,18.5,92,awake,light
2026-08-01T07:26:00Z,ATH_001,59.9,92.8,36.46,13.4,99.0,18.5,92,awake,light
2026-08-01T07:27:00Z,ATH_001,67.0,88.8,36.54,14.5,98.6,18.5,92,awake,light
2026-08-01T07:28:00Z,ATH_001,69.4,88.1,36.67,14.8,98.7,18.5,92,awake,light
2026-08-01T07:29:00Z,ATH_001,64.9,92.4,36.4,15.2,98.4,18.5,92,awake,light
2026-08-01T07:30:00Z,ATH_001,65.8,85.0,36.59,14.5,98.5,18.5,92,awake,light
2026-08-01T07:31:00Z,ATH_001,73.3,88.5,36.56,14.6,98.8,18.5,92,awake,light
2026-08-01T07:32:00Z,ATH_001,66.4,91.1,36.5,13.8,99.0,18.5,92,awake,light
2026-08-01T07:33:00Z,ATH_001,61.7,93.2,36.37,14.0,98.8,18.5,92,awake,light
2026-08-01T07:34:00Z,ATH_001,66.3,90.4,36.62,14.6,98.6,18.5,92,awake,light
2026-08-01T07:35:00Z,ATH_001,65.1,88.5,36.47,14.0,98.3,18.5,92,awake,light
2026-08-01T07:36:00Z,ATH_001,64.2,88.6,36.53,14.7,99.0,18.5,92,awake,light
2026-08-01T07:37:00Z,ATH_001,64.5,91.5,36.53,14.2,99.0,18.5,92,awake,light
2026-08-01T07:38:00Z,ATH_001,64.0,86.0,36.35,14.7,98.3,18.5,92,awake,light
2026-08-01T07:39:00Z,ATH_001,58.9,93.1,36.49,12.9,98.1,18.5,92,awake,light
2026-08-01T07:40:00Z,ATH_001,66.7,90.3,36.46,13.9,98.1,18.5,92,awake,light
2026-08-01T07:41:00Z,ATH_001,64.0,91.9,36.35,14.2,98.5,18.5,92,awake,light
2026-08-01T07:42:00Z,ATH_001,62.8,95.6,36.39,13.6,98.7,18.5,92,awake,light
2026-08-01T07:43:00Z,ATH_001,66.9,88.8,36.59,14.3,98.6,18.5,92,awake,light
2026-08-01T07:44:00Z,ATH_001,60.1,89.0,36.5,14.3,98.5,18.5,92,awake,light
2026-08-01T07:45:00Z,ATH_001,62.4,90.2,36.49,14.8,98.1,18.5,92,awake,light
2026-08-01T07:46:00Z,ATH_001,67.7,90.5,36.38,14.6,98.8,18.5,92,awake,light
2026-08-01T07:47:00Z,ATH_001,63.7,90.4,36.51,14.1,98.9,18.5,92,awake,light
2026-08-01T07:48:00Z,ATH_001,64.0,92.9,36.43,14.1,98.6,18.5,92,awake,light
2026-08-01T07:49:00Z,ATH_001,66.7,88.9,36.56,13.9,98.2,18.5,92,awake,light
2026-08-01T07:50:00Z,ATH_001,64.4,91.8,36.53,14.9,98.5,18.5,92,awake,light
2026-08-01T07:51:00Z,ATH_001,61.9,88.9,36.45,14.1,98.4,18.5,92,awake,light
2026-08-01T07:52:00Z,ATH_001,67.8,87.5,36.54,14.5,99.0,18.5,92,awake,light
2026-08-01T07:53:00Z,ATH_001,61.4,93.4,36.53,14.4,98.5,18.5,92,awake,light
2026-08-01T07:54:00Z,ATH_001,60.7,92.5,36.51,13.6,99.0,18.5,92,awake,light
2026-08-01T07:55:00Z,ATH_001,65.0,90.1,36.32,14.7,98.8,18.5,92,awake,light
2026-08-01T07:56:00Z,ATH_001,63.2,91.1,36.49,14.0,98.8,18.5,92,awake,light
2026-08-01T07:57:00Z,ATH_001,60.7,90.7,36.42,13.8,98.6,18.5,92,awake,light
2026-08-01T07:58:00Z,ATH_001,59.7,93.6,36.4,14.6,98.2,18.5,92,awake,light
2026-08-01T07:59:00Z,ATH_001,61.1,89.7,36.61,14.9,98.6,18.5,92,awake,light
2026-08-01T08:00:00Z,ATH_001,62.7,91.3,36.51,14.1,98.5,18.5,92,awake,light
2026-08-01T08:01:00Z,ATH_001,64.7,92.6,36.53,13.7,98.0,18.5,92,awake,light
2026-08-01T08:02:00Z,ATH_001,63.5,92.8,36.65,14.9,98.5,18.5,92,awake,light
2026-08-01T08:03:00Z,ATH_001,63.4,92.2,36.47,14.7,98.9,18.5,92,awake,light
2026-08-01T08:04:00Z,ATH_001,66.8,86.6,36.27,14.4,98.7,18.5,92,awake,light
2026-08-01T08:05:00Z,ATH_001,63.4,92.8,36.45,13.7,98.8,18.5,92,awake,light
2026-08-01T08:06:00Z,ATH_001,64.3,89.5,36.43,14.5,98.8,18.5,92,awake,light
2026-08-01T08:07:00Z,ATH_001,60.6,90.9,36.43,13.6,98.7,18.5,92,awake,light
2026-08-01T08:08:00Z,ATH_001,60.0,90.5,36.75,13.4,98.0,18.5,92,awake,light
2026-08-01T08:09:00Z,ATH_001,63.6,91.6,36.34,14.2,98.7,18.5,92,awake,light
2026-08-01T08:10:00Z,ATH_001,62.2,89.6,36.49,14.5,98.7,18.5,92,awake,light
2026-08-01T08:11:00Z,ATH_001,66.7,86.5,36.47,14.7,98.9,18.5,92,awake,light
2026-08-01T08:12:00Z,ATH_001,60.6,95.5,36.66,14.5,98.9,18.5,92,awake,light
2026-08-01T08:13:00Z,ATH_001,63.0,90.2,36.46,14.9,98.7,18.5,92,awake,light
2026-08-01T08:14:00Z,ATH_001,63.1,87.6,36.46,14.6,98.6,18.5,92,awake,light
2026-08-01T08:15:00Z,ATH_001,59.4,89.2,36.54,13.9,98.6,18.5,92,awake,light
2026-08-01T08:16:00Z,ATH_001,58.0,93.3,36.52,13.5,98.8,18.5,92,awake,light
2026-08-01T08:17:00Z,ATH_001,63.0,89.1,36.49,14.3,98.7,18.5,92,awake,light
2026-08-01T08:18:00Z,ATH_001,64.6,92.9,36.57,14.1,98.8,18.5,92,awake,light
2026-08-01T08:19:00Z,ATH_001,65.7,87.2,36.45,13.8,99.0,18.5,92,awake,light
2026-08-01T08:20:00Z,ATH_001,59.8,93.2,36.58,13.2,99.0,18.5,92,awake,light
2026-08-01T08:21:00Z,ATH_001,63.5,94.6,36.48,14.7,98.4,18.5,92,awake,light
2026-08-01T08:22:00Z,ATH_001,66.3,91.7,36.33,14.3,98.4,18.5,92,awake,light
2026-08-01T08:23:00Z,ATH_001,67.0,88.3,36.56,15.7,98.0,18.5,92,awake,light
2026-08-01T08:24:00Z,ATH_001,66.1,90.4,36.49,14.3,98.9,18.5,92,awake,light
2026-08-01T08:25:00Z,ATH_001,58.5,95.2,36.53,13.0,98.7,18.5,92,awake,light
2026-08-01T08:26:00Z,ATH_001,62.4,93.7,36.52,14.2,98.2,18.5,92,awake,light
2026-08-01T08:27:00Z,ATH_001,62.8,92.1,36.58,13.7,98.8,18.5,92,awake,light
2026-08-01T08:28:00Z,ATH_001,56.1,93.0,36.5,14.0,98.4,18.5,92,awake,light
2026-08-01T08:29:00Z,ATH_001,64.6,94.6,36.46,14.3,98.8,18.5,92,awake,light
2026-08-01T08:30:00Z,ATH_001,65.4,91.2,36.53,14.6,98.5,18.5,92,awake,light
2026-08-01T08:31:00Z,ATH_001,57.8,89.3,36.5,14.6,98.8,18.5,92,awake,light
2026-08-01T08:32:00Z,ATH_001,62.4,92.4,36.45,14.0,98.0,18.5,92,awake,light
2026-08-01T08:33:00Z,ATH_001,59.3,90.9,36.53,14.6,98.9,18.5,92,awake,light
2026-08-01T08:34:00Z,ATH_001,63.5,94.0,36.41,14.3,98.2,18.5,92,awake,light
2026-08-01T08:35:00Z,ATH_001,62.7,92.5,36.58,13.2,98.1,18.5,92,awake,light
2026-08-01T08:36:00Z,ATH_001,57.1,95.8,36.47,13.5,98.5,18.5,92,awake,light
2026-08-01T08:37:00Z,ATH_001,58.7,93.7,36.38,13.6,98.6,18.5,92,awake,light
2026-08-01T08:38:00Z,ATH_001,69.0,91.9,36.54,15.1,98.8,18.5,92,awake,light
2026-08-01T08:39:00Z,ATH_001,66.0,87.0,36.51,15.4,98.7,18.5,92,awake,light
2026-08-01T08:40:00Z,ATH_001,63.2,88.1,36.65,14.3,98.6,18.5,92,awake,light
2026-08-01T08:41:00Z,ATH_001,63.9,92.6,36.46,14.7,98.2,18.5,92,awake,light
2026-08-01T08:42:00Z,ATH_001,59.9,90.5,36.46,14.1,98.7,18.5,92,awake,light
2026-08-01T08:43:00Z,ATH_001,59.5,94.6,36.33,13.1,98.8,18.5,92,awake,light
2026-08-01T08:44:00Z,ATH_001,59.2,92.6,36.51,13.4,98.9,18.5,92,awake,light
2026-08-01T08:45:00Z,ATH_001,60.0,93.0,36.74,14.1,98.6,18.5,92,awake,light
2026-08-01T08:46:00Z,ATH_001,62.7,89.3,36.48,14.0,98.5,18.5,92,awake,light
2026-08-01T08:47:00Z,ATH_001,59.8,90.5,36.44,14.7,98.6,18.5,92,awake,light
2026-08-01T08:48:00Z,ATH_001,60.9,92.5,36.56,14.0,99.0,18.5,92,awake,light
2026-08-01T08:49:00Z,ATH_001,56.2,92.6,36.59,13.8,98.8,18.5,92,awake,light
2026-08-01T08:50:00Z,ATH_001,60.5,94.5,36.38,15.0,98.3,18.5,92,awake,light
2026-08-01T08:51:00Z,ATH_001,63.3,91.4,36.65,14.3,98.7,18.5,92,awake,light
2026-08-01T08:52:00Z,ATH_001,61.7,92.6,36.55,14.7,98.8,18.5,92,awake,light
2026-08-01T08:53:00Z,ATH_001,59.8,94.6,36.52,14.6,98.8,18.5,92,awake,light
2026-08-01T08:54:00Z,ATH_001,64.4,90.0,36.55,14.0,98.6,18.5,92,awake,light
2026-08-01T08:55:00Z,ATH_001,56.3,92.4,36.58,13.5,98.8,18.5,92,awake,light
2026-08-01T08:56:00Z,ATH_001,57.2,93.9,36.39,13.9,98.4,18.5,92,awake,light
2026-08-01T08:57:00Z,ATH_001,54.2,91.0,36.3,13.2,97.9,18.5,92,awake,light
2026-08-01T08:58:00Z,ATH_001,60.7,94.3,36.52,12.6,99.0,18.5,92,awake,light
2026-08-01T08:59:00Z,ATH_001,66.2,92.2,36.45,14.9,98.9,18.5,92,awake,light
2026-08-01T09:00:00Z,ATH_001,59.3,91.0,36.43,14.0,98.4,18.5,92,awake,light
2026-08-01T09:01:00Z,ATH_001,63.2,92.0,36.54,14.1,98.0,18.5,92,awake,light
2026-08-01T09:02:00Z,ATH_001,61.8,92.6,36.57,14.6,98.9,18.5,92,awake,light
2026-08-01T09:03:00Z,ATH_001,67.7,88.8,36.69,14.6,99.0,18.5,92,awake,light
2026-08-01T09:04:00Z,ATH_001,60.7,91.5,36.39,13.8,99.0,18.5,92,awake,light
2026-08-01T09:05:00Z,ATH_001,68.0,87.2,36.52,15.7,98.9,18.5,92,awake,light
2026-08-01T09:06:00Z,ATH_001,65.5,88.6,36.58,13.7,98.7,18.5,92,awake,light
2026-08-01T09:07:00Z,ATH_001,58.7,94.1,36.41,13.3,98.7,18.5,92,awake,light
2026-08-01T09:08:00Z,ATH_001,62.0,92.8,36.69,14.8,98.2,18.5,92,awake,light
2026-08-01T09:09:00Z,ATH_001,58.7,93.5,36.56,13.7,98.8,18.5,92,awake,light
2026-08-01T09:10:00Z,ATH_001,59.9,93.3,36.38,14.5,98.8,18.5,92,awake,light
2026-08-01T09:11:00Z,ATH_001,61.4,91.9,36.48,14.2,98.4,18.5,92,awake,light
2026-08-01T09:12:00Z,ATH_001,62.6,90.7,36.54,15.0,98.5,18.5,92,awake,light
2026-08-01T09:13:00Z,ATH_001,58.0,92.3,36.56,14.2,99.0,18.5,92,awake,light
2026-08-01T09:14:00Z,ATH_001,59.5,93.0,36.53,14.0,99.0,18.5,92,awake,light
2026-08-01T09:15:00Z,ATH_001,57.5,90.2,36.71,14.5,98.5,18.5,92,awake,light
2026-08-01T09:16:00Z,ATH_001,56.5,94.6,36.4,13.3,99.0,18.5,92,awake,light
2026-08-01T09:17:00Z,ATH_001,60.5,90.3,36.53,13.1,98.3,18.5,92,awake,light
2026-08-01T09:18:00Z,ATH_001,59.1,92.3,36.63,13.3,98.9,18.5,92,awake,light
2026-08-01T09:19:00Z,ATH_001,60.4,93.1,36.59,14.2,98.5,18.5,92,awake,light
2026-08-01T09:20:00Z,ATH_001,60.6,94.6,36.58,13.3,98.7,18.5,92,awake,light
2026-08-01T09:21:00Z,ATH_001,63.5,88.3,36.5,14.2,98.7,18.5,92,awake,light
2026-08-01T09:22:00Z,ATH_001,62.4,91.1,36.47,13.8,98.8,18.5,92,awake,light
2026-08-01T09:23:00Z,ATH_001,57.4,93.2,36.44,13.2,98.9,18.5,92,awake,light
2026-08-01T09:24:00Z,ATH_001,64.4,88.1,36.57,14.1,98.7,18.5,92,awake,light
2026-08-01T09:25:00Z,ATH_001,54.5,93.8,36.48,13.1,98.5,18.5,92,awake,light
2026-08-01T09:26:00Z,ATH_001,56.3,93.7,36.44,12.6,97.8,18.5,92,awake,light
2026-08-01T09:27:00Z,ATH_001,55.3,92.2,36.63,13.2,98.6,18.5,92,awake,light
2026-08-01T09:28:00Z,ATH_001,58.7,92.6,36.53,14.5,98.5,18.5,92,awake,light
2026-08-01T09:29:00Z,ATH_001,61.5,91.8,36.54,13.9,98.4,18.5,92,awake,light
2026-08-01T09:30:00Z,ATH_001,56.0,92.5,36.63,13.6,98.4,18.5,92,awake,light
2026-08-01T09:31:00Z,ATH_001,65.1,89.9,36.6,15.0,98.8,18.5,92,awake,light
2026-08-01T09:32:00Z,ATH_001,54.9,97.3,36.72,12.9,98.1,18.5,92,awake,light
2026-08-01T09:33:00Z,ATH_001,58.8,94.3,36.54,13.6,98.4,18.5,92,awake,light
2026-08-01T09:34:00Z,ATH_001,60.8,93.4,36.48,14.2,98.5,18.5,92,awake,light
2026-08-01T09:35:00Z,ATH_001,56.0,94.8,36.55,13.8,98.0,18.5,92,awake,light
2026-08-01T09:36:00Z,ATH_001,57.5,92.3,36.49,13.7,98.9,18.5,92,awake,light
2026-08-01T09:37:00Z,ATH_001,58.7,92.0,36.53,13.7,98.9,18.5,92,awake,light
2026-08-01T09:38:00Z,ATH_001,60.6,92.0,36.44,14.0,98.1,18.5,92,awake,light
2026-08-01T09:39:00Z,ATH_001,57.3,89.9,36.27,13.7,98.4,18.5,92,awake,light
2026-08-01T09:40:00Z,ATH_001,58.9,91.6,36.35,13.2,98.9,18.5,92,awake,light
2026-08-01T09:41:00Z,ATH_001,58.1,93.9,36.46,13.1,99.0,18.5,92,awake,light
2026-08-01T09:42:00Z,ATH_001,57.3,95.3,36.38,13.6,98.9,18.5,92,awake,light
2026-08-01T09:43:00Z,ATH_001,59.1,92.3,36.53,13.9,98.5,18.5,92,awake,light
2026-08-01T09:44:00Z,ATH_001,60.0,94.9,36.43,13.9,98.6,18.5,92,awake,light
2026-08-01T09:45:00Z,ATH_001,54.7,92.2,36.43,13.2,98.9,18.5,92,awake,light
2026-08-01T09:46:00Z,ATH_001,61.0,92.2,36.49,13.8,98.8,18.5,92,awake,light
2026-08-01T09:47:00Z,ATH_001,53.3,98.7,36.52,13.5,98.7,18.5,92,awake,light
2026-08-01T09:48:00Z,ATH_001,54.5,93.9,36.61,12.9,98.5,18.5,92,awake,light
2026-08-01T09:49:00Z,ATH_001,61.0,91.9,36.51,14.8,98.5,18.5,92,awake,light
2026-08-01T09:50:00Z,ATH_001,50.0,97.0,36.49,11.7,98.8,18.5,92,awake,light
2026-08-01T09:51:00Z,ATH_001,52.7,94.6,36.49,13.2,98.9,18.5,92,awake,light
2026-08-01T09:52:00Z,ATH_001,60.3,93.8,36.49,13.7,98.4,18.5,92,awake,light
2026-08-01T09:53:00Z,ATH_001,60.9,96.7,36.41,14.0,99.0,18.5,92,awake,light
2026-08-01T09:54:00Z,ATH_001,55.0,90.5,36.6,14.1,98.5,18.5,92,awake,light
2026-08-01T09:55:00Z,ATH_001,56.0,92.5,36.43,13.9,98.9,18.5,92,awake,light
2026-08-01T09:56:00Z,ATH_001,56.6,95.1,36.42,12.8,98.8,18.5,92,awake,light
2026-08-01T09:57:00Z,ATH_001,58.5,94.8,36.5,14.4,98.2,18.5,92,awake,light
2026-08-01T09:58:00Z,ATH_001,64.2,90.3,36.48,15.5,98.7,18.5,92,awake,light
2026-08-01T09:59:00Z,ATH_001,57.1,93.6,36.68,13.6,97.9,18.5,92,awake,light
2026-08-01T10:00:00Z,ATH_001,56.1,96.5,36.46,14.0,98.7,18.5,92,awake,light
2026-08-01T10:01:00Z,ATH_001,60.7,93.4,36.28,13.5,98.7,18.5,92,awake,light
2026-08-01T10:02:00Z,ATH_001,55.1,96.1,36.47,13.4,98.6,18.5,92,awake,light
2026-08-01T10:03:00Z,ATH_001,60.4,92.5,36.53,15.1,99.0,18.5,92,awake,light
2026-08-01T10:04:00Z,ATH_001,59.6,91.0,36.49,14.1,98.7,18.5,92,awake,light
2026-08-01T10:05:00Z,ATH_001,53.6,97.8,36.56,12.4,98.4,18.5,92,awake,light
2026-08-01T10:06:00Z,ATH_001,55.6,93.3,36.37,13.0,98.9,18.5,92,awake,light
2026-08-01T10:07:00Z,ATH_001,58.2,93.7,36.36,13.1,98.7,18.5,92,awake,light
2026-08-01T10:08:00Z,ATH_001,55.7,92.0,36.53,13.9,98.8,18.5,92,awake,light
2026-08-01T10:09:00Z,ATH_001,58.1,91.6,36.43,14.3,98.5,18.5,92,awake,light
2026-08-01T10:10:00Z,ATH_001,52.8,93.8,36.54,13.8,97.9,18.5,92,awake,light
2026-08-01T10:11:00Z,ATH_001,55.8,94.2,36.59,13.1,98.7,18.5,92,awake,light
2026-08-01T10:12:00Z,ATH_001,55.8,96.9,36.54,13.4,98.1,18.5,92,awake,light
2026-08-01T10:13:00Z,ATH_001,53.9,96.4,36.43,13.1,98.2,18.5,92,awake,light
2026-08-01T10:14:00Z,ATH_001,57.6,95.9,36.32,14.1,98.3,18.5,92,awake,light
2026-08-01T10:15:00Z,ATH_001,56.1,91.4,36.52,13.4,98.7,18.5,92,awake,light
2026-08-01T10:16:00Z,ATH_001,54.2,97.2,36.53,12.8,98.9,18.5,92,awake,light
2026-08-01T10:17:00Z,ATH_001,58.9,89.6,36.54,14.1,98.8,18.5,92,awake,light
2026-08-01T10:18:00Z,ATH_001,54.1,92.8,36.58,13.0,98.6,18.5,92,awake,light
2026-08-01T10:19:00Z,ATH_001,51.0,96.6,36.43,13.2,99.0,18.5,92,awake,light
2026-08-01T10:20:00Z,ATH_001,54.6,90.0,36.57,14.6,98.8,18.5,92,awake,light
2026-08-01T10:21:00Z,ATH_001,52.7,98.2,36.48,13.3,98.8,18.5,92,awake,light
2026-08-01T10:22:00Z,ATH_001,53.0,93.5,36.5,13.8,98.6,18.5,92,awake,light
2026-08-01T10:23:00Z,ATH_001,61.0,92.1,36.39,13.7,98.1,18.5,92,awake,light
2026-08-01T10:24:00Z,ATH_001,60.3,92.6,36.42,13.4,98.9,18.5,92,awake,light
2026-08-01T10:25:00Z,ATH_001,55.2,99.8,36.59,13.6,98.9,18.5,92,awake,light
2026-08-01T10:26:00Z,ATH_001,57.9,93.7,36.39,13.4,98.8,18.5,92,awake,light
2026-08-01T10:27:00Z,ATH_001,52.0,93.6,36.54,14.0,99.0,18.5,92,awake,light
2026-08-01T10:28:00Z,ATH_001,55.4,93.1,36.45,14.3,98.4,18.5,92,awake,light
2026-08-01T10:29:00Z,ATH_001,57.6,92.0,36.54,13.4,98.7,18.5,92,awake,light
2026-08-01T10:30:00Z,ATH_001,53.9,91.9,36.5,12.6,98.5,18.5,92,awake,light
2026-08-01T10:31:00Z,ATH_001,56.4,93.0,36.52,13.1,99.0,18.5,92,awake,light
2026-08-01T10:32:00Z,ATH_001,57.3,93.1,36.5,13.2,98.9,18.5,92,awake,light
2026-08-01T10:33:00Z,ATH_001,55.7,90.8,36.59,13.4,98.0,18.5,92,awake,light
2026-08-01T10:34:00Z,ATH_001,49.6,98.4,36.64,14.0,98.2,18.5,92,awake,light
2026-08-01T10:35:00Z,ATH_001,61.3,93.6,36.62,13.5,98.9,18.5,92,awake,light
2026-08-01T10:36:00Z,ATH_001,58.0,94.4,36.44,13.8,98.8,18.5,92,awake,light
2026-08-01T10:37:00Z,ATH_001,56.8,95.9,36.63,14.5,98.6,18.5,92,awake,light
2026-08-01T10:38:00Z,ATH_001,47.8,96.2,36.44,13.5,98.5,18.5,92,awake,light
2026-08-01T10:39:00Z,ATH_001,52.2,95.3,36.69,12.5,98.4,18.5,92,awake,light
2026-08-01T10:40:00Z,ATH_001,57.4,95.9,36.54,14.1,98.4,18.5,92,awake,light
2026-08-01T10:41:00Z,ATH_001,52.4,92.5,36.59,13.2,98.6,18.5,92,awake,light
2026-08-01T10:42:00Z,ATH_001,54.7,93.1,36.57,13.3,97.4,18.5,92,awake,light
2026-08-01T10:43:00Z,ATH_001,55.6,90.6,36.65,12.7,98.9,18.5,92,awake,light
2026-08-01T10:44:00Z,ATH_001,51.5,93.1,36.58,12.4,98.6,18.5,92,awake,light
2026-08-01T10:45:00Z,ATH_001,54.7,95.1,36.39,12.9,98.6,18.5,92,awake,light
2026-08-01T10:46:00Z,ATH_001,54.5,92.0,36.42,13.1,98.8,18.5,92,awake,light
2026-08-01T10:47:00Z,ATH_001,56.4,94.1,36.43,13.3,98.5,18.5,92,awake,light
2026-08-01T10:48:00Z,ATH_001,51.7,92.1,36.5,12.9,98.8,18.5,92,awake,light
2026-08-01T10:49:00Z,ATH_001,48.8,97.5,36.47,13.5,98.7,18.5,92,awake,light
2026-08-01T10:50:00Z,ATH_001,52.9,92.2,36.4,13.5,98.5,18.5,92,awake,light
2026-08-01T10:51:00Z,ATH_001,50.9,100.3,36.41,12.7,98.2,18.5,92,awake,light
2026-08-01T10:52:00Z,ATH_001,55.3,90.2,36.65,13.0,98.6,18.5,92,awake,light
2026-08-01T10:53:00Z,ATH_001,50.9,89.9,36.49,13.1,98.4,18.5,92,awake,light
2026-08-01T10:54:00Z,ATH_001,51.2,92.4,36.4,13.1,98.5,18.5,92,awake,light
2026-08-01T10:55:00Z,ATH_001,55.6,90.9,36.36,13.6,98.8,18.5,92,awake,light
2026-08-01T10:56:00Z,ATH_001,50.5,97.6,36.46,12.7,98.4,18.5,92,awake,light
2026-08-01T10:57:00Z,ATH_001,59.3,92.4,36.35,13.7,98.3,18.5,92,awake,light
2026-08-01T10:58:00Z,ATH_001,53.8,94.6,36.47,13.8,98.6,18.5,92,awake,light
2026-08-01T10:59:00Z,ATH_001,52.3,91.1,36.52,13.4,98.4,18.5,92,awake,light
2026-08-01T11:00:00Z,ATH_001,51.3,96.2,36.41,12.7,98.3,18.5,92,awake,light
2026-08-01T11:01:00Z,ATH_001,57.1,94.3,36.57,14.8,97.9,18.5,92,awake,light
2026-08-01T11:02:00Z,ATH_001,53.2,96.6,36.62,12.6,99.0,18.5,92,awake,light
2026-08-01T11:03:00Z,ATH_001,51.9,94.2,36.53,13.0,98.7,18.5,92,awake,light
2026-08-01T11:04:00Z,ATH_001,52.7,94.1,36.42,13.9,98.6,18.5,92,awake,light
2026-08-01T11:05:00Z,ATH_001,51.6,90.5,36.37,13.4,98.8,18.5,92,awake,light
2026-08-01T11:06:00Z,ATH_001,53.2,97.7,36.48,12.7,98.8,18.5,92,awake,light
2026-08-01T11:07:00Z,ATH_001,57.9,90.5,36.39,13.5,99.0,18.5,92,awake,light
2026-08-01T11:08:00Z,ATH_001,52.8,92.4,36.64,14.0,98.8,18.5,92,awake,light
2026-08-01T11:09:00Z,ATH_001,57.1,96.9,36.63,12.9,98.7,18.5,92,awake,light
2026-08-01T11:10:00Z,ATH_001,54.5,97.0,36.41,13.5,99.0,18.5,92,awake,light
2026-08-01T11:11:00Z,ATH_001,50.9,92.8,36.5,13.4,98.8,18.5,92,awake,light
2026-08-01T11:12:00Z,ATH_001,50.5,93.8,36.43,12.6,98.9,18.5,92,awake,light
2026-08-01T11:13:00Z,ATH_001,54.8,93.7,36.49,13.9,98.9,18.5,92,awake,light
2026-08-01T11:14:00Z,ATH_001,56.6,94.2,36.53,13.0,98.5,18.5,92,awake,light
2026-08-01T11:15:00Z,ATH_001,54.7,89.6,36.58,12.6,98.6,18.5,92,awake,light
2026-08-01T11:16:00Z,ATH_001,55.0,90.9,36.41,14.3,98.0,18.5,92,awake,light
2026-08-01T11:17:00Z,ATH_001,47.9,96.0,36.5,13.1,98.9,18.5,92,awake,light
2026-08-01T11:18:00Z,ATH_001,46.0,95.3,36.53,13.7,98.9,18.5,92,awake,light
2026-08-01T11:19:00Z,ATH_001,44.6,95.4,36.63,12.7,98.7,18.5,92,awake,light
2026-08-01T11:20:00Z,ATH_001,50.3,93.8,36.45,12.5,98.9,18.5,92,awake,light
2026-08-01T11:21:00Z,ATH_001,47.7,96.1,36.52,12.8,97.8,18.5,92,awake,light
2026-08-01T11:22:00Z,ATH_001,53.1,98.6,36.48,12.9,98.6,18.5,92,awake,light
2026-08-01T11:23:00Z,ATH_001,51.9,92.3,36.51,13.4,98.9,18.5,92,awake,light
2026-08-01T11:24:00Z,ATH_001,49.6,93.6,36.55,13.5,98.0,18.5,92,awake,light
2026-08-01T11:25:00Z,ATH_001,49.9,93.0,36.51,12.3,98.9,18.5,92,awake,light
2026-08-01T11:26:00Z,ATH_001,58.1,92.5,36.36,14.2,98.9,18.5,92,awake,light
2026-08-01T11:27:00Z,ATH_001,51.3,94.9,36.51,13.4,98.0,18.5,92,awake,light
2026-08-01T11:28:00Z,ATH_001,50.3,97.9,36.56,13.9,99.0,18.5,92,awake,light
2026-08-01T11:29:00Z,ATH_001,51.5,93.6,36.71,13.0,98.5,18.5,92,awake,light
2026-08-01T11:30:00Z,ATH_001,48.7,95.9,36.41,12.4,98.7,18.5,92,awake,light
2026-08-01T11:31:00Z,ATH_001,48.0,95.3,36.64,13.2,98.8,18.5,92,awake,light
2026-08-01T11:32:00Z,ATH_001,50.9,96.4,36.62,13.1,98.6,18.5,92,awake,light
2026-08-01T11:33:00Z,ATH_001,55.3,97.3,36.36,12.6,98.9,18.5,92,awake,light
2026-08-01T11:34:00Z,ATH_001,51.4,97.9,36.61,13.0,98.6,18.5,92,awake,light
2026-08-01T11:35:00Z,ATH_001,52.9,94.5,36.57,13.3,99.0,18.5,92,awake,light
2026-08-01T11:36:00Z,ATH_001,51.0,94.4,36.68,12.9,98.8,18.5,92,awake,light
2026-08-01T11:37:00Z,ATH_001,55.2,92.7,36.48,12.6,98.9,18.5,92,awake,light
2026-08-01T11:38:00Z,ATH_001,55.5,94.8,36.46,14.6,98.9,18.5,92,awake,light
2026-08-01T11:39:00Z,ATH_001,52.9,94.5,36.53,13.9,98.9,18.5,92,awake,light
2026-08-01T11:40:00Z,ATH_001,49.4,88.1,36.61,13.1,98.4,18.5,92,awake,light
2026-08-01T11:41:00Z,ATH_001,47.7,96.9,36.42,12.4,98.5,18.5,92,awake,light
2026-08-01T11:42:00Z,ATH_001,52.0,94.0,36.38,13.0,98.1,18.5,92,awake,light
2026-08-01T11:43:00Z,ATH_001,57.9,93.6,36.56,14.3,98.5,18.5,92,awake,light
2026-08-01T11:44:00Z,ATH_001,60.1,90.1,36.48,13.5,98.9,18.5,92,awake,light
2026-08-01T11:45:00Z,ATH_001,49.6,93.5,36.55,12.7,98.8,18.5,92,awake,light
2026-08-01T11:46:00Z,ATH_001,45.8,95.3,36.42,12.1,98.9,18.5,92,awake,light
2026-08-01T11:47:00Z,ATH_001,50.6,95.0,36.37,13.7,98.6,18.5,92,awake,light
2026-08-01T11:48:00Z,ATH_001,48.4,93.5,36.57,12.7,98.2,18.5,92,awake,light
2026-08-01T11:49:00Z,ATH_001,49.7,95.2,36.48,13.3,99.0,18.5,92,awake,light
2026-08-01T11:50:00Z,ATH_001,50.9,93.1,36.55,13.3,98.8,18.5,92,awake,light
2026-08-01T11:51:00Z,ATH_001,50.8,93.7,36.45,13.0,98.7,18.5,92,awake,light
2026-08-01T11:52:00Z,ATH_001,49.5,93.2,36.39,14.2,98.5,18.5,92,awake,light
2026-08-01T11:53:00Z,ATH_001,50.1,97.3,36.6,12.6,98.7,18.5,92,awake,light
2026-08-01T11:54:00Z,ATH_001,50.6,95.8,36.51,13.0,98.8,18.5,92,awake,light
2026-08-01T11:55:00Z,ATH_001,56.2,89.9,36.46,13.4,98.5,18.5,92,awake,light
2026-08-01T11:56:00Z,ATH_001,46.7,93.3,36.48,13.3,98.9,18.5,92,awake,light
2026-08-01T11:57:00Z,ATH_001,53.7,92.4,36.55,13.0,98.4,18.5,92,awake,light
2026-08-01T11:58:00Z,ATH_001,48.5,95.7,36.41,13.1,98.5,18.5,92,awake,light
2026-08-01T11:59:00Z,ATH_001,46.0,95.7,36.49,12.6,98.8,18.5,92,awake,light
2026-08-01T12:00:00Z,ATH_001,50.3,94.9,36.51,12.0,98.8,18.5,92,awake,light
2026-08-01T12:01:00Z,ATH_001,52.4,94.0,36.48,13.9,98.5,18.5,92,awake,light
2026-08-01T12:02:00Z,ATH_001,48.7,94.0,36.33,12.7,98.6,18.5,92,awake,light
2026-08-01T12:03:00Z,ATH_001,54.0,93.5,36.54,12.1,97.8,18.5,92,awake,light
2026-08-01T12:04:00Z,ATH_001,50.4,97.1,36.55,12.2,98.5,18.5,92,awake,light
2026-08-01T12:05:00Z,ATH_001,48.1,93.0,36.6,12.8,99.0,18.5,92,awake,light
2026-08-01T12:06:00Z,ATH_001,44.6,95.0,36.56,12.0,98.5,18.5,92,awake,light
2026-08-01T12:07:00Z,ATH_001,54.0,97.6,36.34,13.9,98.1,18.5,92,awake,light
2026-08-01T12:08:00Z,ATH_001,51.4,93.2,36.51,12.5,98.4,18.5,92,awake,light
2026-08-01T12:09:00Z,ATH_001,51.6,92.1,36.56,13.3,98.9,18.5,92,awake,light
2026-08-01T12:10:00Z,ATH_001,48.7,97.5,36.33,12.6,98.8,18.5,92,awake,light
2026-08-01T12:11:00Z,ATH_001,51.1,95.1,36.53,12.4,99.0,18.5,92,awake,light
2026-08-01T12:12:00Z,ATH_001,47.3,97.9,36.58,13.7,99.0,18.5,92,awake,light
2026-08-01T12:13:00Z,ATH_001,51.8,94.1,36.41,14.2,98.2,18.5,92,awake,light
2026-08-01T12:14:00Z,ATH_001,46.2,94.7,36.47,13.6,98.9,18.5,92,awake,light
2026-08-01T12:15:00Z,ATH_001,42.5,100.5,36.38,11.6,97.6,18.5,92,awake,light
2026-08-01T12:16:00Z,ATH_001,48.0,96.5,36.43,12.5,98.1,18.5,92,awake,light
2026-08-01T12:17:00Z,ATH_001,48.4,94.6,36.44,12.8,98.6,18.5,92,awake,light
2026-08-01T12:18:00Z,ATH_001,50.5,94.7,36.47,12.7,98.8,18.5,92,awake,light
2026-08-01T12:19:00Z,ATH_001,49.2,93.3,36.61,13.0,98.3,18.5,92,awake,light
2026-08-01T12:20:00Z,ATH_001,50.0,93.2,36.6,13.1,98.9,18.5,92,awake,light
2026-08-01T12:21:00Z,ATH_001,52.0,97.1,36.59,13.6,98.4,18.5,92,awake,light
2026-08-01T12:22:00Z,ATH_001,45.2,93.1,36.53,12.5,99.0,18.5,92,awake,light
2026-08-01T12:23:00Z,ATH_001,47.5,98.3,36.55,14.5,98.4,18.5,92,awake,light
2026-08-01T12:24:00Z,ATH_001,51.6,95.1,36.31,12.4,98.7,18.5,92,awake,light
2026-08-01T12:25:00Z,ATH_001,50.8,98.0,36.49,12.9,98.0,18.5,92,awake,light
2026-08-01T12:26:00Z,ATH_001,50.6,95.2,36.59,13.5,98.7,18.5,92,awake,light
2026-08-01T12:27:00Z,ATH_001,44.0,94.7,36.47,13.6,98.9,18.5,92,awake,light
2026-08-01T12:28:00Z,ATH_001,47.5,95.1,36.53,12.8,98.7,18.5,92,awake,light
2026-08-01T12:29:00Z,ATH_001,52.3,95.5,36.5,13.6,98.8,18.5,92,awake,light
2026-08-01T12:30:00Z,ATH_001,47.9,94.0,36.73,12.4,98.5,18.5,92,awake,light
2026-08-01T12:31:00Z,ATH_001,48.4,95.5,36.59,13.3,98.6,18.5,92,awake,light
2026-08-01T12:32:00Z,ATH_001,46.3,100.3,36.41,12.3,98.7,18.5,92,awake,light
2026-08-01T12:33:00Z,ATH_001,44.0,96.8,36.61,11.7,98.6,18.5,92,awake,light
2026-08-01T12:34:00Z,ATH_001,48.2,95.9,36.53,12.4,98.8,18.5,92,awake,light
2026-08-01T12:35:00Z,ATH_001,43.8,96.1,36.43,12.1,99.0,18.5,92,awake,light
2026-08-01T12:36:00Z,ATH_001,55.5,95.4,36.63,13.7,98.7,18.5,92,awake,light
2026-08-01T12:37:00Z,ATH_001,44.5,96.6,36.45,12.3,98.4,18.5,92,awake,light
2026-08-01T12:38:00Z,ATH_001,48.2,91.3,36.48,13.1,98.3,18.5,92,awake,light
2026-08-01T12:39:00Z,ATH_001,50.2,99.1,36.65,13.5,98.8,18.5,92,awake,light
2026-08-01T12:40:00Z,ATH_001,47.8,95.3,36.6,11.9,98.7,18.5,92,awake,light
2026-08-01T12:41:00Z,ATH_001,49.9,97.4,36.6,13.2,98.2,18.5,92,awake,light
2026-08-01T12:42:00Z,ATH_001,48.1,96.3,36.64,13.6,98.7,18.5,92,awake,light
2026-08-01T12:43:00Z,ATH_001,46.8,94.3,36.67,11.9,98.3,18.5,92,awake,light
2026-08-01T12:44:00Z,ATH_001,43.9,96.8,36.43,12.4,99.0,18.5,92,awake,light
2026-08-01T12:45:00Z,ATH_001,45.5,97.5,36.41,12.4,99.0,18.5,92,awake,light
2026-08-01T12:46:00Z,ATH_001,49.2,94.9,36.6,13.1,98.5,18.5,92,awake,light
2026-08-01T12:47:00Z,ATH_001,45.7,100.7,36.45,12.4,98.9,18.5,92,awake,light
2026-08-01T12:48:00Z,ATH_001,48.1,94.7,36.34,12.7,98.9,18.5,92,awake,light
2026-08-01T12:49:00Z,ATH_001,43.9,96.9,36.53,12.7,98.0,18.5,92,awake,light
2026-08-01T12:50:00Z,ATH_001,49.9,95.1,36.59,13.0,99.0,18.5,92,awake,light
2026-08-01T12:51:00Z,ATH_001,49.5,93.0,36.55,13.4,98.5,18.5,92,awake,light
2026-08-01T12:52:00Z,ATH_001,45.2,93.3,36.42,12.2,98.0,18.5,92,awake,light
2026-08-01T12:53:00Z,ATH_001,40.6,98.5,36.57,12.2,99.0,18.5,92,awake,light
2026-08-01T12:54:00Z,ATH_001,47.6,98.8,36.26,13.5,98.1,18.5,92,awake,light
2026-08-01T12:55:00Z,ATH_001,46.1,96.3,36.53,12.0,98.2,18.5,92,awake,light
2026-08-01T12:56:00Z,ATH_001,52.4,93.5,36.42,13.6,98.8,18.5,92,awake,light
2026-08-01T12:57:00Z,ATH_001,40.3,101.7,36.75,11.7,98.5,18.5,92,awake,light
2026-08-01T12:58:00Z,ATH_001,44.0,97.0,36.39,11.8,97.8,18.5,92,awake,light
2026-08-01T12:59:00Z,ATH_001,48.1,99.1,36.24,12.6,98.8,18.5,92,awake,light
2026-08-01T13:00:00Z,ATH_001,45.6,95.1,36.28,13.4,98.8,18.5,92,awake,light
2026-08-01T13:01:00Z,ATH_001,39.9,96.9,36.54,12.2,98.7,18.5,92,awake,light
2026-08-01T13:02:00Z,ATH_001,45.2,96.2,36.51,11.9,98.5,18.5,92,awake,light
2026-08-01T13:03:00Z,ATH_001,49.6,93.1,36.4,12.4,98.5,18.5,92,awake,light
2026-08-01T13:04:00Z,ATH_001,45.1,94.5,36.38,12.9,98.9,18.5,92,awake,light
2026-08-01T13:05:00Z,ATH_001,48.0,96.3,36.49,13.4,98.9,18.5,92,awake,light
2026-08-01T13:06:00Z,ATH_001,49.4,94.0,36.51,13.3,98.3,18.5,92,awake,light
2026-08-01T13:07:00Z,ATH_001,46.1,98.0,36.25,12.2,99.0,18.5,92,awake,light
2026-08-01T13:08:00Z,ATH_001,47.4,99.4,36.62,12.9,98.9,18.5,92,awake,light
2026-08-01T13:09:00Z,ATH_001,38.9,102.3,36.44,12.9,98.3,18.5,92,awake,light
2026-08-01T13:10:00Z,ATH_001,44.6,96.3,36.41,12.4,98.8,18.5,92,awake,light
2026-08-01T13:11:00Z,ATH_001,49.4,93.7,36.44,13.2,98.7,18.5,92,awake,light
2026-08-01T13:12:00Z,ATH_001,39.1,98.0,36.48,13.0,98.7,18.5,92,awake,light
2026-08-01T13:13:00Z,ATH_001,43.4,96.7,36.45,12.9,98.6,18.5,92,awake,light
2026-08-01T13:14:00Z,ATH_001,46.3,96.7,36.42,12.6,98.3,18.5,92,awake,light
2026-08-01T13:15:00Z,ATH_001,45.3,98.6,36.41,12.3,98.7,18.5,92,awake,light
2026-08-01T13:16:00Z,ATH_001,49.3,93.9,36.5,12.4,99.0,18.5,92,awake,light
2026-08-01T13:17:00Z,ATH_001,45.3,95.4,36.74,12.3,98.4,18.5,92,awake,light
2026-08-01T13:18:00Z,ATH_001,43.8,98.0,36.48,12.5,98.8,18.5,92,awake,light
2026-08-01T13:19:00Z,ATH_001,40.4,98.1,36.36,11.4,99.0,18.5,92,awake,light
2026-08-01T13:20:00Z,ATH_001,41.8,94.3,36.26,12.4,98.8,18.5,92,awake,light
2026-08-01T13:21:00Z,ATH_001,45.8,96.7,36.61,13.0,98.6,18.5,92,awake,light
2026-08-01T13:22:00Z,ATH_001,45.0,96.5,36.53,12.4,98.6,18.5,92,awake,light
2026-08-01T13:23:00Z,ATH_001,41.0,96.2,36.54,11.5,98.4,18.5,92,awake,light
2026-08-01T13:24:00Z,ATH_001,48.2,95.9,36.51,12.6,98.9,18.5,92,awake,light
2026-08-01T13:25:00Z,ATH_001,43.3,97.8,36.66,12.0,99.0,18.5,92,awake,light
2026-08-01T13:26:00Z,ATH_001,46.2,97.4,36.51,12.5,98.4,18.5,92,awake,light
2026-08-01T13:27:00Z,ATH_001,40.5,101.7,36.45,11.9,98.3,18.5,92,awake,light
2026-08-01T13:28:00Z,ATH_001,42.9,96.5,36.62,12.8,98.2,18.5,92,awake,light
2026-08-01T13:29:00Z,ATH_001,43.0,96.0,36.56,12.1,98.8,18.5,92,awake,light
2026-08-01T13:30:00Z,ATH_001,43.6,96.7,36.53,12.8,98.3,18.5,92,awake,light
2026-08-01T13:31:00Z,ATH_001,40.0,98.9,36.54,12.3,98.9,18.5,92,awake,light
2026-08-01T13:32:00Z,ATH_001,40.9,98.0,36.55,12.1,98.6,18.5,92,awake,light
2026-08-01T13:33:00Z,ATH_001,43.5,96.8,36.5,12.2,98.0,18.5,92,awake,light
2026-08-01T13:34:00Z,ATH_001,48.1,94.2,36.44,13.1,98.8,18.5,92,awake,light
2026-08-01T13:35:00Z,ATH_001,40.8,91.5,36.35,12.1,98.5,18.5,92,awake,light
2026-08-01T13:36:00Z,ATH_001,43.3,95.8,36.47,12.0,99.0,18.5,92,awake,light
2026-08-01T13:37:00Z,ATH_001,43.7,97.9,36.54,12.4,98.8,18.5,92,awake,light
2026-08-01T13:38:00Z,ATH_001,41.5,95.7,36.5,12.6,98.3,18.5,92,awake,light
2026-08-01T13:39:00Z,ATH_001,39.4,99.4,36.35,12.0,98.9,18.5,92,awake,light
2026-08-01T13:40:00Z,ATH_001,48.5,95.8,36.45,12.5,98.5,18.5,92,awake,light
2026-08-01T13:41:00Z,ATH_001,42.8,99.1,36.45,11.4,98.6,18.5,92,awake,light
2026-08-01T13:42:00Z,ATH_001,45.3,96.4,36.54,12.7,98.7,18.5,92,awake,light
2026-08-01T13:43:00Z,ATH_001,43.6,95.5,36.4,12.2,98.5,18.5,92,awake,light
2026-08-01T13:44:00Z,ATH_001,44.6,94.5,36.57,13.1,98.2,18.5,92,awake,light
2026-08-01T13:45:00Z,ATH_001,39.6,101.1,36.38,11.6,98.4,18.5,92,awake,light
2026-08-01T13:46:00Z,ATH_001,40.5,96.0,36.63,12.2,98.2,18.5,92,awake,light
2026-08-01T13:47:00Z,ATH_001,37.6,101.6,36.37,11.5,98.8,18.5,92,awake,light
2026-08-01T13:48:00Z,ATH_001,38.4,98.3,36.59,12.0,98.4,18.5,92,awake,light
2026-08-01T13:49:00Z,ATH_001,44.9,96.9,36.62,12.1,98.0,18.5,92,awake,light
2026-08-01T13:50:00Z,ATH_001,43.2,96.1,36.53,12.1,98.9,18.5,92,awake,light
2026-08-01T13:51:00Z,ATH_001,38.3,98.6,36.4,11.9,99.0,18.5,92,awake,light
2026-08-01T13:52:00Z,ATH_001,40.0,96.7,36.45,12.3,98.9,18.5,92,awake,light
2026-08-01T13:53:00Z,ATH_001,39.1,97.0,36.28,11.6,98.7,18.5,92,awake,light
2026-08-01T13:54:00Z,ATH_001,47.5,93.1,36.47,12.4,98.6,18.5,92,awake,light
2026-08-01T13:55:00Z,ATH_001,40.5,93.6,36.53,11.4,98.7,18.5,92,awake,light
2026-08-01T13:56:00Z,ATH_001,44.1,97.7,36.62,12.7,98.2,18.5,92,awake,light
2026-08-01T13:57:00Z,ATH_001,40.8,98.1,36.38,12.0,98.1,18.5,92,awake,light
2026-08-01T13:58:00Z,ATH_001,38.1,99.3,36.31,11.6,98.6,18.5,92,awake,light
2026-08-01T13:59:00Z,ATH_001,48.3,96.2,36.41,12.8,98.8,18.5,92,awake,light
2026-08-01T14:00:00Z,ATH_001,46.2,98.7,36.47,12.2,98.8,18.5,92,awake,light
2026-08-01T14:01:00Z,ATH_001,39.9,97.5,36.65,12.9,97.9,18.5,92,awake,light
2026-08-01T14:02:00Z,ATH_001,42.7,97.5,36.52,12.4,98.4,18.5,92,awake,light
2026-08-01T14:03:00Z,ATH_001,44.8,100.0,36.74,12.3,98.5,18.5,92,awake,light
2026-08-01T14:04:00Z,ATH_001,42.0,99.1,36.36,12.8,99.0,18.5,92,awake,light
2026-08-01T14:05:00Z,ATH_001,42.8,95.4,36.7,12.7,98.8,18.5,92,awake,light
2026-08-01T14:06:00Z,ATH_001,48.9,97.0,36.64,12.7,98.7,18.5,92,awake,light
2026-08-01T14:07:00Z,ATH_001,44.8,93.3,36.55,13.0,98.8,18.5,92,awake,light
2026-08-01T14:08:00Z,ATH_001,36.8,98.2,36.65,11.9,98.9,18.5,92,awake,light
2026-08-01T14:09:00Z,ATH_001,43.5,101.0,36.67,12.4,98.7,18.5,92,awake,light
2026-08-01T14:10:00Z,ATH_001,49.1,97.2,36.8,12.0,99.0,18.5,92,awake,light
2026-08-01T14:11:00Z,ATH_001,38.6,97.0,36.4,11.2,98.4,18.5,92,awake,light
2026-08-01T14:12:00Z,ATH_001,36.8,100.1,36.33,11.4,98.7,18.5,92,awake,light
2026-08-01T14:13:00Z,ATH_001,40.8,95.0,36.45,12.5,97.6,18.5,92,awake,light
2026-08-01T14:14:00Z,ATH_001,44.9,93.9,36.48,12.1,98.7,18.5,92,awake,light
2026-08-01T14:15:00Z,ATH_001,40.3,100.0,36.5,11.8,98.8,18.5,92,awake,light
2026-08-01T14:16:00Z,ATH_001,45.8,97.5,36.75,12.7,98.5,18.5,92,awake,light
2026-08-01T14:17:00Z,ATH_001,40.0,96.0,36.51,11.8,98.6,18.5,92,awake,light
2026-08-01T14:18:00Z,ATH_001,40.0,99.9,36.34,11.4,98.5,18.5,92,awake,light
2026-08-01T14:19:00Z,ATH_001,45.1,99.2,36.43,12.4,98.6,18.5,92,awake,light
2026-08-01T14:20:00Z,ATH_001,44.1,98.3,36.55,11.8,98.8,18.5,92,awake,light
2026-08-01T14:21:00Z,ATH_001,41.2,94.5,36.46,12.6,98.5,18.5,92,awake,light
2026-08-01T14:22:00Z,ATH_001,45.8,97.4,36.62,12.3,98.1,18.5,92,awake,light
2026-08-01T14:23:00Z,ATH_001,42.3,93.2,36.59,12.6,99.0,18.5,92,awake,light
2026-08-01T14:24:00Z,ATH_001,38.2,99.0,36.43,11.7,98.9,18.5,92,awake,light
2026-08-01T14:25:00Z,ATH_001,41.7,96.4,36.54,12.7,98.3,18.5,92,awake,light
2026-08-01T14:26:00Z,ATH_001,38.9,97.8,36.48,12.1,98.6,18.5,92,awake,light
2026-08-01T14:27:00Z,ATH_001,39.7,99.5,36.56,11.7,98.9,18.5,92,awake,light
2026-08-01T14:28:00Z,ATH_001,41.3,99.2,36.62,12.6,98.6,18.5,92,awake,light
2026-08-01T14:29:00Z,ATH_001,43.3,98.6,36.46,12.2,98.9,18.5,92,awake,light
2026-08-01T14:30:00Z,ATH_001,43.1,99.3,36.38,11.2,98.4,18.5,92,awake,light
2026-08-01T14:31:00Z,ATH_001,41.3,96.6,36.59,12.5,99.0,18.5,92,awake,light
2026-08-01T14:32:00Z,ATH_001,46.6,90.2,36.42,12.8,97.9,18.5,92,awake,light
2026-08-01T14:33:00Z,ATH_001,44.6,93.0,36.49,13.2,98.8,18.5,92,awake,light
2026-08-01T14:34:00Z,ATH_001,38.0,98.3,36.43,12.0,99.0,18.5,92,awake,light
2026-08-01T14:35:00Z,ATH_001,42.9,98.9,36.71,12.4,98.6,18.5,92,awake,light
2026-08-01T14:36:00Z,ATH_001,42.6,97.7,36.54,12.9,98.2,18.5,92,awake,light
2026-08-01T14:37:00Z,ATH_001,39.0,95.7,36.6,11.8,98.2,18.5,92,awake,light
2026-08-01T14:38:00Z,ATH_001,35.1,101.0,36.4,11.0,98.9,18.5,92,awake,light
2026-08-01T14:39:00Z,ATH_001,42.9,97.0,36.66,13.0,98.7,18.5,92,awake,light
2026-08-01T14:40:00Z,ATH_001,42.0,94.8,36.43,12.3,98.5,18.5,92,awake,light
2026-08-01T14:41:00Z,ATH_001,32.9,99.1,36.46,10.9,99.0,18.5,92,awake,light
2026-08-01T14:42:00Z,ATH_001,43.7,96.4,36.35,11.3,98.0,18.5,92,awake,light
2026-08-01T14:43:00Z,ATH_001,45.7,95.5,36.42,12.4,99.0,18.5,92,awake,light
2026-08-01T14:44:00Z,ATH_001,41.6,95.8,36.36,12.5,98.9,18.5,92,awake,light
2026-08-01T14:45:00Z,ATH_001,40.7,98.6,36.28,12.4,98.8,18.5,92,awake,light
2026-08-01T14:46:00Z,ATH_001,37.8,97.2,36.47,12.2,98.6,18.5,92,awake,light
2026-08-01T14:47:00Z,ATH_001,36.4,96.7,36.57,12.3,98.7,18.5,92,awake,light
2026-08-01T14:48:00Z,ATH_001,38.0,96.0,36.62,11.9,98.7,18.5,92,awake,light
2026-08-01T14:49:00Z,ATH_001,39.1,95.5,36.48,10.7,98.0,18.5,92,awake,light
2026-08-01T14:50:00Z,ATH_001,42.7,96.1,36.47,12.6,98.8,18.5,92,awake,light
2026-08-01T14:51:00Z,ATH_001,39.9,102.1,36.7,11.4,98.9,18.5,92,awake,light
2026-08-01T14:52:00Z,ATH_001,41.6,98.2,36.16,13.0,98.2,18.5,92,awake,light
2026-08-01T14:53:00Z,ATH_001,35.1,98.2,36.46,11.5,98.5,18.5,92,awake,light
2026-08-01T14:54:00Z,ATH_001,41.6,99.7,36.56,11.9,98.4,18.5,92,awake,light
2026-08-01T14:55:00Z,ATH_001,42.9,98.3,36.58,12.3,98.7,18.5,92,awake,light
2026-08-01T14:56:00Z,ATH_001,40.9,99.2,36.47,12.3,98.7,18.5,92,awake,light
2026-08-01T14:57:00Z,ATH_001,36.3,99.5,36.67,11.8,98.5,18.5,92,awake,light
2026-08-01T14:58:00Z,ATH_001,36.3,98.8,36.55,11.4,98.8,18.5,92,awake,light
2026-08-01T14:59:00Z,ATH_001,42.0,100.3,36.48,11.7,99.0,18.5,92,awake,light
2026-08-01T15:00:00Z,ATH_001,35.5,98.5,36.39,12.0,98.5,18.5,92,awake,light
2026-08-01T15:01:00Z,ATH_001,40.1,98.8,36.41,11.7,98.6,18.5,92,awake,light
2026-08-01T15:02:00Z,ATH_001,41.9,100.3,36.56,12.4,98.8,18.5,92,awake,light
2026-08-01T15:03:00Z,ATH_001,36.3,97.2,36.71,11.9,98.6,18.5,92,awake,light
2026-08-01T15:04:00Z,ATH_001,38.6,97.4,36.53,11.4,97.6,18.5,92,awake,light
2026-08-01T15:05:00Z,ATH_001,42.6,98.5,36.42,12.5,98.8,18.5,92,awake,light
2026-08-01T15:06:00Z,ATH_001,40.5,98.5,36.5,11.9,98.8,18.5,92,awake,light
2026-08-01T15:07:00Z,ATH_001,43.8,97.7,36.57,12.8,98.8,18.5,92,awake,light
2026-08-01T15:08:00Z,ATH_001,36.2,100.2,36.38,12.7,98.9,18.5,92,awake,light
2026-08-01T15:09:00Z,ATH_001,37.9,98.0,36.49,11.8,98.7,18.5,92,awake,light
2026-08-01T15:10:00Z,ATH_001,36.0,101.2,36.51,10.3,99.0,18.5,92,awake,light
2026-08-01T15:11:00Z,ATH_001,38.4,97.9,36.38,11.8,98.0,18.5,92,awake,light
2026-08-01T15:12:00Z,ATH_001,43.2,97.2,36.67,12.7,98.5,18.5,92,awake,light
2026-08-01T15:13:00Z,ATH_001,31.5,103.8,36.57,10.6,98.8,18.5,92,awake,light
2026-08-01T15:14:00Z,ATH_001,41.3,95.4,36.48,12.5,98.7,18.5,92,awake,light
2026-08-01T15:15:00Z,ATH_001,35.6,99.0,36.71,11.7,98.0,18.5,92,awake,light
2026-08-01T15:16:00Z,ATH_001,39.6,97.1,36.44,11.5,98.8,18.5,92,awake,light
2026-08-01T15:17:00Z,ATH_001,40.4,97.3,36.5,11.7,98.6,18.5,92,awake,light
2026-08-01T15:18:00Z,ATH_001,41.7,98.1,36.49,11.4,98.6,18.5,92,awake,light
2026-08-01T15:19:00Z,ATH_001,39.3,98.0,36.42,12.9,98.3,18.5,92,awake,light
2026-08-01T15:20:00Z,ATH_001,34.9,98.8,36.6,10.7,98.4,18.5,92,awake,light
2026-08-01T15:21:00Z,ATH_001,39.5,99.2,36.58,12.3,98.8,18.5,92,awake,light
2026-08-01T15:22:00Z,ATH_001,34.2,100.3,36.57,11.1,98.4,18.5,92,awake,light
2026-08-01T15:23:00Z,ATH_001,36.8,96.8,36.54,11.6,98.7,18.5,92,awake,light
2026-08-01T15:24:00Z,ATH_001,38.9,100.3,36.68,12.0,98.8,18.5,92,awake,light
2026-08-01T15:25:00Z,ATH_001,38.8,101.6,36.62,12.0,98.8,18.5,92,awake,light
2026-08-01T15:26:00Z,ATH_001,43.1,95.9,36.58,11.9,98.5,18.5,92,awake,light
2026-08-01T15:27:00Z,ATH_001,37.3,97.3,36.54,12.7,99.0,18.5,92,awake,light
2026-08-01T15:28:00Z,ATH_001,35.8,101.8,36.46,12.0,98.9,18.5,92,awake,light
2026-08-01T15:29:00Z,ATH_001,40.7,100.7,36.38,12.2,98.3,18.5,92,awake,light
2026-08-01T15:30:00Z,ATH_001,37.2,97.4,36.51,12.1,98.9,18.5,92,awake,light
2026-08-01T15:31:00Z,ATH_001,36.1,99.0,36.61,12.2,98.6,18.5,92,awake,light
2026-08-01T15:32:00Z,ATH_001,34.7,99.3,36.5,12.0,98.8,18.5,92,awake,light
2026-08-01T15:33:00Z,ATH_001,35.1,98.3,36.42,11.7,98.0,18.5,92,awake,light
2026-08-01T15:34:00Z,ATH_001,38.0,97.7,36.5,11.8,98.4,18.5,92,awake,light
2026-08-01T15:35:00Z,ATH_001,38.8,97.6,36.26,11.9,98.5,18.5,92,awake,light
2026-08-01T15:36:00Z,ATH_001,35.1,99.3,36.65,11.2,98.8,18.5,92,awake,light
2026-08-01T15:37:00Z,ATH_001,39.8,102.9,36.47,12.2,98.7,18.5,92,awake,light
2026-08-01T15:38:00Z,ATH_001,35.0,95.9,36.42,10.7,98.7,18.5,92,awake,light
2026-08-01T15:39:00Z,ATH_001,37.1,99.4,36.56,11.6,98.7,18.5,92,awake,light
2026-08-01T15:40:00Z,ATH_001,41.1,98.1,36.46,12.5,98.5,18.5,92,awake,light
2026-08-01T15:41:00Z,ATH_001,34.3,101.3,36.48,11.0,98.7,18.5,92,awake,light
2026-08-01T15:42:00Z,ATH_001,32.4,100.9,36.35,11.1,98.2,18.5,92,awake,light
2026-08-01T15:43:00Z,ATH_001,38.0,100.0,36.5,11.3,98.9,18.5,92,awake,light
2026-08-01T15:44:00Z,ATH_001,37.7,102.1,36.6,11.7,99.0,18.5,92,awake,light
2026-08-01T15:45:00Z,ATH_001,36.0,97.8,36.48,12.0,98.6,18.5,92,awake,light
2026-08-01T15:46:00Z,ATH_001,37.1,99.0,36.39,11.3,98.3,18.5,92,awake,light
2026-08-01T15:47:00Z,ATH_001,36.0,102.3,36.46,11.1,98.7,18.5,92,awake,light
2026-08-01T15:48:00Z,ATH_001,36.1,100.4,36.64,11.6,98.5,18.5,92,awake,light
2026-08-01T15:49:00Z,ATH_001,35.3,101.2,36.52,11.0,98.6,18.5,92,awake,light
2026-08-01T15:50:00Z,ATH_001,37.1,98.0,36.54,12.2,98.8,18.5,92,awake,light
2026-08-01T15:51:00Z,ATH_001,27.6,102.8,36.68,10.3,98.6,18.5,92,awake,light
2026-08-01T15:52:00Z,ATH_001,36.4,97.7,36.25,11.9,98.9,18.5,92,awake,light
2026-08-01T15:53:00Z,ATH_001,37.7,99.9,36.66,11.2,98.7,18.5,92,awake,light
2026-08-01T15:54:00Z,ATH_001,36.4,98.5,36.34,11.5,98.5,18.5,92,awake,light
2026-08-01T15:55:00Z,ATH_001,32.9,100.8,36.56,10.7,99.0,18.5,92,awake,light
2026-08-01T15:56:00Z,ATH_001,38.5,101.0,36.5,11.8,97.9,18.5,92,awake,light
2026-08-01T15:57:00Z,ATH_001,36.7,97.9,36.48,11.2,98.6,18.5,92,awake,light
2026-08-01T15:58:00Z,ATH_001,34.3,98.1,36.46,11.2,98.8,18.5,92,awake,light
2026-08-01T15:59:00Z,ATH_001,35.7,99.2,36.46,12.1,98.5,18.5,92,awake,light
2026-08-01T16:00:00Z,ATH_001,38.0,98.9,36.46,11.7,98.8,18.5,92,awake,light
2026-08-01T16:01:00Z,ATH_001,37.3,97.9,36.55,12.5,98.8,18.5,92,awake,light
2026-08-01T16:02:00Z,ATH_001,37.2,97.6,36.37,11.5,98.7,18.5,92,awake,light
2026-08-01T16:03:00Z,ATH_001,35.5,99.8,36.62,11.5,98.9,18.5,92,awake,light
2026-08-01T16:04:00Z,ATH_001,42.9,97.6,36.38,12.2,98.9,18.5,92,awake,light
2026-08-01T16:05:00Z,ATH_001,37.1,99.0,36.44,11.2,98.3,18.5,92,awake,light
2026-08-01T16:06:00Z,ATH_001,37.2,98.0,36.72,12.3,98.5,18.5,92,awake,light
2026-08-01T16:07:00Z,ATH_001,38.2,100.4,36.35,11.2,98.5,18.5,92,awake,light
2026-08-01T16:08:00Z,ATH_001,38.9,98.9,36.56,11.6,98.7,18.5,92,awake,light
2026-08-01T16:09:00Z,ATH_001,34.0,98.9,36.54,11.2,98.6,18.5,92,awake,light
2026-08-01T16:10:00Z,ATH_001,28.4,101.2,36.5,10.5,98.7,18.5,92,awake,light
2026-08-01T16:11:00Z,ATH_001,37.0,97.0,36.39,11.4,98.9,18.5,92,awake,light
2026-08-01T16:12:00Z,ATH_001,39.3,95.6,36.65,12.4,98.7,18.5,92,awake,light
2026-08-01T16:13:00Z,ATH_001,38.6,97.9,36.35,11.7,98.6,18.5,92,awake,light
2026-08-01T16:14:00Z,ATH_001,32.1,100.2,36.49,11.0,98.7,18.5,92,awake,light
2026-08-01T16:15:00Z,ATH_001,36.1,100.5,36.53,11.4,98.7,18.5,92,awake,light
2026-08-01T16:16:00Z,ATH_001,35.7,102.4,36.37,12.0,98.5,18.5,92,awake,light
2026-08-01T16:17:00Z,ATH_001,33.6,100.1,36.5,11.3,98.6,18.5,92,awake,light
2026-08-01T16:18:00Z,ATH_001,37.3,100.9,36.58,12.3,98.5,18.5,92,awake,light
2026-08-01T16:19:00Z,ATH_001,36.4,95.0,36.41,12.1,98.8,18.5,92,awake,light
2026-08-01T16:20:00Z,ATH_001,35.2,94.5,36.73,12.2,98.9,18.5,92,awake,light
2026-08-01T16:21:00Z,ATH_001,32.7,101.2,36.66,11.1,98.8,18.5,92,awake,light
2026-08-01T16:22:00Z,ATH_001,38.3,100.2,36.57,11.8,98.3,18.5,92,awake,light
2026-08-01T16:23:00Z,ATH_001,32.4,100.7,36.51,11.5,98.9,18.5,92,awake,light
2026-08-01T16:24:00Z,ATH_001,37.9,98.0,36.53,10.8,98.9,18.5,92,awake,light
2026-08-01T16:25:00Z,ATH_001,29.9,100.7,36.34,10.3,98.4,18.5,92,awake,light
2026-08-01T16:26:00Z,ATH_001,36.5,99.1,36.42,11.9,98.9,18.5,92,awake,light
2026-08-01T16:27:00Z,ATH_001,33.2,103.1,36.41,12.0,98.5,18.5,92,awake,light
2026-08-01T16:28:00Z,ATH_001,40.4,97.5,36.46,12.1,98.5,18.5,92,awake,light
2026-08-01T16:29:00Z,ATH_001,37.5,99.5,36.48,11.7,98.1,18.5,92,awake,light
2026-08-01T16:30:00Z,ATH_001,34.9,100.3,36.32,11.9,98.9,18.5,92,awake,light
2026-08-01T16:31:00Z,ATH_001,35.1,100.5,36.66,11.0,98.6,18.5,92,awake,light
2026-08-01T16:32:00Z,ATH_001,37.7,96.1,36.47,11.6,98.8,18.5,92,awake,light
2026-08-01T16:33:00Z,ATH_001,35.0,97.0,36.62,11.2,98.5,18.5,92,awake,light
2026-08-01T16:34:00Z,ATH_001,35.2,97.8,36.59,11.6,98.5,18.5,92,awake,light
2026-08-01T16:35:00Z,ATH_001,36.1,96.6,36.32,11.2,98.7,18.5,92,awake,light
2026-08-01T16:36:00Z,ATH_001,39.3,98.0,36.43,12.0,98.0,18.5,92,awake,light
2026-08-01T16:37:00Z,ATH_001,35.5,98.6,36.57,11.9,98.8,18.5,92,awake,light
2026-08-01T16:38:00Z,ATH_001,36.8,99.9,36.6,11.0,98.6,18.5,92,awake,light
2026-08-01T16:39:00Z,ATH_001,29.2,99.3,36.43,10.5,98.4,18.5,92,awake,light
2026-08-01T16:40:00Z,ATH_001,36.1,97.7,36.56,11.6,98.8,18.5,92,awake,light
2026-08-01T16:41:00Z,ATH_001,36.3,101.0,36.71,11.1,98.8,18.5,92,awake,light
2026-08-01T16:42:00Z,ATH_001,32.9,103.3,36.42,11.3,98.6,18.5,92,awake,light
2026-08-01T16:43:00Z,ATH_001,32.1,101.0,36.43,11.8,98.9,18.5,92,awake,light
2026-08-01T16:44:00Z,ATH_001,33.9,99.9,36.36,10.8,98.9,18.5,92,awake,light
2026-08-01T16:45:00Z,ATH_001,29.1,99.5,36.4,11.2,98.8,18.5,92,awake,light
2026-08-01T16:46:00Z,ATH_001,37.9,100.5,36.6,11.5,98.8,18.5,92,awake,light
2026-08-01T16:47:00Z,ATH_001,32.2,100.4,36.61,11.9,98.9,18.5,92,awake,light
2026-08-01T16:48:00Z,ATH_001,35.3,98.5,36.33,11.3,98.9,18.5,92,awake,light
2026-08-01T16:49:00Z,ATH_001,35.2,102.4,36.63,12.0,98.7,18.5,92,awake,light
2026-08-01T16:50:00Z,ATH_001,35.5,98.3,36.61,12.0,98.9,18.5,92,awake,light
2026-08-01T16:51:00Z,ATH_001,35.7,100.5,36.56,11.1,98.6,18.5,92,awake,light
2026-08-01T16:52:00Z,ATH_001,38.2,98.3,36.56,12.0,99.0,18.5,92,awake,light
2026-08-01T16:53:00Z,ATH_001,29.3,99.8,36.41,10.8,98.2,18.5,92,awake,light
2026-08-01T16:54:00Z,ATH_001,39.9,101.5,36.57,12.5,98.2,18.5,92,awake,light
2026-08-01T16:55:00Z,ATH_001,39.4,100.2,36.5,12.1,98.4,18.5,92,awake,light
2026-08-01T16:56:00Z,ATH_001,33.3,106.3,36.68,12.2,98.6,18.5,92,awake,light
2026-08-01T16:57:00Z,ATH_001,41.7,97.3,36.55,13.1,97.9,18.5,92,awake,light
2026-08-01T16:58:00Z,ATH_001,35.5,97.2,36.55,11.5,98.8,18.5,92,awake,light
2026-08-01T16:59:00Z,ATH_001,39.1,99.3,36.57,12.0,98.9,18.5,92,awake,light
2026-08-01T17:00:00Z,ATH_001,33.9,100.7,36.48,11.2,98.9,18.5,92,awake,light
2026-08-01T17:01:00Z,ATH_001,32.8,102.8,36.5,11.8,98.9,18.5,92,awake,light
2026-08-01T17:02:00Z,ATH_001,30.5,101.6,36.44,11.2,98.9,18.5,92,awake,light
2026-08-01T17:03:00Z,ATH_001,33.0,101.8,36.46,11.7,98.9,18.5,92,awake,light
2026-08-01T17:04:00Z,ATH_001,38.2,98.8,36.52,12.5,98.7,18.5,92,awake,light
2026-08-01T17:05:00Z,ATH_001,36.4,101.4,36.54,11.6,98.8,18.5,92,awake,light
2026-08-01T17:06:00Z,ATH_001,32.0,101.1,36.62,11.5,98.9,18.5,92,awake,light
2026-08-01T17:07:00Z,ATH_001,38.4,100.8,36.67,11.9,98.5,18.5,92,awake,light
2026-08-01T17:08:00Z,ATH_001,38.4,97.9,36.44,12.5,98.7,18.5,92,awake,light
2026-08-01T17:09:00Z,ATH_001,34.6,101.0,36.4,11.7,99.0,18.5,92,awake,light
2026-08-01T17:10:00Z,ATH_001,37.4,95.9,36.45,11.1,98.7,18.5,92,awake,light
2026-08-01T17:11:00Z,ATH_001,37.2,100.4,36.46,11.4,98.8,18.5,92,awake,light
2026-08-01T17:12:00Z,ATH_001,36.5,99.0,36.6,11.4,98.9,18.5,92,awake,light
2026-08-01T17:13:00Z,ATH_001,33.0,99.4,36.56,12.3,98.8,18.5,92,awake,light
2026-08-01T17:14:00Z,ATH_001,34.2,98.4,36.63,11.5,98.8,18.5,92,awake,light
2026-08-01T17:15:00Z,ATH_001,35.2,100.4,36.5,11.5,98.0,18.5,92,awake,light
2026-08-01T17:16:00Z,ATH_001,38.0,97.5,36.42,12.0,98.9,18.5,92,awake,light
2026-08-01T17:17:00Z,ATH_001,35.9,100.7,36.54,11.3,99.0,18.5,92,awake,light
2026-08-01T17:18:00Z,ATH_001,33.8,97.2,36.63,12.2,98.6,18.5,92,awake,light
2026-08-01T17:19:00Z,ATH_001,33.0,99.4,36.4,12.0,98.6,18.5,92,awake,light
2026-08-01T17:20:00Z,ATH_001,36.9,98.4,36.6,12.5,98.9,18.5,92,awake,light
2026-08-01T17:21:00Z,ATH_001,35.8,96.4,36.7,11.2,98.3,18.5,92,awake,light
2026-08-01T17:22:00Z,ATH_001,35.7,99.7,36.56,10.9,98.8,18.5,92,awake,light
2026-08-01T17:23:00Z,ATH_001,32.8,97.4,36.57,11.6,98.6,18.5,92,awake,light
2026-08-01T17:24:00Z,ATH_001,38.5,92.8,36.59,11.7,98.6,18.5,92,awake,light
2026-08-01T17:25:00Z,ATH_001,39.6,102.9,36.44,12.0,98.4,18.5,92,awake,light
2026-08-01T17:26:00Z,ATH_001,38.3,99.3,36.35,11.1,98.5,18.5,92,awake,light
2026-08-01T17:27:00Z,ATH_001,30.1,101.3,36.4,11.4,99.0,18.5,92,awake,light
2026-08-01T17:28:00Z,ATH_001,37.4,102.2,36.42,11.8,98.7,18.5,92,awake,light
2026-08-01T17:29:00Z,ATH_001,32.8,101.2,36.52,11.1,98.6,18.5,92,awake,light
2026-08-01T17:30:00Z,ATH_001,34.4,102.1,36.72,10.6,98.7,18.5,92,awake,light
2026-08-01T17:31:00Z,ATH_001,36.3,98.3,36.45,11.3,98.8,18.5,92,awake,light
2026-08-01T17:32:00Z,ATH_001,33.4,97.2,36.42,11.4,98.9,18.5,92,awake,light
2026-08-01T17:33:00Z,ATH_001,34.0,99.9,36.5,11.7,98.1,18.5,92,awake,light
2026-08-01T17:34:00Z,ATH_001,35.0,97.1,36.66,11.2,99.0,18.5,92,awake,light
2026-08-01T17:35:00Z,ATH_001,40.6,98.8,36.42,12.0,98.6,18.5,92,awake,light
2026-08-01T17:36:00Z,ATH_001,37.1,98.7,36.64,12.2,98.8,18.5,92,awake,light
2026-08-01T17:37:00Z,ATH_001,34.6,99.6,36.6,11.5,98.9,18.5,92,awake,light
2026-08-01T17:38:00Z,ATH_001,34.0,97.6,36.67,11.2,98.9,18.5,92,awake,light
2026-08-01T17:39:00Z,ATH_001,38.2,99.8,36.56,11.2,98.9,18.5,92,awake,light
2026-08-01T17:40:00Z,ATH_001,36.0,99.0,36.67,11.0,98.6,18.5,92,awake,light
2026-08-01T17:41:00Z,ATH_001,36.0,99.5,36.53,11.9,98.3,18.5,92,awake,light
2026-08-01T17:42:00Z,ATH_001,31.3,102.0,36.56,11.9,98.9,18.5,92,awake,light
2026-08-01T17:43:00Z,ATH_001,33.3,101.7,36.4,10.7,98.9,18.5,92,awake,light
2026-08-01T17:44:00Z,ATH_001,37.5,100.9,36.41,12.2,98.8,18.5,92,awake,light
2026-08-01T17:45:00Z,ATH_001,32.0,99.1,36.43,11.4,98.8,18.5,92,awake,light
2026-08-01T17:46:00Z,ATH_001,37.8,99.0,36.48,11.0,98.5,18.5,92,awake,light
2026-08-01T17:47:00Z,ATH_001,31.2,102.2,36.45,11.1,98.1,18.5,92,awake,light
2026-08-01T17:48:00Z,ATH_001,35.9,101.3,36.62,11.7,98.7,18.5,92,awake,light
2026-08-01T17:49:00Z,ATH_001,33.3,102.2,36.48,11.6,98.1,18.5,92,awake,light
2026-08-01T17:50:00Z,ATH_001,30.4,100.5,36.49,10.1,98.2,18.5,92,awake,light
2026-08-01T17:51:00Z,ATH_001,28.0,102.1,36.31,10.1,98.8,18.5,92,awake,light
2026-08-01T17:52:00Z,ATH_001,34.7,96.9,36.44,11.6,98.7,18.5,92,awake,light
2026-08-01T17:53:00Z,ATH_001,42.4,97.6,36.49,12.2,98.7,18.5,92,awake,light
2026-08-01T17:54:00Z,ATH_001,35.6,99.7,36.33,11.9,97.9,18.5,92,awake,light
2026-08-01T17:55:00Z,ATH_001,35.2,102.3,36.41,11.7,98.8,18.5,92,awake,light
2026-08-01T17:56:00Z,ATH_001,34.0,97.0,36.4,11.0,98.7,18.5,92,awake,light
2026-08-01T17:57:00Z,ATH_001,36.2,99.0,36.7,11.1,98.6,18.5,92,awake,light
2026-08-01T17:58:00Z,ATH_001,31.8,101.4,36.5,10.5,98.4,18.5,92,awake,light
2026-08-01T17:59:00Z,ATH_001,30.4,100.2,36.46,10.4,98.7,18.5,92,awake,light
2026-08-01T18:00:00Z,ATH_001,36.1,99.9,36.56,11.7,98.4,18.5,92,awake,light
2026-08-01T18:01:00Z,ATH_001,38.3,99.7,36.48,12.5,98.9,18.5,92,awake,light
2026-08-01T18:02:00Z,ATH_001,34.5,99.5,36.49,11.6,98.4,18.5,92,awake,light
2026-08-01T18:03:00Z,ATH_001,34.9,100.9,36.45,11.5,98.6,18.5,92,awake,light
2026-08-01T18:04:00Z,ATH_001,28.2,102.1,36.36,10.2,98.8,18.5,92,awake,light
2026-08-01T18:05:00Z,ATH_001,33.9,99.6,36.44,10.5,98.9,18.5,92,awake,light
2026-08-01T18:06:00Z,ATH_001,33.9,100.1,36.43,12.3,98.1,18.5,92,awake,light
2026-08-01T18:07:00Z,ATH_001,30.1,100.9,36.5,11.6,98.8,18.5,92,awake,light
2026-08-01T18:08:00Z,ATH_001,37.5,99.3,36.53,11.6,98.7,18.5,92,awake,light
2026-08-01T18:09:00Z,ATH_001,31.9,97.9,36.42,10.5,98.5,18.5,92,awake,light
2026-08-01T18:10:00Z,ATH_001,38.8,97.1,36.44,12.5,98.8,18.5,92,awake,light
2026-08-01T18:11:00Z,ATH_001,37.0,100.7,36.65,12.1,98.8,18.5,92,awake,light
2026-08-01T18:12:00Z,ATH_001,41.0,97.4,36.34,13.1,98.1,18.5,92,awake,light
2026-08-01T18:13:00Z,ATH_001,31.8,100.3,36.47,11.0,98.5,18.5,92,awake,light
2026-08-01T18:14:00Z,ATH_001,36.6,97.7,36.55,12.4,98.7,18.5,92,awake,light
2026-08-01T18:15:00Z,ATH_001,28.2,100.0,36.4,11.0,98.0,18.5,92,awake,light
2026-08-01T18:16:00Z,ATH_001,35.6,96.4,36.47,11.3,98.0,18.5,92,awake,light
2026-08-01T18:17:00Z,ATH_001,33.4,97.0,36.48,10.5,98.7,18.5,92,awake,light
2026-08-01T18:18:00Z,ATH_001,33.4,99.5,36.5,11.7,98.4,18.5,92,awake,light
2026-08-01T18:19:00Z,ATH_001,31.5,100.0,36.39,11.4,98.8,18.5,92,awake,light
2026-08-01T18:20:00Z,ATH_001,32.4,99.3,36.41,11.0,98.7,18.5,92,awake,light
2026-08-01T18:21:00Z,ATH_001,35.9,99.8,36.51,11.5,98.8,18.5,92,awake,light
2026-08-01T18:22:00Z,ATH_001,31.9,100.8,36.78,11.4,98.6,18.5,92,awake,light
2026-08-01T18:23:00Z,ATH_001,36.2,96.9,36.46,11.8,99.0,18.5,92,awake,light
2026-08-01T18:24:00Z,ATH_001,33.9,100.2,36.55,12.2,98.9,18.5,92,awake,light
2026-08-01T18:25:00Z,ATH_001,32.6,99.6,36.46,10.9,98.5,18.5,92,awake,light
2026-08-01T18:26:00Z,ATH_001,32.8,97.3,36.46,10.7,98.3,18.5,92,awake,light
2026-08-01T18:27:00Z,ATH_001,34.7,99.8,36.42,12.0,98.7,18.5,92,awake,light
2026-08-01T18:28:00Z,ATH_001,32.2,100.6,36.57,11.8,98.7,18.5,92,awake,light
2026-08-01T18:29:00Z,ATH_001,37.0,99.8,36.46,12.5,98.5,18.5,92,awake,light
2026-08-01T18:30:00Z,ATH_001,36.5,96.8,36.47,12.1,98.3,18.5,92,awake,light
2026-08-01T18:31:00Z,ATH_001,39.2,97.2,36.47,12.2,98.5,18.5,92,awake,light
2026-08-01T18:32:00Z,ATH_001,33.1,102.8,36.42,11.2,98.3,18.5,92,awake,light
2026-08-01T18:33:00Z,ATH_001,38.5,96.1,36.5,11.1,98.8,18.5,92,awake,light
2026-08-01T18:34:00Z,ATH_001,33.9,103.9,36.73,10.8,98.7,18.5,92,awake,light
2026-08-01T18:35:00Z,ATH_001,36.4,101.6,36.61,11.6,98.7,18.5,92,awake,light
2026-08-01T18:36:00Z,ATH_001,28.9,99.0,36.59,10.4,98.9,18.5,92,awake,light
2026-08-01T18:37:00Z,ATH_001,39.1,94.8,36.35,12.2,98.6,18.5,92,awake,light
2026-08-01T18:38:00Z,ATH_001,32.8,101.1,36.7,11.3,98.7,18.5,92,awake,light
2026-08-01T18:39:00Z,ATH_001,32.8,101.9,36.52,10.5,98.4,18.5,92,awake,light
2026-08-01T18:40:00Z,ATH_001,38.7,96.4,36.48,12.2,98.8,18.5,92,awake,light
2026-08-01T18:41:00Z,ATH_001,35.7,100.4,36.29,11.5,98.8,18.5,92,awake,light
2026-08-01T18:42:00Z,ATH_001,38.4,102.4,36.5,11.9,98.3,18.5,92,awake,light
2026-08-01T18:43:00Z,ATH_001,37.2,99.9,36.59,12.5,98.3,18.5,92,awake,light
2026-08-01T18:44:00Z,ATH_001,39.8,96.9,36.56,11.5,98.4,18.5,92,awake,light
2026-08-01T18:45:00Z,ATH_001,35.3,99.5,36.45,11.5,98.7,18.5,92,awake,light
2026-08-01T18:46:00Z,ATH_001,34.5,97.9,36.38,10.7,98.2,18.5,92,awake,light
2026-08-01T18:47:00Z,ATH_001,32.8,99.9,36.34,11.4,99.0,18.5,92,awake,light
2026-08-01T18:48:00Z,ATH_001,36.1,99.6,36.4,12.7,98.8,18.5,92,awake,light
2026-08-01T18:49:00Z,ATH_001,39.3,98.7,36.37,12.6,98.2,18.5,92,awake,light
2026-08-01T18:50:00Z,ATH_001,36.9,100.4,36.46,11.0,98.0,18.5,92,awake,light
2026-08-01T18:51:00Z,ATH_001,36.7,99.4,36.48,12.1,98.8,18.5,92,awake,light
2026-08-01T18:52:00Z,ATH_001,34.0,103.0,36.7,11.3,98.5,18.5,92,awake,light
2026-08-01T18:53:00Z,ATH_001,32.5,97.9,36.56,10.8,98.8,18.5,92,awake,light
2026-08-01T18:54:00Z,ATH_001,36.2,100.4,36.6,12.1,98.5,18.5,92,awake,light
2026-08-01T18:55:00Z,ATH_001,36.1,96.9,36.66,11.5,98.5,18.5,92,awake,light
2026-08-01T18:56:00Z,ATH_001,36.7,95.4,36.51,12.4,98.7,18.5,92,awake,light
2026-08-01T18:57:00Z,ATH_001,29.8,99.6,36.66,11.6,98.9,18.5,92,awake,light
2026-08-01T18:58:00Z,ATH_001,39.2,97.2,36.37,11.7,98.9,18.5,92,awake,light
2026-08-01T18:59:00Z,ATH_001,31.5,98.1,36.65,10.8,98.8,18.5,92,awake,light
2026-08-01T19:00:00Z,ATH_001,39.6,97.1,36.57,11.8,99.0,18.5,92,awake,light
2026-08-01T19:01:00Z,ATH_001,37.5,97.1,36.5,11.2,99.0,18.5,92,awake,light
2026-08-01T19:02:00Z,ATH_001,35.1,93.5,36.44,11.9,98.0,18.5,92,awake,light
2026-08-01T19:03:00Z,ATH_001,33.2,102.0,36.6,11.2,98.9,18.5,92,awake,light
2026-08-01T19:04:00Z,ATH_001,29.9,100.2,36.64,10.8,98.2,18.5,92,awake,light
2026-08-01T19:05:00Z,ATH_001,37.5,98.6,36.59,12.4,98.8,18.5,92,awake,light
2026-08-01T19:06:00Z,ATH_001,31.9,99.0,36.62,10.8,98.5,18.5,92,awake,light
2026-08-01T19:07:00Z,ATH_001,37.7,100.7,36.45,11.6,98.5,18.5,92,awake,light
2026-08-01T19:08:00Z,ATH_001,31.2,101.6,36.68,10.2,98.3,18.5,92,awake,light
2026-08-01T19:09:00Z,ATH_001,37.1,99.5,36.37,11.0,98.7,18.5,92,awake,light
2026-08-01T19:10:00Z,ATH_001,33.8,101.0,36.44,12.4,98.9,18.5,92,awake,light
2026-08-01T19:11:00Z,ATH_001,30.1,103.2,36.42,11.2,98.0,18.5,92,awake,light
2026-08-01T19:12:00Z,ATH_001,36.0,100.8,36.47,12.0,98.3,18.5,92,awake,light
2026-08-01T19:13:00Z,ATH_001,43.1,98.2,36.51,12.6,98.6,18.5,92,awake,light
2026-08-01T19:14:00Z,ATH_001,29.9,99.3,36.6,11.3,98.9,18.5,92,awake,light
2026-08-01T19:15:00Z,ATH_001,34.7,99.8,36.47,12.4,98.8,18.5,92,awake,light
2026-08-01T19:16:00Z,ATH_001,37.1,101.0,36.36,11.5,98.7,18.5,92,awake,light
2026-08-01T19:17:00Z,ATH_001,36.1,101.2,36.66,11.5,98.7,18.5,92,awake,light
2026-08-01T19:18:00Z,ATH_001,42.6,95.9,36.36,12.3,98.5,18.5,92,awake,light
2026-08-01T19:19:00Z,ATH_001,35.6,100.2,36.46,11.6,98.8,18.5,92,awake,light
2026-08-01T19:20:00Z,ATH_001,35.4,103.1,36.64,12.0,98.2,18.5,92,awake,light
2026-08-01T19:21:00Z,ATH_001,31.7,98.5,36.58,11.7,98.5,18.5,92,awake,light
2026-08-01T19:22:00Z,ATH_001,31.6,99.6,36.58,10.5,98.5,18.5,92,awake,light
2026-08-01T19:23:00Z,ATH_001,40.5,101.9,36.63,12.3,98.8,18.5,92,awake,light
2026-08-01T19:24:00Z,ATH_001,33.5,100.9,36.51,11.3,98.6,18.5,92,awake,light
2026-08-01T19:25:00Z,ATH_001,33.3,99.3,36.47,11.5,98.7,18.5,92,awake,light
2026-08-01T19:26:00Z,ATH_001,37.6,96.7,36.56,10.6,98.7,18.5,92,awake,light
2026-08-01T19:27:00Z,ATH_001,31.9,97.0,36.28,10.8,98.1,18.5,92,awake,light
2026-08-01T19:28:00Z,ATH_001,41.0,96.6,36.45,12.3,99.0,18.5,92,awake,light
2026-08-01T19:29:00Z,ATH_001,31.7,106.1,36.43,10.9,98.3,18.5,92,awake,light
2026-08-01T19:30:00Z,ATH_001,34.6,99.0,36.41,11.5,98.6,18.5,92,awake,light
2026-08-01T19:31:00Z,ATH_001,36.4,98.2,36.47,12.1,98.5,18.5,92,awake,light
2026-08-01T19:32:00Z,ATH_001,36.2,101.5,36.42,11.7,98.7,18.5,92,awake,light
2026-08-01T19:33:00Z,ATH_001,35.6,100.5,36.68,10.8,99.0,18.5,92,awake,light
2026-08-01T19:34:00Z,ATH_001,33.6,101.0,36.57,10.4,98.7,18.5,92,awake,light
2026-08-01T19:35:00Z,ATH_001,38.6,100.0,36.6,12.2,98.7,18.5,92,awake,light
2026-08-01T19:36:00Z,ATH_001,37.7,101.3,36.61,12.1,98.6,18.5,92,awake,light
2026-08-01T19:37:00Z,ATH_001,30.4,99.8,36.58,11.3,98.6,18.5,92,awake,light
2026-08-01T19:38:00Z,ATH_001,40.2,100.5,36.54,11.6,98.4,18.5,92,awake,light
2026-08-01T19:39:00Z,ATH_001,36.2,97.2,36.5,11.3,98.9,18.5,92,awake,light
2026-08-01T19:40:00Z,ATH_001,32.2,99.5,36.71,11.6,98.3,18.5,92,awake,light
2026-08-01T19:41:00Z,ATH_001,32.2,102.2,36.6,11.0,98.8,18.5,92,awake,light
2026-08-01T19:42:00Z,ATH_001,42.5,97.2,36.4,11.4,98.6,18.5,92,awake,light
2026-08-01T19:43:00Z,ATH_001,35.1,98.0,36.63,10.8,98.4,18.5,92,awake,light
2026-08-01T19:44:00Z,ATH_001,33.9,98.2,36.64,10.4,98.6,18.5,92,awake,light
2026-08-01T19:45:00Z,ATH_001,35.7,96.0,36.4,12.1,98.9,18.5,92,awake,light
2026-08-01T19:46:00Z,ATH_001,36.1,100.5,36.5,11.5,98.8,18.5,92,awake,light
2026-08-01T19:47:00Z,ATH_001,33.1,101.7,36.46,10.8,98.6,18.5,92,awake,light
2026-08-01T19:48:00Z,ATH_001,35.0,97.1,36.48,11.6,98.8,18.5,92,awake,light
2026-08-01T19:49:00Z,ATH_001,33.0,100.2,36.54,12.0,99.0,18.5,92,awake,light
2026-08-01T19:50:00Z,ATH_001,36.5,101.6,36.42,11.3,98.9,18.5,92,awake,light
2026-08-01T19:51:00Z,ATH_001,38.6,98.0,36.54,12.2,98.7,18.5,92,awake,light
2026-08-01T19:52:00Z,ATH_001,40.2,93.0,36.46,11.4,98.2,18.5,92,awake,light
2026-08-01T19:53:00Z,ATH_001,41.7,99.4,36.46,12.6,98.7,18.5,92,awake,light
2026-08-01T19:54:00Z,ATH_001,33.1,100.8,36.54,11.5,98.4,18.5,92,awake,light
2026-08-01T19:55:00Z,ATH_001,35.1,101.1,36.37,11.8,98.5,18.5,92,awake,light
2026-08-01T19:56:00Z,ATH_001,33.6,102.8,36.61,11.0,98.5,18.5,92,awake,light
2026-08-01T19:57:00Z,ATH_001,42.4,94.2,36.52,11.4,98.8,18.5,92,awake,light
2026-08-01T19:58:00Z,ATH_001,38.8,99.4,36.62,12.6,98.8,18.5,92,awake,light
2026-08-01T19:59:00Z,ATH_001,37.7,101.3,36.54,11.9,98.2,18.5,92,awake,light
2026-08-01T20:00:00Z,ATH_001,34.4,101.0,36.57,11.3,98.4,18.5,92,awake,light
2026-08-01T20:01:00Z,ATH_001,39.8,98.0,36.41,12.6,98.5,18.5,92,awake,light
2026-08-01T20:02:00Z,ATH_001,32.9,97.8,36.43,10.3,98.7,18.5,92,awake,light
2026-08-01T20:03:00Z,ATH_001,39.5,98.0,36.39,11.5,98.3,18.5,92,awake,light
2026-08-01T20:04:00Z,ATH_001,36.6,96.9,36.61,11.3,98.3,18.5,92,awake,light
2026-08-01T20:05:00Z,ATH_001,36.5,99.2,36.49,12.3,98.9,18.5,92,awake,light
2026-08-01T20:06:00Z,ATH_001,35.4,100.6,36.69,11.1,98.3,18.5,92,awake,light
2026-08-01T20:07:00Z,ATH_001,38.7,99.8,36.47,11.8,98.5,18.5,92,awake,light
2026-08-01T20:08:00Z,ATH_001,37.1,100.4,36.52,11.6,98.8,18.5,92,awake,light
2026-08-01T20:09:00Z,ATH_001,37.8,96.7,36.39,11.7,98.3,18.5,92,awake,light
2026-08-01T20:10:00Z,ATH_001,40.4,95.5,36.73,11.8,99.0,18.5,92,awake,light
2026-08-01T20:11:00Z,ATH_001,35.0,97.2,36.51,12.2,98.8,18.5,92,awake,light
2026-08-01T20:12:00Z,ATH_001,35.9,99.9,36.53,11.1,98.1,18.5,92,awake,light
2026-08-01T20:13:00Z,ATH_001,37.0,100.6,36.5,11.5,98.2,18.5,92,awake,light
2026-08-01T20:14:00Z,ATH_001,36.9,101.6,36.41,11.6,98.7,18.5,92,awake,light
2026-08-01T20:15:00Z,ATH_001,35.0,100.2,36.49,11.9,98.8,18.5,92,awake,light
2026-08-01T20:16:00Z,ATH_001,42.1,97.0,36.51,12.0,98.9,18.5,92,awake,light
2026-08-01T20:17:00Z,ATH_001,38.3,95.3,36.58,11.9,98.9,18.5,92,awake,light
2026-08-01T20:18:00Z,ATH_001,35.5,99.9,36.41,10.9,98.3,18.5,92,awake,light
2026-08-01T20:19:00Z,ATH_001,34.6,97.6,36.78,11.2,98.7,18.5,92,awake,light
2026-08-01T20:20:00Z,ATH_001,38.3,98.2,36.47,10.9,98.8,18.5,92,awake,light
2026-08-01T20:21:00Z,ATH_001,36.9,93.3,36.32,11.5,98.9,18.5,92,awake,light
2026-08-01T20:22:00Z,ATH_001,37.3,99.9,36.53,11.2,98.6,18.5,92,awake,light
2026-08-01T20:23:00Z,ATH_001,39.6,102.4,36.55,12.7,98.7,18.5,92,awake,light
2026-08-01T20:24:00Z,ATH_001,38.5,98.2,36.63,11.8,97.9,18.5,92,awake,light
2026-08-01T20:25:00Z,ATH_001,40.4,99.8,36.38,12.8,98.9,18.5,92,awake,light
2026-08-01T20:26:00Z,ATH_001,35.2,102.2,36.33,11.7,98.1,18.5,92,awake,light
2026-08-01T20:27:00Z,ATH_001,41.1,96.2,36.55,12.7,98.6,18.5,92,awake,light
2026-08-01T20:28:00Z,ATH_001,40.5,97.3,36.43,12.2,98.8,18.5,92,awake,light
2026-08-01T20:29:00Z,ATH_001,40.6,97.9,36.36,12.7,98.9,18.5,92,awake,light
2026-08-01T20:30:00Z,ATH_001,41.4,94.7,36.37,12.0,98.5,18.5,92,awake,light
2026-08-01T20:31:00Z,ATH_001,32.9,99.1,36.54,11.6,98.5,18.5,92,awake,light
2026-08-01T20:32:00Z,ATH_001,38.0,98.3,36.61,11.3,97.9,18.5,92,awake,light
2026-08-01T20:33:00Z,ATH_001,39.2,95.8,36.57,11.8,98.5,18.5,92,awake,light
2026-08-01T20:34:00Z,ATH_001,32.1,102.5,36.6,11.0,98.0,18.5,92,awake,light
2026-08-01T20:35:00Z,ATH_001,36.6,97.8,36.59,11.5,98.6,18.5,92,awake,light
2026-08-01T20:36:00Z,ATH_001,38.3,99.3,36.61,12.4,98.4,18.5,92,awake,light
2026-08-01T20:37:00Z,ATH_001,36.5,98.8,36.56,12.0,98.3,18.5,92,awake,light
2026-08-01T20:38:00Z,ATH_001,39.1,99.8,36.46,12.2,98.3,18.5,92,awake,light
2026-08-01T20:39:00Z,ATH_001,40.1,97.2,36.52,12.6,98.1,18.5,92,awake,light
2026-08-01T20:40:00Z,ATH_001,38.1,93.3,36.61,12.6,98.4,18.5,92,awake,light
2026-08-01T20:41:00Z,ATH_001,37.0,99.3,36.46,12.7,99.0,18.5,92,awake,light
2026-08-01T20:42:00Z,ATH_001,37.8,98.8,36.37,11.6,98.9,18.5,92,awake,light
2026-08-01T20:43:00Z,ATH_001,40.0,97.6,36.56,11.0,98.5,18.5,92,awake,light
2026-08-01T20:44:00Z,ATH_001,40.4,97.2,36.53,12.2,98.1,18.5,92,awake,light
2026-08-01T20:45:00Z,ATH_001,32.0,96.7,36.34,11.9,99.0,18.5,92,awake,light
2026-08-01T20:46:00Z,ATH_001,34.7,95.9,36.37,12.6,98.9,18.5,92,awake,light
2026-08-01T20:47:00Z,ATH_001,42.9,94.6,36.59,12.7,98.5,18.5,92,awake,light
2026-08-01T20:48:00Z,ATH_001,42.0,97.8,36.31,12.6,98.3,18.5,92,awake,light
2026-08-01T20:49:00Z,ATH_001,39.3,97.7,36.59,12.1,98.4,18.5,92,awake,light
2026-08-01T20:50:00Z,ATH_001,39.0,99.2,36.55,12.3,98.9,18.5,92,awake,light
2026-08-01T20:51:00Z,ATH_001,37.4,99.7,36.43,12.0,98.9,18.5,92,awake,light
2026-08-01T20:52:00Z,ATH_001,44.2,96.4,36.5,12.1,98.4,18.5,92,awake,light
2026-08-01T20:53:00Z,ATH_001,39.8,99.6,36.51,11.8,98.1,18.5,92,awake,light
2026-08-01T20:54:00Z,ATH_001,38.1,99.0,36.48,11.4,99.0,18.5,92,awake,light
2026-08-01T20:55:00Z,ATH_001,39.3,94.2,36.73,10.9,98.1,18.5,92,awake,light
2026-08-01T20:56:00Z,ATH_001,42.3,96.4,36.43,11.8,98.0,18.5,92,awake,light
2026-08-01T20:57:00Z,ATH_001,37.7,98.7,36.52,11.9,98.8,18.5,92,awake,light
2026-08-01T20:58:00Z,ATH_001,38.4,99.7,36.39,12.2,98.5,18.5,92,awake,light
2026-08-01T20:59:00Z,ATH_001,39.0,96.7,36.4,11.7,98.9,18.5,92,awake,light
2026-08-01T21:00:00Z,ATH_001,35.4,98.6,36.44,11.8,98.9,18.5,92,awake,light
2026-08-01T21:01:00Z,ATH_001,39.2,99.6,36.58,12.4,97.9,18.5,92,awake,light
2026-08-01T21:02:00Z,ATH_001,43.0,95.2,36.61,12.1,98.7,18.5,92,awake,light
2026-08-01T21:03:00Z,ATH_001,41.0,93.2,36.58,12.9,98.9,18.5,92,awake,light
2026-08-01T21:04:00Z,ATH_001,38.4,98.4,36.6,11.1,98.8,18.5,92,awake,light
2026-08-01T21:05:00Z,ATH_001,39.6,97.3,36.46,11.5,98.8,18.5,92,awake,light
2026-08-01T21:06:00Z,ATH_001,36.3,98.5,36.57,12.3,98.8,18.5,92,awake,light
2026-08-01T21:07:00Z,ATH_001,40.7,95.6,36.38,12.2,98.7,18.5,92,awake,light
2026-08-01T21:08:00Z,ATH_001,40.0,100.7,36.48,11.9,98.8,18.5,92,awake,light
2026-08-01T21:09:00Z,ATH_001,35.2,98.1,36.3,11.1,99.0,18.5,92,awake,light
2026-08-01T21:10:00Z,ATH_001,34.9,99.2,36.44,10.5,99.0,18.5,92,awake,light
2026-08-01T21:11:00Z,ATH_001,38.8,99.4,36.41,11.2,97.9,18.5,92,awake,light
2026-08-01T21:12:00Z,ATH_001,42.5,101.1,36.41,12.4,98.8,18.5,92,awake,light
2026-08-01T21:13:00Z,ATH_001,43.5,95.8,36.34,12.5,98.9,18.5,92,awake,light
2026-08-01T21:14:00Z,ATH_001,41.7,98.6,36.67,11.9,98.6,18.5,92,awake,light
2026-08-01T21:15:00Z,ATH_001,40.5,97.1,36.47,12.3,98.8,18.5,92,awake,light
2026-08-01T21:16:00Z,ATH_001,36.0,98.6,36.46,12.2,98.8,18.5,92,awake,light
2026-08-01T21:17:00Z,ATH_001,41.6,100.2,36.66,11.7,98.8,18.5,92,awake,light
2026-08-01T21:18:00Z,ATH_001,39.8,97.4,36.49,11.0,98.9,18.5,92,awake,light
2026-08-01T21:19:00Z,ATH_001,37.5,98.1,36.61,11.6,98.9,18.5,92,awake,light
2026-08-01T21:20:00Z,ATH_001,39.9,97.9,36.54,12.3,98.8,18.5,92,awake,light
2026-08-01T21:21:00Z,ATH_001,32.8,101.2,36.58,11.9,98.3,18.5,92,awake,light
2026-08-01T21:22:00Z,ATH_001,39.1,100.7,36.45,11.7,98.9,18.5,92,awake,light
2026-08-01T21:23:00Z,ATH_001,40.9,96.2,36.5,12.0,99.0,18.5,92,awake,light
2026-08-01T21:24:00Z,ATH_001,35.2,98.8,36.56,11.0,98.9,18.5,92,awake,light
2026-08-01T21:25:00Z,ATH_001,42.2,99.4,36.53,11.8,98.5,18.5,92,awake,light
2026-08-01T21:26:00Z,ATH_001,43.3,98.7,36.61,12.1,98.3,18.5,92,awake,light
2026-08-01T21:27:00Z,ATH_001,40.4,96.2,36.46,11.5,98.8,18.5,92,awake,light
2026-08-01T21:28:00Z,ATH_001,37.3,99.6,36.57,11.8,98.4,18.5,92,awake,light
2026-08-01T21:29:00Z,ATH_001,40.5,100.8,36.44,12.2,98.4,18.5,92,awake,light
2026-08-01T21:30:00Z,ATH_001,42.4,99.2,36.6,13.0,98.8,18.5,92,awake,light
2026-08-01T21:31:00Z,ATH_001,39.8,99.7,36.37,11.8,98.1,18.5,92,awake,light
2026-08-01T21:32:00Z,ATH_001,44.8,99.6,36.43,12.2,98.6,18.5,92,awake,light
2026-08-01T21:33:00Z,ATH_001,45.4,95.8,36.42,12.5,98.5,18.5,92,awake,light
2026-08-01T21:34:00Z,ATH_001,43.5,98.0,36.54,12.3,99.0,18.5,92,awake,light
2026-08-01T21:35:00Z,ATH_001,43.9,98.1,36.29,12.9,98.3,18.5,92,awake,light
2026-08-01T21:36:00Z,ATH_001,43.9,99.9,36.46,12.0,98.6,18.5,92,awake,light
2026-08-01T21:37:00Z,ATH_001,41.0,95.8,36.48,12.0,98.9,18.5,92,awake,light
2026-08-01T21:38:00Z,ATH_001,37.2,99.1,36.58,11.8,98.1,18.5,92,awake,light
2026-08-01T21:39:00Z,ATH_001,39.1,98.7,36.62,11.3,98.6,18.5,92,awake,light
2026-08-01T21:40:00Z,ATH_001,42.9,95.6,36.37,12.4,98.6,18.5,92,awake,light
2026-08-01T21:41:00Z,ATH_001,41.3,97.8,36.57,12.5,98.8,18.5,92,awake,light
2026-08-01T21:42:00Z,ATH_001,49.3,95.1,36.3,13.0,98.6,18.5,92,awake,light
2026-08-01T21:43:00Z,ATH_001,46.2,96.6,36.56,12.5,98.6,18.5,92,awake,light
2026-08-01T21:44:00Z,ATH_001,43.0,97.0,36.6,13.0,98.0,18.5,92,awake,light
2026-08-01T21:45:00Z,ATH_001,41.5,100.4,36.55,13.0,98.4,18.5,92,awake,light
2026-08-01T21:46:00Z,ATH_001,42.0,98.4,36.46,12.5,98.0,18.5,92,awake,light
2026-08-01T21:47:00Z,ATH_001,44.2,95.4,36.57,12.8,98.8,18.5,92,awake,light
2026-08-01T21:48:00Z,ATH_001,46.3,94.4,36.48,12.3,98.8,18.5,92,awake,light
2026-08-01T21:49:00Z,ATH_001,48.4,98.0,36.57,12.5,98.3,18.5,92,awake,light
2026-08-01T21:50:00Z,ATH_001,40.1,97.8,36.41,11.3,98.4,18.5,92,awake,light
2026-08-01T21:51:00Z,ATH_001,46.0,96.2,36.57,12.9,98.2,18.5,92,awake,light
2026-08-01T21:52:00Z,ATH_001,40.7,95.1,36.63,11.8,98.3,18.5,92,awake,light
2026-08-01T21:53:00Z,ATH_001,42.0,96.1,36.48,11.8,98.9,18.5,92,awake,light
2026-08-01T21:54:00Z,ATH_001,43.1,94.0,36.56,12.2,98.1,18.5,92,awake,light
2026-08-01T21:55:00Z,ATH_001,45.9,96.7,36.55,12.2,98.8,18.5,92,awake,light
2026-08-01T21:56:00Z,ATH_001,44.3,95.6,36.43,13.3,98.8,18.5,92,awake,light
2026-08-01T21:57:00Z,ATH_001,40.2,98.5,36.67,12.1,98.7,18.5,92,awake,light
2026-08-01T21:58:00Z,ATH_001,40.5,94.2,36.53,12.1,98.8,18.5,92,awake,light
2026-08-01T21:59:00Z,ATH_001,44.9,98.6,36.62,13.5,98.7,18.5,92,awake,light
2026-08-01T22:00:00Z,ATH_001,44.1,100.1,36.62,12.2,98.9,18.5,92,awake,light
2026-08-01T22:01:00Z,ATH_001,43.4,96.1,36.47,12.3,98.9,18.5,92,awake,light
2026-08-01T22:02:00Z,ATH_001,40.7,97.8,36.45,12.1,98.8,18.5,92,awake,light
2026-08-01T22:03:00Z,ATH_001,38.2,98.7,36.59,12.6,98.7,18.5,92,awake,light
2026-08-01T22:04:00Z,ATH_001,39.8,94.3,36.44,11.5,98.9,18.5,92,awake,light
2026-08-01T22:05:00Z,ATH_001,39.7,98.0,36.53,11.7,98.6,18.5,92,awake,light
2026-08-01T22:06:00Z,ATH_001,41.9,93.2,36.32,11.3,98.8,18.5,92,awake,light
2026-08-01T22:07:00Z,ATH_001,45.8,93.9,36.49,13.3,98.2,18.5,92,awake,light
2026-08-01T22:08:00Z,ATH_001,40.9,96.0,36.48,12.7,98.6,18.5,92,awake,light
2026-08-01T22:09:00Z,ATH_001,51.4,89.9,36.57,12.6,98.9,18.5,92,awake,light
2026-08-01T22:10:00Z,ATH_001,42.3,98.7,36.32,12.4,98.3,18.5,92,awake,light
2026-08-01T22:11:00Z,ATH_001,42.9,101.4,36.42,12.7,98.9,18.5,92,awake,light
2026-08-01T22:12:00Z,ATH_001,42.3,95.0,36.38,12.3,98.6,18.5,92,awake,light
2026-08-01T22:13:00Z,ATH_001,41.5,97.6,36.55,12.5,98.8,18.5,92,awake,light
2026-08-01T22:14:00Z,ATH_001,43.8,98.7,36.71,12.5,99.0,18.5,92,awake,light
2026-08-01T22:15:00Z,ATH_001,44.0,98.2,36.71,12.1,98.9,18.5,92,awake,light
2026-08-01T22:16:00Z,ATH_001,44.5,97.1,36.45,12.1,98.6,18.5,92,awake,light
2026-08-01T22:17:00Z,ATH_001,41.3,99.8,36.32,12.3,98.8,18.5,92,awake,light
2026-08-01T22:18:00Z,ATH_001,38.3,97.0,36.46,11.4,98.7,18.5,92,awake,light
2026-08-01T22:19:00Z,ATH_001,43.8,94.2,36.46,12.2,98.3,18.5,92,awake,light
2026-08-01T22:20:00Z,ATH_001,40.7,96.7,36.56,12.2,98.9,18.5,92,awake,light
2026-08-01T22:21:00Z,ATH_001,40.4,98.3,36.6,12.1,98.8,18.5,92,awake,light
2026-08-01T22:22:00Z,ATH_001,39.9,99.2,36.47,11.3,99.0,18.5,92,awake,light
2026-08-01T22:23:00Z,ATH_001,42.8,97.3,36.63,11.4,98.9,18.5,92,awake,light
2026-08-01T22:24:00Z,ATH_001,43.4,99.1,36.53,13.3,98.5,18.5,92,awake,light
2026-08-01T22:25:00Z,ATH_001,45.3,97.7,36.52,12.3,98.7,18.5,92,awake,light
2026-08-01T22:26:00Z,ATH_001,49.3,94.3,36.53,12.9,98.6,18.5,92,awake,light
2026-08-01T22:27:00Z,ATH_001,40.2,95.4,36.55,12.2,98.2,18.5,92,awake,light
2026-08-01T22:28:00Z,ATH_001,46.7,98.5,36.41,13.1,98.6,18.5,92,awake,light
2026-08-01T22:29:00Z,ATH_001,44.7,95.0,36.53,12.2,98.1,18.5,92,awake,light
2026-08-01T22:30:00Z,ATH_001,45.3,94.1,36.72,12.5,98.5,18.5,92,awake,light
2026-08-01T22:31:00Z,ATH_001,45.3,96.5,36.57,12.0,98.5,18.5,92,awake,light
2026-08-01T22:32:00Z,ATH_001,41.4,97.1,36.35,12.1,98.9,18.5,92,awake,light
2026-08-01T22:33:00Z,ATH_001,45.1,96.2,36.69,12.9,98.4,18.5,92,awake,light
2026-08-01T22:34:00Z,ATH_001,45.0,98.2,36.65,12.0,98.6,18.5,92,awake,light
2026-08-01T22:35:00Z,ATH_001,44.4,91.9,36.32,13.4,98.5,18.5,92,awake,light
2026-08-01T22:36:00Z,ATH_001,51.9,95.9,36.49,12.7,98.9,18.5,92,awake,light
2026-08-01T22:37:00Z,ATH_001,46.1,95.4,36.4,13.4,98.3,18.5,92,awake,light
2026-08-01T22:38:00Z,ATH_001,45.8,96.9,36.64,11.6,98.5,18.5,92,awake,light
2026-08-01T22:39:00Z,ATH_001,49.3,96.1,36.65,13.0,98.5,18.5,92,awake,light
2026-08-01T22:40:00Z,ATH_001,42.8,99.6,36.58,11.5,98.7,18.5,92,awake,light
2026-08-01T22:41:00Z,ATH_001,48.2,95.4,36.6,13.3,98.7,18.5,92,awake,light
2026-08-01T22:42:00Z,ATH_001,49.4,94.0,36.52,12.9,98.8,18.5,92,awake,light
2026-08-01T22:43:00Z,ATH_001,45.3,98.7,36.7,13.7,98.3,18.5,92,awake,light
2026-08-01T22:44:00Z,ATH_001,44.4,97.4,36.41,12.2,98.8,18.5,92,awake,light
2026-08-01T22:45:00Z,ATH_001,43.9,94.3,36.39,11.9,98.6,18.5,92,awake,light
2026-08-01T22:46:00Z,ATH_001,44.5,98.1,36.63,12.0,98.8,18.5,92,awake,light
2026-08-01T22:47:00Z,ATH_001,46.4,95.2,36.51,13.5,98.7,18.5,92,awake,light
2026-08-01T22:48:00Z,ATH_001,44.9,99.1,36.49,12.1,98.5,18.5,92,awake,light
2026-08-01T22:49:00Z,ATH_001,46.9,94.4,36.53,12.9,98.2,18.5,92,awake,light
2026-08-01T22:50:00Z,ATH_001,44.6,95.4,36.36,11.7,98.9,18.5,92,awake,light
2026-08-01T22:51:00Z,ATH_001,47.8,99.4,36.59,12.4,98.2,18.5,92,awake,light
2026-08-01T22:52:00Z,ATH_001,45.2,94.7,36.55,13.0,98.9,18.5,92,awake,light
2026-08-01T22:53:00Z,ATH_001,41.5,96.9,36.56,12.3,98.6,18.5,92,awake,light
2026-08-01T22:54:00Z,ATH_001,43.4,96.9,36.51,12.6,98.8,18.5,92,awake,light
2026-08-01T22:55:00Z,ATH_001,49.4,95.0,36.48,13.4,98.9,18.5,92,awake,light
2026-08-01T22:56:00Z,ATH_001,46.9,98.5,36.41,13.1,98.9,18.5,92,awake,light
2026-08-01T22:57:00Z,ATH_001,43.7,94.5,36.5,13.2,98.9,18.5,92,awake,light
2026-08-01T22:58:00Z,ATH_001,42.1,96.0,36.59,11.9,98.6,18.5,92,awake,light
2026-08-01T22:59:00Z,ATH_001,45.1,98.6,36.44,12.3,98.5,18.5,92,awake,light
2026-08-01T23:00:00Z,ATH_001,45.6,97.9,36.37,12.9,98.6,18.5,92,light_sleep,resting
2026-08-01T23:01:00Z,ATH_001,47.8,94.3,36.48,11.9,98.8,18.5,92,light_sleep,resting
2026-08-01T23:02:00Z,ATH_001,39.4,95.0,36.55,12.3,98.6,18.5,92,light_sleep,resting
2026-08-01T23:03:00Z,ATH_001,48.7,95.0,36.6,13.4,99.0,18.5,92,light_sleep,resting
2026-08-01T23:04:00Z,ATH_001,47.6,94.7,36.54,12.3,98.3,18.5,92,light_sleep,resting
2026-08-01T23:05:00Z,ATH_001,46.3,94.4,36.44,13.2,98.2,18.5,92,light_sleep,resting
2026-08-01T23:06:00Z,ATH_001,45.6,98.6,36.57,12.8,98.7,18.5,92,light_sleep,resting
2026-08-01T23:07:00Z,ATH_001,46.5,97.1,36.69,12.3,98.0,18.5,92,light_sleep,resting
2026-08-01T23:08:00Z,ATH_001,45.9,94.6,36.67,12.2,98.8,18.5,92,light_sleep,resting
2026-08-01T23:09:00Z,ATH_001,46.7,95.0,36.39,12.3,98.6,18.5,92,light_sleep,resting
2026-08-01T23:10:00Z,ATH_001,49.5,93.3,36.63,12.2,98.8,18.5,92,light_sleep,resting
2026-08-01T23:11:00Z,ATH_001,50.1,96.0,36.56,12.3,98.8,18.5,92,light_sleep,resting
2026-08-01T23:12:00Z,ATH_001,50.0,92.8,36.26,12.5,98.5,18.5,92,light_sleep,resting
2026-08-01T23:13:00Z,ATH_001,50.0,95.5,36.38,12.9,98.5,18.5,92,light_sleep,resting
2026-08-01T23:14:00Z,ATH_001,49.0,95.8,36.46,13.1,98.4,18.5,92,light_sleep,resting
2026-08-01T23:15:00Z,ATH_001,42.2,96.9,36.57,12.1,98.6,18.5,92,light_sleep,resting
2026-08-01T23:16:00Z,ATH_001,44.5,98.1,36.52,11.9,98.7,18.5,92,light_sleep,resting
2026-08-01T23:17:00Z,ATH_001,49.3,97.2,36.43,13.6,98.3,18.5,92,light_sleep,resting
2026-08-01T23:18:00Z,ATH_001,42.3,97.4,36.35,12.0,98.9,18.5,92,light_sleep,resting
2026-08-01T23:19:00Z,ATH_001,51.1,96.3,36.47,13.0,98.8,18.5,92,light_sleep,resting
2026-08-01T23:20:00Z,ATH_001,43.3,100.7,36.47,12.2,97.8,18.5,92,light_sleep,resting
2026-08-01T23:21:00Z,ATH_001,44.2,94.3,36.57,12.2,98.9,18.5,92,light_sleep,resting
2026-08-01T23:22:00Z,ATH_001,43.3,98.6,36.29,12.3,98.8,18.5,92,light_sleep,resting
2026-08-01T23:23:00Z,ATH_001,42.8,99.3,36.5,12.8,98.6,18.5,92,light_sleep,resting
2026-08-01T23:24:00Z,ATH_001,45.1,95.4,36.49,12.4,98.7,18.5,92,light_sleep,resting
2026-08-01T23:25:00Z,ATH_001,45.7,98.0,36.29,13.4,98.8,18.5,92,light_sleep,resting
2026-08-01T23:26:00Z,ATH_001,46.7,92.1,36.4,11.9,98.6,18.5,92,light_sleep,resting
2026-08-01T23:27:00Z,ATH_001,44.9,94.8,36.31,11.9,98.2,18.5,92,light_sleep,resting
2026-08-01T23:28:00Z,ATH_001,52.3,98.4,36.52,12.8,98.3,18.5,92,light_sleep,resting
2026-08-01T23:29:00Z,ATH_001,43.5,95.9,36.5,13.2,98.7,18.5,92,light_sleep,resting
2026-08-01T23:30:00Z,ATH_001,48.3,95.4,36.61,12.3,98.9,18.5,92,light_sleep,resting
2026-08-01T23:31:00Z,ATH_001,49.4,91.4,36.49,13.3,98.8,18.5,92,light_sleep,resting
2026-08-01T23:32:00Z,ATH_001,47.8,95.0,36.37,13.3,98.2,18.5,92,light_sleep,resting
2026-08-01T23:33:00Z,ATH_001,49.5,95.6,36.45,13.0,98.8,18.5,92,light_sleep,resting
2026-08-01T23:34:00Z,ATH_001,49.9,97.3,36.59,13.2,98.7,18.5,92,light_sleep,resting
2026-08-01T23:35:00Z,ATH_001,52.2,100.7,36.55,13.2,98.9,18.5,92,light_sleep,resting
2026-08-01T23:36:00Z,ATH_001,47.7,95.5,36.61,13.6,98.6,18.5,92,light_sleep,resting
2026-08-01T23:37:00Z,ATH_001,51.2,97.3,36.66,14.1,98.3,18.5,92,light_sleep,resting
2026-08-01T23:38:00Z,ATH_001,44.6,94.6,36.24,13.7,98.7,18.5,92,light_sleep,resting
2026-08-01T23:39:00Z,ATH_001,53.0,93.7,36.63,12.4,98.8,18.5,92,light_sleep,resting
2026-08-01T23:40:00Z,ATH_001,52.3,96.6,36.68,13.4,99.0,18.5,92,light_sleep,resting
2026-08-01T23:41:00Z,ATH_001,44.1,98.6,36.44,12.6,98.8,18.5,92,light_sleep,resting
2026-08-01T23:42:00Z,ATH_001,48.9,97.7,36.6,12.7,98.9,18.5,92,light_sleep,resting
2026-08-01T23:43:00Z,ATH_001,51.9,93.5,36.58,13.7,98.8,18.5,92,light_sleep,resting
2026-08-01T23:44:00Z,ATH_001,46.2,93.7,36.45,13.0,98.8,18.5,92,light_sleep,resting
2026-08-01T23:45:00Z,ATH_001,43.0,99.3,36.47,12.5,98.8,18.5,92,light_sleep,resting
2026-08-01T23:46:00Z,ATH_001,46.5,94.9,36.51,12.7,98.4,18.5,92,light_sleep,resting
2026-08-01T23:47:00Z,ATH_001,52.8,92.9,36.52,13.0,98.3,18.5,92,light_sleep,resting
2026-08-01T23:48:00Z,ATH_001,49.4,90.8,36.51,13.3,98.9,18.5,92,light_sleep,resting
2026-08-01T23:49:00Z,ATH_001,49.2,94.5,36.44,12.5,98.2,18.5,92,light_sleep,resting
2026-08-01T23:50:00Z,ATH_001,45.5,100.0,36.52,11.9,98.6,18.5,92,light_sleep,resting
2026-08-01T23:51:00Z,ATH_001,44.3,96.5,36.55,12.9,98.7,18.5,92,light_sleep,resting
2026-08-01T23:52:00Z,ATH_001,53.0,93.3,36.49,13.6,97.8,18.5,92,light_sleep,resting
2026-08-01T23:53:00Z,ATH_001,51.8,98.9,36.51,13.8,98.0,18.5,92,light_sleep,resting
2026-08-01T23:54:00Z,ATH_001,45.7,97.8,36.58,12.2,99.0,18.5,92,light_sleep,resting
2026-08-01T23:55:00Z,ATH_001,52.9,91.5,36.52,13.1,98.7,18.5,92,light_sleep,resting
2026-08-01T23:56:00Z,ATH_001,51.1,97.3,36.48,13.0,98.9,18.5,92,light_sleep,resting
2026-08-01T23:57:00Z,ATH_001,50.0,95.0,36.58,12.6,98.8,18.5,92,light_sleep,resting
2026-08-01T23:58:00Z,ATH_001,47.0,98.2,36.49,12.3,98.7,18.5,92,light_sleep,resting
2026-08-01T23:59:00Z,ATH_001,49.2,92.1,36.44,13.3,98.9,18.5,92,light_sleep,resting
2026-08-02T00:00:00Z,ATH_001,52.1,92.8,36.6,12.8,98.9,18.5,92,light_sleep,resting
2026-08-02T00:01:00Z,ATH_001,53.8,91.3,36.44,13.6,98.7,18.5,92,light_sleep,resting
2026-08-02T00:02:00Z,ATH_001,50.5,92.1,36.56,12.8,99.0,18.5,92,light_sleep,resting
2026-08-02T00:03:00Z,ATH_001,53.6,92.4,36.55,14.3,98.9,18.5,92,light_sleep,resting
2026-08-02T00:04:00Z,ATH_001,46.8,100.5,36.53,12.2,99.0,18.5,92,light_sleep,resting
2026-08-02T00:05:00Z,ATH_001,49.9,94.8,36.51,13.3,98.2,18.5,92,light_sleep,resting
2026-08-02T00:06:00Z,ATH_001,53.1,97.2,36.43,14.4,99.0,18.5,92,light_sleep,resting
2026-08-02T00:07:00Z,ATH_001,48.3,95.0,36.64,13.3,98.9,18.5,92,light_sleep,resting
2026-08-02T00:08:00Z,ATH_001,51.7,95.1,36.31,13.2,98.5,18.5,92,light_sleep,resting
2026-08-02T00:09:00Z,ATH_001,48.9,96.5,36.42,13.9,98.9,18.5,92,light_sleep,resting
2026-08-02T00:10:00Z,ATH_001,47.7,98.6,36.51,13.7,98.6,18.5,92,light_sleep,resting
2026-08-02T00:11:00Z,ATH_001,55.1,90.3,36.41,13.8,99.0,18.5,92,light_sleep,resting
2026-08-02T00:12:00Z,ATH_001,52.6,95.0,36.44,13.9,98.6,18.5,92,light_sleep,resting
2026-08-02T00:13:00Z,ATH_001,48.2,94.5,36.37,13.1,99.0,18.5,92,light_sleep,resting
2026-08-02T00:14:00Z,ATH_001,49.7,92.9,36.43,13.5,98.3,18.5,92,light_sleep,resting
2026-08-02T00:15:00Z,ATH_001,50.7,94.3,36.47,13.2,98.4,18.5,92,light_sleep,resting
2026-08-02T00:16:00Z,ATH_001,50.9,92.4,36.42,13.5,98.4,18.5,92,light_sleep,resting
2026-08-02T00:17:00Z,ATH_001,54.1,93.3,36.44,13.5,98.9,18.5,92,light_sleep,resting
2026-08-02T00:18:00Z,ATH_001,49.6,93.3,36.49,12.9,98.1,18.5,92,light_sleep,resting
2026-08-02T00:19:00Z,ATH_001,45.9,93.4,36.52,12.4,98.6,18.5,92,light_sleep,resting
2026-08-02T00:20:00Z,ATH_001,51.2,92.0,36.53,13.3,98.6,18.5,92,light_sleep,resting
2026-08-02T00:21:00Z,ATH_001,55.2,92.8,36.56,13.6,98.7,18.5,92,light_sleep,resting
2026-08-02T00:22:00Z,ATH_001,47.0,93.7,36.58,13.0,98.7,18.5,92,light_sleep,resting
2026-08-02T00:23:00Z,ATH_001,49.6,97.3,36.32,13.3,98.6,18.5,92,light_sleep,resting
2026-08-02T00:24:00Z,ATH_001,55.0,95.2,36.64,13.9,98.9,18.5,92,light_sleep,resting
2026-08-02T00:25:00Z,ATH_001,51.1,93.6,36.34,13.6,97.9,18.5,92,light_sleep,resting
2026-08-02T00:26:00Z,ATH_001,51.3,89.9,36.42,13.1,98.1,18.5,92,light_sleep,resting
2026-08-02T00:27:00Z,ATH_001,56.6,92.4,36.57,13.2,98.8,18.5,92,light_sleep,resting
2026-08-02T00:28:00Z,ATH_001,46.8,99.9,36.45,13.4,98.6,18.5,92,light_sleep,resting
2026-08-02T00:29:00Z,ATH_001,50.4,94.5,36.34,12.0,98.8,18.5,92,light_sleep,resting
2026-08-02T00:30:00Z,ATH_001,55.3,91.3,36.75,13.6,99.0,18.5,92,light_sleep,resting
2026-08-02T00:31:00Z,ATH_001,52.2,94.4,36.37,13.3,98.3,18.5,92,light_sleep,resting
2026-08-02T00:32:00Z,ATH_001,51.1,92.6,36.67,12.9,97.9,18.5,92,light_sleep,resting
2026-08-02T00:33:00Z,ATH_001,51.2,94.1,36.55,13.4,98.5,18.5,92,light_sleep,resting
2026-08-02T00:34:00Z,ATH_001,53.8,94.4,36.57,13.0,98.5,18.5,92,light_sleep,resting
2026-08-02T00:35:00Z,ATH_001,58.4,93.1,36.54,14.5,98.3,18.5,92,light_sleep,resting
2026-08-02T00:36:00Z,ATH_001,53.6,92.2,36.47,14.3,98.6,18.5,92,light_sleep,resting
2026-08-02T00:37:00Z,ATH_001,57.2,93.5,36.44,14.4,98.5,18.5,92,light_sleep,resting
2026-08-02T00:38:00Z,ATH_001,55.2,92.6,36.49,13.2,98.8,18.5,92,light_sleep,resting
2026-08-02T00:39:00Z,ATH_001,49.5,94.6,36.42,12.9,98.4,18.5,92,light_sleep,resting
2026-08-02T00:40:00Z,ATH_001,49.1,96.5,36.45,13.0,98.9,18.5,92,light_sleep,resting
2026-08-02T00:41:00Z,ATH_001,54.5,93.2,36.46,13.9,97.9,18.5,92,light_sleep,resting
2026-08-02T00:42:00Z,ATH_001,58.0,90.6,36.45,12.9,98.7,18.5,92,light_sleep,resting
2026-08-02T00:43:00Z,ATH_001,53.3,89.1,36.45,13.0,98.7,18.5,92,light_sleep,resting
2026-08-02T00:44:00Z,ATH_001,54.8,97.3,36.46,12.9,98.7,18.5,92,light_sleep,resting
2026-08-02T00:45:00Z,ATH_001,53.4,92.6,36.34,13.6,98.9,18.5,92,light_sleep,resting
2026-08-02T00:46:00Z,ATH_001,58.7,93.9,36.6,14.0,98.9,18.5,92,light_sleep,resting
2026-08-02T00:47:00Z,ATH_001,52.3,92.7,36.52,14.3,98.9,18.5,92,light_sleep,resting
2026-08-02T00:48:00Z,ATH_001,57.3,94.4,36.51,13.3,98.5,18.5,92,light_sleep,resting
2026-08-02T00:49:00Z,ATH_001,44.4,97.8,36.45,12.7,98.7,18.5,92,light_sleep,resting
2026-08-02T00:50:00Z,ATH_001,52.6,94.9,36.55,13.7,98.4,18.5,92,light_sleep,resting
2026-08-02T00:51:00Z,ATH_001,49.7,90.3,36.49,13.8,98.7,18.5,92,light_sleep,resting
2026-08-02T00:52:00Z,ATH_001,53.1,96.7,36.59,13.9,98.1,18.5,92,light_sleep,resting
2026-08-02T00:53:00Z,ATH_001,53.9,96.0,36.47,13.4,98.0,18.5,92,light_sleep,resting
2026-08-02T00:54:00Z,ATH_001,52.6,96.5,36.54,14.3,98.8,18.5,92,light_sleep,resting
2026-08-02T00:55:00Z,ATH_001,57.9,93.6,36.4,13.6,98.9,18.5,92,light_sleep,resting
2026-08-02T00:56:00Z,ATH_001,50.6,94.8,36.31,13.1,98.7,18.5,92,light_sleep,resting
2026-08-02T00:57:00Z,ATH_001,59.5,92.5,36.31,14.0,98.9,18.5,92,light_sleep,resting
2026-08-02T00:58:00Z,ATH_001,55.9,90.1,36.5,13.4,98.8,18.5,92,light_sleep,resting
2026-08-02T00:59:00Z,ATH_001,56.3,93.6,36.52,14.0,98.1,18.5,92,light_sleep,resting
2026-08-02T01:00:00Z,ATH_001,55.9,95.5,36.44,13.6,99.0,18.5,92,light_sleep,resting
2026-08-02T01:01:00Z,ATH_001,53.7,92.8,36.38,12.7,98.6,18.5,92,light_sleep,resting
2026-08-02T01:02:00Z,ATH_001,54.1,92.8,36.41,12.8,98.7,18.5,92,light_sleep,resting
2026-08-02T01:03:00Z,ATH_001,49.6,92.8,36.53,13.7,98.2,18.5,92,light_sleep,resting
2026-08-02T01:04:00Z,ATH_001,55.2,95.5,36.6,14.0,98.9,18.5,92,light_sleep,resting
2026-08-02T01:05:00Z,ATH_001,58.2,92.5,36.61,13.5,98.5,18.5,92,light_sleep,resting
2026-08-02T01:06:00Z,ATH_001,58.0,89.9,36.6,13.5,98.4,18.5,92,light_sleep,resting
2026-08-02T01:07:00Z,ATH_001,52.3,91.3,36.49,12.5,98.5,18.5,92,light_sleep,resting
2026-08-02T01:08:00Z,ATH_001,62.4,89.7,36.34,14.1,98.9,18.5,92,light_sleep,resting
2026-08-02T01:09:00Z,ATH_001,58.3,94.1,36.56,14.1,98.4,18.5,92,light_sleep,resting
2026-08-02T01:10:00Z,ATH_001,52.4,92.3,36.42,13.9,98.4,18.5,92,light_sleep,resting
2026-08-02T01:11:00Z,ATH_001,57.7,93.1,36.48,13.9,99.0,18.5,92,light_sleep,resting
2026-08-02T01:12:00Z,ATH_001,55.4,90.9,36.51,14.1,98.6,18.5,92,light_sleep,resting
2026-08-02T01:13:00Z,ATH_001,54.2,95.9,36.52,13.4,99.0,18.5,92,light_sleep,resting
2026-08-02T01:14:00Z,ATH_001,56.2,93.2,36.53,13.4,98.7,18.5,92,light_sleep,resting
2026-08-02T01:15:00Z,ATH_001,53.8,95.4,36.64,14.2,98.9,18.5,92,light_sleep,resting
2026-08-02T01:16:00Z,ATH_001,56.2,94.8,36.6,13.5,98.7,18.5,92,light_sleep,resting
2026-08-02T01:17:00Z,ATH_001,56.9,93.0,36.44,14.2,98.2,18.5,92,light_sleep,resting
2026-08-02T01:18:00Z,ATH_001,54.2,90.4,36.35,12.9,98.9,18.5,92,light_sleep,resting
2026-08-02T01:19:00Z,ATH_001,58.4,93.9,36.5,14.0,98.8,18.5,92,light_sleep,resting
2026-08-02T01:20:00Z,ATH_001,59.1,92.4,36.6,14.3,98.3,18.5,92,light_sleep,resting
2026-08-02T01:21:00Z,ATH_001,54.7,91.8,36.54,13.5,98.6,18.5,92,light_sleep,resting
2026-08-02T01:22:00Z,ATH_001,57.5,94.8,36.68,13.4,98.4,18.5,92,light_sleep,resting
2026-08-02T01:23:00Z,ATH_001,57.3,90.4,36.33,14.5,98.3,18.5,92,light_sleep,resting
2026-08-02T01:24:00Z,ATH_001,57.6,96.7,36.6,14.3,98.4,18.5,92,light_sleep,resting
2026-08-02T01:25:00Z,ATH_001,55.3,91.6,36.52,12.7,99.0,18.5,92,light_sleep,resting
2026-08-02T01:26:00Z,ATH_001,57.0,93.2,36.41,14.2,98.8,18.5,92,light_sleep,resting
2026-08-02T01:27:00Z,ATH_001,55.1,95.4,36.49,13.7,98.9,18.5,92,light_sleep,resting
2026-08-02T01:28:00Z,ATH_001,54.0,92.6,36.37,12.8,98.7,18.5,92,light_sleep,resting
2026-08-02T01:29:00Z,ATH_001,59.1,91.0,36.5,13.4,98.0,18.5,92,light_sleep,resting
2026-08-02T01:30:00Z,ATH_001,53.4,91.3,36.4,12.8,98.9,18.5,92,light_sleep,resting
2026-08-02T01:31:00Z,ATH_001,54.4,95.2,36.5,13.2,98.1,18.5,92,light_sleep,resting
2026-08-02T01:32:00Z,ATH_001,58.6,90.5,36.61,13.9,98.7,18.5,92,light_sleep,resting
2026-08-02T01:33:00Z,ATH_001,59.1,91.9,36.67,13.1,98.8,18.5,92,light_sleep,resting
2026-08-02T01:34:00Z,ATH_001,56.4,93.8,36.58,14.1,98.8,18.5,92,light_sleep,resting
2026-08-02T01:35:00Z,ATH_001,57.8,94.3,36.59,13.3,98.5,18.5,92,light_sleep,resting
2026-08-02T01:36:00Z,ATH_001,55.5,91.9,36.6,13.1,98.7,18.5,92,light_sleep,resting
2026-08-02T01:37:00Z,ATH_001,61.7,93.5,36.51,13.7,98.7,18.5,92,light_sleep,resting
2026-08-02T01:38:00Z,ATH_001,56.0,94.1,36.5,14.3,98.1,18.5,92,light_sleep,resting
2026-08-02T01:39:00Z,ATH_001,56.1,95.4,36.45,13.5,98.0,18.5,92,light_sleep,resting
2026-08-02T01:40:00Z,ATH_001,57.0,91.1,36.55,14.3,98.5,18.5,92,light_sleep,resting
2026-08-02T01:41:00Z,ATH_001,52.5,93.7,36.42,13.6,98.5,18.5,92,light_sleep,resting
2026-08-02T01:42:00Z,ATH_001,57.2,92.4,36.38,14.8,99.0,18.5,92,light_sleep,resting
2026-08-02T01:43:00Z,ATH_001,53.5,93.2,36.55,13.5,98.4,18.5,92,light_sleep,resting
2026-08-02T01:44:00Z,ATH_001,52.3,93.7,36.52,12.9,98.8,18.5,92,light_sleep,resting
2026-08-02T01:45:00Z,ATH_001,58.5,92.9,36.47,13.8,98.4,18.5,92,light_sleep,resting
2026-08-02T01:46:00Z,ATH_001,58.0,88.4,36.58,14.5,98.7,18.5,92,light_sleep,resting
2026-08-02T01:47:00Z,ATH_001,57.4,91.9,36.44,13.9,98.9,18.5,92,light_sleep,resting
2026-08-02T01:48:00Z,ATH_001,57.6,90.5,36.53,13.2,98.4,18.5,92,light_sleep,resting
2026-08-02T01:49:00Z,ATH_001,58.4,93.8,36.44,13.5,97.9,18.5,92,light_sleep,resting
2026-08-02T01:50:00Z,ATH_001,49.9,96.7,36.43,13.2,98.9,18.5,92,light_sleep,resting
2026-08-02T01:51:00Z,ATH_001,53.6,95.1,36.48,13.9,98.1,18.5,92,light_sleep,resting
2026-08-02T01:52:00Z,ATH_001,63.5,92.5,36.48,14.3,98.4,18.5,92,light_sleep,resting
2026-08-02T01:53:00Z,ATH_001,56.3,93.8,36.77,13.8,98.2,18.5,92,light_sleep,resting
2026-08-02T01:54:00Z,ATH_001,55.8,94.1,36.57,13.3,98.9,18.5,92,light_sleep,resting
2026-08-02T01:55:00Z,ATH_001,54.4,93.2,36.55,13.8,98.2,18.5,92,light_sleep,resting
2026-08-02T01:56:00Z,ATH_001,53.2,93.2,36.5,14.2,98.5,18.5,92,light_sleep,resting
2026-08-02T01:57:00Z,ATH_001,57.7,93.1,36.45,14.1,98.9,18.5,92,light_sleep,resting
2026-08-02T01:58:00Z,ATH_001,58.4,93.2,36.37,14.2,99.0,18.5,92,light_sleep,resting
2026-08-02T01:59:00Z,ATH_001,54.9,94.2,36.55,12.6,99.0,18.5,92,light_sleep,resting
2026-08-02T02:00:00Z,ATH_001,62.7,89.6,36.46,14.8,98.8,18.5,92,light_sleep,resting
2026-08-02T02:01:00Z,ATH_001,62.2,93.5,36.58,14.3,98.9,18.5,92,light_sleep,resting
2026-08-02T02:02:00Z,ATH_001,61.6,89.7,36.58,15.5,98.6,18.5,92,light_sleep,resting
2026-08-02T02:03:00Z,ATH_001,56.4,92.3,36.63,13.1,98.0,18.5,92,light_sleep,resting
2026-08-02T02:04:00Z,ATH_001,54.9,91.9,36.41,12.7,98.6,18.5,92,light_sleep,resting
2026-08-02T02:05:00Z,ATH_001,58.4,95.9,36.6,13.9,99.0,18.5,92,light_sleep,resting
2026-08-02T02:06:00Z,ATH_001,56.4,90.8,36.61,13.9,98.9,18.5,92,light_sleep,resting
2026-08-02T02:07:00Z,ATH_001,58.7,93.7,36.5,13.7,98.5,18.5,92,light_sleep,resting
2026-08-02T02:08:00Z,ATH_001,52.9,93.1,36.51,13.8,98.0,18.5,92,light_sleep,resting
2026-08-02T02:09:00Z,ATH_001,56.4,92.4,36.59,13.3,98.8,18.5,92,light_sleep,resting
2026-08-02T02:10:00Z,ATH_001,56.5,92.6,36.53,13.6,98.9,18.5,92,light_sleep,resting
2026-08-02T02:11:00Z,ATH_001,59.5,90.6,36.55,13.7,98.9,18.5,92,light_sleep,resting
2026-08-02T02:12:00Z,ATH_001,57.6,94.4,36.61,13.8,98.7,18.5,92,light_sleep,resting
2026-08-02T02:13:00Z,ATH_001,55.3,92.0,36.49,13.5,98.7,18.5,92,light_sleep,resting
2026-08-02T02:14:00Z,ATH_001,51.2,95.8,36.51,13.6,98.9,18.5,92,light_sleep,resting
2026-08-02T02:15:00Z,ATH_001,57.3,93.4,36.44,14.3,98.9,18.5,92,light_sleep,resting
2026-08-02T02:16:00Z,ATH_001,61.1,87.5,36.39,14.9,98.1,18.5,92,light_sleep,resting
2026-08-02T02:17:00Z,ATH_001,58.8,95.9,36.38,14.1,98.4,18.5,92,light_sleep,resting
2026-08-02T02:18:00Z,ATH_001,55.1,93.3,36.51,13.2,98.6,18.5,92,light_sleep,resting
2026-08-02T02:19:00Z,ATH_001,58.2,91.1,36.51,14.7,98.7,18.5,92,light_sleep,resting
2026-08-02T02:20:00Z,ATH_001,54.8,95.2,36.4,14.0,98.7,18.5,92,light_sleep,resting
2026-08-02T02:21:00Z,ATH_001,59.3,90.5,36.17,14.1,99.0,18.5,92,light_sleep,resting
2026-08-02T02:22:00Z,ATH_001,58.1,94.0,36.45,14.1,98.1,18.5,92,light_sleep,resting
2026-08-02T02:23:00Z,ATH_001,57.5,93.8,36.38,14.0,98.8,18.5,92,light_sleep,resting
2026-08-02T02:24:00Z,ATH_001,56.1,91.6,36.31,13.6,98.4,18.5,92,light_sleep,resting
2026-08-02T02:25:00Z,ATH_001,61.7,94.0,36.51,14.9,99.0,18.5,92,light_sleep,resting
2026-08-02T02:26:00Z,ATH_001,52.9,95.8,36.63,13.5,98.7,18.5,92,light_sleep,resting
2026-08-02T02:27:00Z,ATH_001,61.0,91.5,36.59,13.7,98.8,18.5,92,light_sleep,resting
2026-08-02T02:28:00Z,ATH_001,53.8,93.8,36.47,12.5,98.5,18.5,92,light_sleep,resting
2026-08-02T02:29:00Z,ATH_001,60.3,90.9,36.47,13.7,98.6,18.5,92,light_sleep,resting
2026-08-02T02:30:00Z,ATH_001,57.6,90.3,36.4,14.1,98.2,18.5,92,light_sleep,resting
2026-08-02T02:31:00Z,ATH_001,56.3,98.9,36.53,14.0,98.2,18.5,92,light_sleep,resting
2026-08-02T02:32:00Z,ATH_001,53.4,92.8,36.6,13.9,98.6,18.5,92,light_sleep,resting
2026-08-02T02:33:00Z,ATH_001,59.7,91.5,36.32,12.9,98.7,18.5,92,light_sleep,resting
2026-08-02T02:34:00Z,ATH_001,57.7,91.4,36.48,14.1,98.9,18.5,92,light_sleep,resting
2026-08-02T02:35:00Z,ATH_001,56.4,92.6,36.57,14.4,98.8,18.5,92,light_sleep,resting
2026-08-02T02:36:00Z,ATH_001,59.4,88.9,36.41,14.2,98.7,18.5,92,light_sleep,resting
2026-08-02T02:37:00Z,ATH_001,62.2,90.9,36.35,14.0,98.9,18.5,92,light_sleep,resting
2026-08-02T02:38:00Z,ATH_001,55.9,92.5,36.52,14.5,98.2,18.5,92,light_sleep,resting
2026-08-02T02:39:00Z,ATH_001,64.4,90.6,36.53,15.1,98.3,18.5,92,light_sleep,resting
2026-08-02T02:40:00Z,ATH_001,57.5,92.6,36.67,13.2,98.1,18.5,92,light_sleep,resting
2026-08-02T02:41:00Z,ATH_001,61.2,89.9,36.53,14.1,98.0,18.5,92,light_sleep,resting
2026-08-02T02:42:00Z,ATH_001,63.7,93.6,36.51,13.9,99.0,18.5,92,light_sleep,resting
2026-08-02T02:43:00Z,ATH_001,58.1,93.0,36.33,13.6,98.7,18.5,92,light_sleep,resting
2026-08-02T02:44:00Z,ATH_001,60.8,91.4,36.53,14.6,98.7,18.5,92,light_sleep,resting
2026-08-02T02:45:00Z,ATH_001,61.6,87.9,36.45,14.2,98.6,18.5,92,light_sleep,resting
2026-08-02T02:46:00Z,ATH_001,59.9,91.6,36.5,14.8,98.5,18.5,92,light_sleep,resting
2026-08-02T02:47:00Z,ATH_001,60.0,92.9,36.43,14.8,98.3,18.5,92,light_sleep,resting
2026-08-02T02:48:00Z,ATH_001,62.2,92.3,36.63,14.4,98.2,18.5,92,light_sleep,resting
2026-08-02T02:49:00Z,ATH_001,56.3,95.3,36.67,13.9,97.8,18.5,92,light_sleep,resting
2026-08-02T02:50:00Z,ATH_001,56.8,88.5,36.29,13.4,98.7,18.5,92,light_sleep,resting
2026-08-02T02:51:00Z,ATH_001,56.9,91.3,36.4,14.5,98.6,18.5,92,light_sleep,resting
2026-08-02T02:52:00Z,ATH_001,55.1,90.3,36.58,13.2,98.0,18.5,92,light_sleep,resting
2026-08-02T02:53:00Z,ATH_001,63.6,93.4,36.47,13.8,98.5,18.5,92,light_sleep,resting
2026-08-02T02:54:00Z,ATH_001,57.1,92.4,36.53,13.3,98.9,18.5,92,light_sleep,resting
2026-08-02T02:55:00Z,ATH_001,64.3,93.0,36.55,14.4,98.7,18.5,92,light_sleep,resting
2026-08-02T02:56:00Z,ATH_001,62.7,90.0,36.58,14.2,99.0,18.5,92,light_sleep,resting
2026-08-02T02:57:00Z,ATH_001,64.6,91.6,36.68,13.5,97.5,18.5,92,light_sleep,resting
2026-08-02T02:58:00Z,ATH_001,57.7,90.8,36.61,13.1,98.0,18.5,92,light_sleep,resting
2026-08-02T02:59:00Z,ATH_001,64.4,87.4,36.36,14.8,98.8,18.5,92,light_sleep,resting
2026-08-02T03:00:00Z,ATH_001,60.9,91.1,36.5,13.3,98.3,18.5,92,light_sleep,resting
2026-08-02T03:01:00Z,ATH_001,62.5,92.0,36.47,14.3,98.6,18.5,92,light_sleep,resting
2026-08-02T03:02:00Z,ATH_001,61.8,92.6,36.39,14.3,99.0,18.5,92,light_sleep,resting
2026-08-02T03:03:00Z,ATH_001,58.5,92.8,36.59,13.7,98.9,18.5,92,light_sleep,resting
2026-08-02T03:04:00Z,ATH_001,63.7,89.3,36.53,15.4,98.6,18.5,92,light_sleep,resting
2026-08-02T03:05:00Z,ATH_001,60.3,91.4,36.28,14.3,98.6,18.5,92,light_sleep,resting
2026-08-02T03:06:00Z,ATH_001,65.4,91.2,36.3,14.6,98.2,18.5,92,light_sleep,resting
2026-08-02T03:07:00Z,ATH_001,63.0,89.5,36.41,14.7,98.4,18.5,92,light_sleep,resting
2026-08-02T03:08:00Z,ATH_001,60.3,92.7,36.43,13.5,98.8,18.5,92,light_sleep,resting
2026-08-02T03:09:00Z,ATH_001,63.6,89.6,36.35,13.9,98.9,18.5,92,light_sleep,resting
2026-08-02T03:10:00Z,ATH_001,56.2,90.6,36.48,13.3,99.0,18.5,92,light_sleep,resting
2026-08-02T03:11:00Z,ATH_001,60.5,92.2,36.41,14.0,98.6,18.5,92,light_sleep,resting
2026-08-02T03:12:00Z,ATH_001,60.0,89.0,36.49,14.0,98.4,18.5,92,light_sleep,resting
2026-08-02T03:13:00Z,ATH_001,56.9,93.5,36.52,13.4,97.9,18.5,92,light_sleep,resting
2026-08-02T03:14:00Z,ATH_001,64.1,94.3,36.68,14.5,97.9,18.5,92,light_sleep,resting
2026-08-02T03:15:00Z,ATH_001,61.8,93.8,36.52,14.6,98.3,18.5,92,light_sleep,resting
2026-08-02T03:16:00Z,ATH_001,58.5,90.1,36.38,14.3,99.0,18.5,92,light_sleep,resting
2026-08-02T03:17:00Z,ATH_001,60.0,92.4,36.49,14.8,98.3,18.5,92,light_sleep,resting
2026-08-02T03:18:00Z,ATH_001,64.7,88.4,36.47,14.2,99.0,18.5,92,light_sleep,resting
2026-08-02T03:19:00Z,ATH_001,61.7,89.8,36.46,13.7,98.6,18.5,92,light_sleep,resting
2026-08-02T03:20:00Z,ATH_001,66.0,90.1,36.25,14.1,98.8,18.5,92,light_sleep,resting
2026-08-02T03:21:00Z,ATH_001,60.8,87.6,36.65,14.5,99.0,18.5,92,light_sleep,resting
2026-08-02T03:22:00Z,ATH_001,54.0,94.0,36.41,13.8,98.4,18.5,92,light_sleep,resting
2026-08-02T03:23:00Z,ATH_001,60.6,91.2,36.52,13.9,98.9,18.5,92,light_sleep,resting
2026-08-02T03:24:00Z,ATH_001,61.8,90.1,36.4,13.8,98.4,18.5,92,light_sleep,resting
2026-08-02T03:25:00Z,ATH_001,59.9,92.3,36.36,14.0,98.5,18.5,92,light_sleep,resting
2026-08-02T03:26:00Z,ATH_001,68.2,92.6,36.49,14.4,98.3,18.5,92,light_sleep,resting
2026-08-02T03:27:00Z,ATH_001,58.0,91.9,36.56,14.1,98.9,18.5,92,light_sleep,resting
2026-08-02T03:28:00Z,ATH_001,62.6,90.3,36.47,14.8,98.4,18.5,92,light_sleep,resting
2026-08-02T03:29:00Z,ATH_001,63.0,90.6,36.44,14.2,98.3,18.5,92,light_sleep,resting
2026-08-02T03:30:00Z,ATH_001,67.7,89.5,36.49,14.4,98.3,18.5,92,light_sleep,resting
2026-08-02T03:31:00Z,ATH_001,61.1,92.4,36.58,14.5,98.7,18.5,92,light_sleep,resting
2026-08-02T03:32:00Z,ATH_001,62.6,92.8,36.37,14.4,98.9,18.5,92,light_sleep,resting
2026-08-02T03:33:00Z,ATH_001,61.7,93.9,36.58,14.0,98.9,18.5,92,light_sleep,resting
2026-08-02T03:34:00Z,ATH_001,66.2,90.2,36.43,14.4,98.5,18.5,92,light_sleep,resting
2026-08-02T03:35:00Z,ATH_001,58.3,93.1,36.55,13.8,98.3,18.5,92,light_sleep,resting
2026-08-02T03:36:00Z,ATH_001,72.4,87.8,36.77,15.4,98.9,18.5,92,light_sleep,resting
2026-08-02T03:37:00Z,ATH_001,65.2,90.0,36.5,14.7,98.9,18.5,92,light_sleep,resting
2026-08-02T03:38:00Z,ATH_001,61.2,93.1,36.32,14.2,98.9,18.5,92,light_sleep,resting
2026-08-02T03:39:00Z,ATH_001,60.6,95.3,36.41,14.6,98.5,18.5,92,light_sleep,resting
2026-08-02T03:40:00Z,ATH_001,58.0,90.7,36.43,13.7,98.6,18.5,92,light_sleep,resting
2026-08-02T03:41:00Z,ATH_001,67.9,90.8,36.47,14.0,99.0,18.5,92,light_sleep,resting
2026-08-02T03:42:00Z,ATH_001,67.7,87.1,36.34,14.4,98.8,18.5,92,light_sleep,resting
2026-08-02T03:43:00Z,ATH_001,60.0,92.3,36.33,13.9,98.2,18.5,92,light_sleep,resting
2026-08-02T03:44:00Z,ATH_001,68.3,90.0,36.74,15.8,98.7,18.5,92,light_sleep,resting
2026-08-02T03:45:00Z,ATH_001,60.5,93.1,36.54,14.0,99.0,18.5,92,light_sleep,resting
2026-08-02T03:46:00Z,ATH_001,59.0,92.7,36.52,13.0,98.4,18.5,92,light_sleep,resting
2026-08-02T03:47:00Z,ATH_001,65.5,88.1,36.57,14.9,98.5,18.5,92,light_sleep,resting
2026-08-02T03:48:00Z,ATH_001,63.9,91.7,36.45,14.4,98.2,18.5,92,light_sleep,resting
2026-08-02T03:49:00Z,ATH_001,60.7,89.5,36.46,14.2,98.7,18.5,92,light_sleep,resting
2026-08-02T03:50:00Z,ATH_001,58.9,90.5,36.61,13.7,98.1,18.5,92,light_sleep,resting
2026-08-02T03:51:00Z,ATH_001,65.1,88.8,36.58,14.6,98.5,18.5,92,light_sleep,resting
2026-08-02T03:52:00Z,ATH_001,64.5,93.4,36.55,14.5,98.2,18.5,92,light_sleep,resting
2026-08-02T03:53:00Z,ATH_001,61.2,93.7,36.59,14.4,98.7,18.5,92,light_sleep,resting
2026-08-02T03:54:00Z,ATH_001,60.6,93.8,36.41,13.9,98.8,18.5,92,light_sleep,resting
2026-08-02T03:55:00Z,ATH_001,65.8,89.9,36.38,14.8,98.7,18.5,92,light_sleep,resting
2026-08-02T03:56:00Z,ATH_001,66.6,90.1,36.47,13.9,98.7,18.5,92,light_sleep,resting
2026-08-02T03:57:00Z,ATH_001,62.8,87.8,36.45,14.5,98.8,18.5,92,light_sleep,resting
2026-08-02T03:58:00Z,ATH_001,59.8,96.6,36.49,14.4,98.3,18.5,92,light_sleep,resting
2026-08-02T03:59:00Z,ATH_001,62.3,91.6,36.5,14.8,98.1,18.5,92,light_sleep,resting
2026-08-02T04:00:00Z,ATH_001,60.4,92.3,36.57,14.1,98.9,18.5,92,light_sleep,resting
2026-08-02T04:01:00Z,ATH_001,64.6,90.1,36.46,14.9,98.6,18.5,92,light_sleep,resting
2026-08-02T04:02:00Z,ATH_001,64.2,92.3,36.6,14.3,98.8,18.5,92,light_sleep,resting
2026-08-02T04:03:00Z,ATH_001,66.4,89.6,36.33,14.8,98.4,18.5,92,light_sleep,resting
2026-08-02T04:04:00Z,ATH_001,66.1,92.7,36.43,14.4,99.0,18.5,92,light_sleep,resting
2026-08-02T04:05:00Z,ATH_001,62.3,94.6,36.51,14.4,98.6,18.5,92,light_sleep,resting
2026-08-02T04:06:00Z,ATH_001,68.3,93.5,36.4,14.9,98.7,18.5,92,light_sleep,resting
2026-08-02T04:07:00Z,ATH_001,68.1,90.5,36.45,14.7,98.9,18.5,92,light_sleep,resting
2026-08-02T04:08:00Z,ATH_001,63.4,93.2,36.46,13.8,98.6,18.5,92,light_sleep,resting
2026-08-02T04:09:00Z,ATH_001,64.3,90.9,36.34,15.2,98.9,18.5,92,light_sleep,resting
2026-08-02T04:10:00Z,ATH_001,61.6,90.8,36.58,14.0,98.5,18.5,92,light_sleep,resting
2026-08-02T04:11:00Z,ATH_001,64.9,90.2,36.43,13.6,98.4,18.5,92,light_sleep,resting
2026-08-02T04:12:00Z,ATH_001,64.7,90.0,36.41,14.3,98.4,18.5,92,light_sleep,resting
2026-08-02T04:13:00Z,ATH_001,59.8,93.8,36.73,14.7,98.9,18.5,92,light_sleep,resting
2026-08-02T04:14:00Z,ATH_001,63.2,87.6,36.37,14.6,98.9,18.5,92,light_sleep,resting
2026-08-02T04:15:00Z,ATH_001,61.5,88.6,36.59,14.0,98.7,18.5,92,light_sleep,resting
2026-08-02T04:16:00Z,ATH_001,63.9,96.2,36.47,13.8,98.4,18.5,92,light_sleep,resting
2026-08-02T04:17:00Z,ATH_001,61.6,90.2,36.35,13.8,97.9,18.5,92,light_sleep,resting
2026-08-02T04:18:00Z,ATH_001,58.9,89.3,36.64,14.4,98.6,18.5,92,light_sleep,resting
2026-08-02T04:19:00Z,ATH_001,64.1,91.3,36.54,13.5,98.8,18.5,92,light_sleep,resting
2026-08-02T04:20:00Z,ATH_001,64.4,94.2,36.44,15.1,98.2,18.5,92,light_sleep,resting
2026-08-02T04:21:00Z,ATH_001,63.8,92.4,36.45,13.4,98.9,18.5,92,light_sleep,resting
2026-08-02T04:22:00Z,ATH_001,64.5,92.8,36.63,13.9,98.2,18.5,92,light_sleep,resting
2026-08-02T04:23:00Z,ATH_001,69.8,85.8,36.57,14.9,98.2,18.5,92,light_sleep,resting
2026-08-02T04:24:00Z,ATH_001,69.6,88.7,36.42,14.9,98.8,18.5,92,light_sleep,resting
2026-08-02T04:25:00Z,ATH_001,64.9,91.3,36.59,14.5,98.8,18.5,92,light_sleep,resting
2026-08-02T04:26:00Z,ATH_001,61.9,92.6,36.57,14.3,98.1,18.5,92,light_sleep,resting
2026-08-02T04:27:00Z,ATH_001,61.2,95.5,36.44,13.6,98.5,18.5,92,light_sleep,resting
2026-08-02T04:28:00Z,ATH_001,63.5,92.5,36.7,13.9,99.0,18.5,92,light_sleep,resting
2026-08-02T04:29:00Z,ATH_001,61.6,95.3,36.54,13.8,98.3,18.5,92,light_sleep,resting
2026-08-02T04:30:00Z,ATH_001,60.6,90.9,36.36,14.0,98.1,18.5,92,light_sleep,resting
2026-08-02T04:31:00Z,ATH_001,58.6,94.3,36.28,14.2,98.6,18.5,92,light_sleep,resting
2026-08-02T04:32:00Z,ATH_001,61.9,90.1,36.51,14.2,98.7,18.5,92,light_sleep,resting
2026-08-02T04:33:00Z,ATH_001,68.7,88.6,36.41,14.9,98.8,18.5,92,light_sleep,resting
2026-08-02T04:34:00Z,ATH_001,60.9,93.9,36.44,15.0,98.8,18.5,92,light_sleep,resting
2026-08-02T04:35:00Z,ATH_001,59.1,91.2,36.45,14.2,98.3,18.5,92,light_sleep,resting
2026-08-02T04:36:00Z,ATH_001,63.1,92.9,36.48,15.5,98.8,18.5,92,light_sleep,resting
2026-08-02T04:37:00Z,ATH_001,62.5,92.1,36.49,14.4,99.0,18.5,92,light_sleep,resting
2026-08-02T04:38:00Z,ATH_001,63.9,95.9,36.45,14.3,98.4,18.5,92,light_sleep,resting
2026-08-02T04:39:00Z,ATH_001,60.6,91.5,36.39,14.5,98.2,18.5,92,light_sleep,resting
2026-08-02T04:40:00Z,ATH_001,60.9,93.0,36.63,13.8,98.3,18.5,92,light_sleep,resting
2026-08-02T04:41:00Z,ATH_001,59.2,93.6,36.5,14.6,98.2,18.5,92,light_sleep,resting
2026-08-02T04:42:00Z,ATH_001,63.3,92.3,36.3,13.7,98.7,18.5,92,light_sleep,resting
2026-08-02T04:43:00Z,ATH_001,61.5,92.9,36.41,14.6,99.0,18.5,92,light_sleep,resting
2026-08-02T04:44:00Z,ATH_001,65.0,86.3,36.58,14.9,98.4,18.5,92,light_sleep,resting
2026-08-02T04:45:00Z,ATH_001,65.4,88.4,36.69,14.8,98.9,18.5,92,light_sleep,resting
2026-08-02T04:46:00Z,ATH_001,67.4,93.9,36.52,14.2,98.9,18.5,92,light_sleep,resting
2026-08-02T04:47:00Z,ATH_001,64.7,93.5,36.44,14.0,98.8,18.5,92,light_sleep,resting
2026-08-02T04:48:00Z,ATH_001,58.3,91.8,36.39,14.4,98.8,18.5,92,light_sleep,resting
2026-08-02T04:49:00Z,ATH_001,62.1,88.5,36.63,13.9,99.0,18.5,92,light_sleep,resting
2026-08-02T04:50:00Z,ATH_001,62.6,88.9,36.28,14.3,98.3,18.5,92,light_sleep,resting
2026-08-02T04:51:00Z,ATH_001,66.3,87.8,36.5,14.3,98.9,18.5,92,light_sleep,resting
2026-08-02T04:52:00Z,ATH_001,67.2,91.3,36.61,15.0,98.4,18.5,92,light_sleep,resting
2026-08-02T04:53:00Z,ATH_001,61.9,90.3,36.39,13.7,98.8,18.5,92,light_sleep,resting
2026-08-02T04:54:00Z,ATH_001,65.8,90.4,36.53,14.6,98.3,18.5,92,light_sleep,resting
2026-08-02T04:55:00Z,ATH_001,63.2,91.7,36.55,13.9,98.4,18.5,92,light_sleep,resting
2026-08-02T04:56:00Z,ATH_001,61.6,90.7,36.45,14.3,98.9,18.5,92,light_sleep,resting
2026-08-02T04:57:00Z,ATH_001,59.6,93.1,36.44,14.2,98.7,18.5,92,light_sleep,resting
2026-08-02T04:58:00Z,ATH_001,64.7,89.9,36.45,14.3,98.3,18.5,92,light_sleep,resting
2026-08-02T04:59:00Z,ATH_001,60.6,87.8,36.35,13.8,98.9,18.5,92,light_sleep,resting
2026-08-02T05:00:00Z,ATH_001,63.5,95.4,36.51,13.3,98.9,18.5,92,light_sleep,resting
2026-08-02T05:01:00Z,ATH_001,65.8,93.9,36.49,14.5,98.9,18.5,92,light_sleep,resting
2026-08-02T05:02:00Z,ATH_001,65.6,91.0,36.49,14.3,99.0,18.5,92,light_sleep,resting
2026-08-02T05:03:00Z,ATH_001,60.2,95.0,36.61,14.0,98.9,18.5,92,light_sleep,resting
2026-08-02T05:04:00Z,ATH_001,65.9,89.4,36.47,15.2,98.4,18.5,92,light_sleep,resting
2026-08-02T05:05:00Z,ATH_001,67.2,90.1,36.38,14.9,98.4,18.5,92,light_sleep,resting
2026-08-02T05:06:00Z,ATH_001,65.6,87.6,36.28,13.8,99.0,18.5,92,light_sleep,resting
2026-08-02T05:07:00Z,ATH_001,63.3,94.9,36.41,14.8,98.3,18.5,92,light_sleep,resting
2026-08-02T05:08:00Z,ATH_001,60.3,93.6,36.53,14.7,98.6,18.5,92,light_sleep,resting
2026-08-02T05:09:00Z,ATH_001,61.5,88.4,36.58,14.7,98.1,18.5,92,light_sleep,resting
2026-08-02T05:10:00Z,ATH_001,70.7,88.8,36.66,15.1,98.9,18.5,92,light_sleep,resting
2026-08-02T05:11:00Z,ATH_001,60.2,91.3,36.68,14.5,98.9,18.5,92,light_sleep,resting
2026-08-02T05:12:00Z,ATH_001,66.3,90.2,36.4,14.6,98.9,18.5,92,light_sleep,resting
2026-08-02T05:13:00Z,ATH_001,68.1,90.1,36.54,14.7,98.7,18.5,92,light_sleep,resting
2026-08-02T05:14:00Z,ATH_001,58.9,93.4,36.48,13.9,98.7,18.5,92,light_sleep,resting
2026-08-02T05:15:00Z,ATH_001,63.0,90.4,36.39,14.8,98.6,18.5,92,light_sleep,resting
2026-08-02T05:16:00Z,ATH_001,58.1,93.2,36.53,13.2,98.3,18.5,92,light_sleep,resting
2026-08-02T05:17:00Z,ATH_001,66.6,90.3,36.56,13.8,98.7,18.5,92,light_sleep,resting
2026-08-02T05:18:00Z,ATH_001,63.4,86.3,36.46,13.7,98.3,18.5,92,light_sleep,resting
2026-08-02T05:19:00Z,ATH_001,60.0,90.6,36.5,13.3,98.7,18.5,92,light_sleep,resting
2026-08-02T05:20:00Z,ATH_001,66.0,91.7,36.52,14.1,98.9,18.5,92,light_sleep,resting
2026-08-02T05:21:00Z,ATH_001,61.4,93.0,36.66,14.1,98.3,18.5,92,light_sleep,resting
2026-08-02T05:22:00Z,ATH_001,62.3,87.5,36.6,14.0,98.9,18.5,92,light_sleep,resting
2026-08-02T05:23:00Z,ATH_001,61.1,90.9,36.55,14.8,98.9,18.5,92,light_sleep,resting
2026-08-02T05:24:00Z,ATH_001,63.9,90.7,36.52,13.6,98.6,18.5,92,light_sleep,resting
2026-08-02T05:25:00Z,ATH_001,61.1,91.8,36.66,13.5,98.4,18.5,92,light_sleep,resting
2026-08-02T05:26:00Z,ATH_001,63.5,91.6,36.59,14.5,98.6,18.5,92,light_sleep,resting
2026-08-02T05:27:00Z,ATH_001,70.5,87.1,36.42,15.8,98.4,18.5,92,light_sleep,resting
2026-08-02T05:28:00Z,ATH_001,66.8,87.7,36.55,15.9,98.7,18.5,92,light_sleep,resting
2026-08-02T05:29:00Z,ATH_001,63.3,85.6,36.55,14.2,98.3,18.5,92,light_sleep,resting
2026-08-02T05:30:00Z,ATH_001,64.9,90.6,36.34,15.0,98.8,18.5,92,light_sleep,resting
2026-08-02T05:31:00Z,ATH_001,69.8,89.6,36.62,15.0,98.7,18.5,92,light_sleep,resting
2026-08-02T05:32:00Z,ATH_001,62.4,88.6,36.58,13.6,98.6,18.5,92,light_sleep,resting
2026-08-02T05:33:00Z,ATH_001,66.1,91.9,36.48,14.5,98.8,18.5,92,light_sleep,resting
2026-08-02T05:34:00Z,ATH_001,69.7,89.3,36.44,14.5,98.9,18.5,92,light_sleep,resting
2026-08-02T05:35:00Z,ATH_001,59.7,92.3,36.52,14.2,98.9,18.5,92,light_sleep,resting
2026-08-02T05:36:00Z,ATH_001,67.5,87.6,36.39,14.9,98.3,18.5,92,light_sleep,resting
2026-08-02T05:37:00Z,ATH_001,62.6,89.3,36.41,14.3,98.6,18.5,92,light_sleep,resting
2026-08-02T05:38:00Z,ATH_001,68.7,89.6,36.42,14.2,97.4,18.5,92,light_sleep,resting
2026-08-02T05:39:00Z,ATH_001,58.0,94.0,36.53,13.2,98.7,18.5,92,light_sleep,resting
2026-08-02T05:40:00Z,ATH_001,65.0,90.7,36.66,15.1,98.7,18.5,92,light_sleep,resting
2026-08-02T05:41:00Z,ATH_001,66.4,92.2,36.38,14.2,97.8,18.5,92,light_sleep,resting
2026-08-02T05:42:00Z,ATH_001,64.3,90.8,36.56,14.9,98.8,18.5,92,light_sleep,resting
2026-08-02T05:43:00Z,ATH_001,64.2,90.7,36.58,14.8,99.0,18.5,92,light_sleep,resting
2026-08-02T05:44:00Z,ATH_001,66.0,86.8,36.4,14.1,98.4,18.5,92,light_sleep,resting
2026-08-02T05:45:00Z,ATH_001,66.1,89.8,36.49,14.0,98.5,18.5,92,light_sleep,resting
2026-08-02T05:46:00Z,ATH_001,64.3,89.8,36.46,14.4,98.0,18.5,92,light_sleep,resting
2026-08-02T05:47:00Z,ATH_001,66.9,88.6,36.63,14.2,98.9,18.5,92,light_sleep,resting
2026-08-02T05:48:00Z,ATH_001,71.3,90.4,36.51,15.8,98.9,18.5,92,light_sleep,resting
2026-08-02T05:49:00Z,ATH_001,67.0,87.6,36.46,15.1,98.1,18.5,92,light_sleep,resting
2026-08-02T05:50:00Z,ATH_001,65.8,90.3,36.51,14.6,98.8,18.5,92,light_sleep,resting
2026-08-02T05:51:00Z,ATH_001,63.8,95.6,36.33,14.5,98.5,18.5,92,light_sleep,resting
2026-08-02T05:52:00Z,ATH_001,59.7,93.0,36.67,14.7,99.0,18.5,92,light_sleep,resting
2026-08-02T05:53:00Z,ATH_001,63.8,90.7,36.69,14.2,98.8,18.5,92,light_sleep,resting
2026-08-02T05:54:00Z,ATH_001,65.1,91.2,36.44,14.9,97.9,18.5,92,light_sleep,resting
2026-08-02T05:55:00Z,ATH_001,68.0,88.3,36.51,14.9,99.0,18.5,92,light_sleep,resting
2026-08-02T05:56:00Z,ATH_001,65.8,93.1,36.63,13.7,98.2,18.5,92,light_sleep,resting
2026-08-02T05:57:00Z,ATH_001,65.6,84.4,36.64,15.8,97.6,18.5,92,light_sleep,resting
2026-08-02T05:58:00Z,ATH_001,65.0,91.7,36.39,14.3,98.7,18.5,92,light_sleep,resting
2026-08-02T05:59:00Z,ATH_001,66.1,85.2,36.59,15.8,98.4,18.5,92,light_sleep,resting
2026-08-02T06:00:00Z,ATH_001,68.1,89.1,36.46,14.5,98.5,18.5,92,light_sleep,resting
2026-08-02T06:01:00Z,ATH_001,70.9,89.7,36.6,14.5,98.6,18.5,92,light_sleep,resting
2026-08-02T06:02:00Z,ATH_001,66.1,89.5,36.49,15.2,98.2,18.5,92,light_sleep,resting
2026-08-02T06:03:00Z,ATH_001,60.5,93.6,36.48,14.6,97.6,18.5,92,light_sleep,resting
2026-08-02T06:04:00Z,ATH_001,66.3,89.2,36.41,15.2,98.9,18.5,92,light_sleep,resting
2026-08-02T06:05:00Z,ATH_001,66.5,89.5,36.52,14.2,98.6,18.5,92,light_sleep,resting
2026-08-02T06:06:00Z,ATH_001,67.2,89.4,36.45,15.1,98.8,18.5,92,light_sleep,resting
2026-08-02T06:07:00Z,ATH_001,65.3,90.4,36.43,14.7,98.6,18.5,92,light_sleep,resting
2026-08-02T06:08:00Z,ATH_001,64.1,91.5,36.39,14.2,98.7,18.5,92,light_sleep,resting
2026-08-02T06:09:00Z,ATH_001,61.6,92.0,36.71,14.3,98.7,18.5,92,light_sleep,resting
2026-08-02T06:10:00Z,ATH_001,59.7,89.9,36.54,14.0,98.5,18.5,92,light_sleep,resting
2026-08-02T06:11:00Z,ATH_001,67.4,91.0,36.68,14.5,98.4,18.5,92,light_sleep,resting
2026-08-02T06:12:00Z,ATH_001,63.7,88.6,36.49,14.1,98.9,18.5,92,light_sleep,resting
2026-08-02T06:13:00Z,ATH_001,60.3,94.5,36.28,13.5,98.8,18.5,92,light_sleep,resting
2026-08-02T06:14:00Z,ATH_001,65.3,90.3,36.42,15.7,98.6,18.5,92,light_sleep,resting
2026-08-02T06:15:00Z,ATH_001,63.1,89.8,36.55,14.0,98.6,18.5,92,light_sleep,resting
2026-08-02T06:16:00Z,ATH_001,63.1,94.0,36.59,14.3,98.3,18.5,92,light_sleep,resting
2026-08-02T06:17:00Z,ATH_001,65.3,90.3,36.62,14.2,97.8,18.5,92,light_sleep,resting
2026-08-02T06:18:00Z,ATH_001,66.8,92.9,36.3,14.0,97.9,18.5,92,light_sleep,resting
2026-08-02T06:19:00Z,ATH_001,67.4,89.9,36.57,14.2,98.6,18.5,92,light_sleep,resting
2026-08-02T06:20:00Z,ATH_001,62.1,89.9,36.58,15.2,98.6,18.5,92,light_sleep,resting
2026-08-02T06:21:00Z,ATH_001,64.4,92.8,36.59,15.6,98.3,18.5,92,light_sleep,resting
2026-08-02T06:22:00Z,ATH_001,60.2,94.6,36.35,13.2,98.8,18.5,92,light_sleep,resting
2026-08-02T06:23:00Z,ATH_001,65.3,93.6,36.45,14.3,98.1,18.5,92,light_sleep,resting
2026-08-02T06:24:00Z,ATH_001,64.1,93.4,36.56,14.4,98.7,18.5,92,light_sleep,resting
2026-08-02T06:25:00Z,ATH_001,66.4,90.9,36.42,15.1,98.7,18.5,92,light_sleep,resting
2026-08-02T06:26:00Z,ATH_001,66.5,92.3,36.41,14.3,98.9,18.5,92,light_sleep,resting
2026-08-02T06:27:00Z,ATH_001,67.9,94.0,36.3,14.3,98.1,18.5,92,light_sleep,resting
2026-08-02T06:28:00Z,ATH_001,67.8,89.3,36.46,15.4,98.5,18.5,92,light_sleep,resting
2026-08-02T06:29:00Z,ATH_001,63.4,86.8,36.46,14.7,98.4,18.5,92,light_sleep,resting
2026-08-02T06:30:00Z,ATH_001,64.3,85.6,36.41,13.4,98.8,18.5,92,light_sleep,resting
2026-08-02T06:31:00Z,ATH_001,60.2,89.0,36.34,14.3,98.6,18.5,92,light_sleep,resting
2026-08-02T06:32:00Z,ATH_001,66.7,91.7,36.55,15.4,98.8,18.5,92,light_sleep,resting
2026-08-02T06:33:00Z,ATH_001,66.1,93.4,36.49,14.3,98.8,18.5,92,light_sleep,resting
2026-08-02T06:34:00Z,ATH_001,61.4,89.6,36.28,14.2,98.7,18.5,92,light_sleep,resting
2026-08-02T06:35:00Z,ATH_001,67.9,91.2,36.49,14.5,98.9,18.5,92,light_sleep,resting
2026-08-02T06:36:00Z,ATH_001,57.3,93.6,36.62,13.8,98.7,18.5,92,light_sleep,resting
2026-08-02T06:37:00Z,ATH_001,62.5,91.2,36.54,15.5,98.3,18.5,92,light_sleep,resting
2026-08-02T06:38:00Z,ATH_001,65.7,92.5,36.53,14.8,98.5,18.5,92,light_sleep,resting
2026-08-02T06:39:00Z,ATH_001,64.2,94.5,36.63,13.9,98.1,18.5,92,light_sleep,resting
2026-08-02T06:40:00Z,ATH_001,63.9,87.9,36.46,13.9,99.0,18.5,92,light_sleep,resting
2026-08-02T06:41:00Z,ATH_001,65.2,90.2,36.27,13.9,98.7,18.5,92,light_sleep,resting
2026-08-02T06:42:00Z,ATH_001,63.5,89.6,36.37,13.6,98.8,18.5,92,light_sleep,resting
2026-08-02T06:43:00Z,ATH_001,66.4,87.7,36.37,13.6,99.0,18.5,92,light_sleep,resting
2026-08-02T06:44:00Z,ATH_001,59.6,89.0,36.44,13.9,98.7,18.5,92,light_sleep,resting
2026-08-02T06:45:00Z,ATH_001,64.9,84.4,36.47,14.4,98.5,18.5,92,light_sleep,resting
2026-08-02T06:46:00Z,ATH_001,62.5,93.1,36.32,14.4,98.3,18.5,92,light_sleep,resting
2026-08-02T06:47:00Z,ATH_001,64.7,87.8,36.37,14.1,98.9,18.5,92,light_sleep,resting
2026-08-02T06:48:00Z,ATH_001,56.8,93.7,36.59,14.1,98.5,18.5,92,light_sleep,resting
2026-08-02T06:49:00Z,ATH_001,63.4,86.9,36.47,14.4,98.8,18.5,92,light_sleep,resting
2026-08-02T06:50:00Z,ATH_001,62.9,89.1,36.52,13.9,98.4,18.5,92,light_sleep,resting
2026-08-02T06:51:00Z,ATH_001,64.6,88.6,36.59,14.3,98.8,18.5,92,light_sleep,resting
2026-08-02T06:52:00Z,ATH_001,68.4,93.8,36.69,15.5,98.3,18.5,92,light_sleep,resting
2026-08-02T06:53:00Z,ATH_001,58.1,92.2,36.39,13.9,98.4,18.5,92,light_sleep,resting
2026-08-02T06:54:00Z,ATH_001,59.8,86.1,36.6,14.3,98.9,18.5,92,light_sleep,resting
2026-08-02T06:55:00Z,ATH_001,68.6,85.8,36.55,15.4,98.9,18.5,92,light_sleep,resting
2026-08-02T06:56:00Z,ATH_001,66.3,92.7,36.55,13.8,98.3,18.5,92,light_sleep,resting
2026-08-02T06:57:00Z,ATH_001,63.4,91.2,36.38,13.4,98.2,18.5,92,light_sleep,resting
2026-08-02T06:58:00Z,ATH_001,66.0,91.6,36.48,14.6,98.1,18.5,92,light_sleep,resting
2026-08-02T06:59:00Z,ATH_001,65.2,93.6,36.4,15.0,98.3,18.5,92,light_sleep,resting
2026-08-02T07:00:00Z,ATH_001,62.9,94.0,36.45,14.3,98.9,18.5,92,awake,light
2026-08-02T07:01:00Z,ATH_001,61.2,93.2,36.49,14.0,98.5,18.5,92,awake,light
2026-08-02T07:02:00Z,ATH_001,64.1,91.1,36.36,14.2,98.8,18.5,92,awake,light
2026-08-02T07:03:00Z,ATH_001,66.4,92.6,36.62,14.8,99.0,18.5,92,awake,light
2026-08-02T07:04:00Z,ATH_001,66.0,89.2,36.73,14.4,98.7,18.5,92,awake,light
2026-08-02T07:05:00Z,ATH_001,63.3,90.2,36.55,13.8,99.0,18.5,92,awake,light
2026-08-02T07:06:00Z,ATH_001,66.5,90.4,36.48,14.7,98.0,18.5,92,awake,light
2026-08-02T07:07:00Z,ATH_001,66.6,90.3,36.34,14.6,98.9,18.5,92,awake,light
2026-08-02T07:08:00Z,ATH_001,64.9,88.7,36.3,14.2,98.6,18.5,92,awake,light
2026-08-02T07:09:00Z,ATH_001,60.1,91.5,36.47,14.4,98.2,18.5,92,awake,light
2026-08-02T07:10:00Z,ATH_001,66.4,88.1,36.63,14.2,98.2,18.5,92,awake,light
2026-08-02T07:11:00Z,ATH_001,58.8,92.5,36.54,14.7,98.7,18.5,92,awake,light
2026-08-02T07:12:00Z,ATH_001,67.4,88.0,36.68,14.3,98.1,18.5,92,awake,light
2026-08-02T07:13:00Z,ATH_001,63.7,89.3,36.48,13.9,98.6,18.5,92,awake,light
2026-08-02T07:14:00Z,ATH_001,64.2,89.9,36.58,14.9,98.9,18.5,92,awake,light
2026-08-02T07:15:00Z,ATH_001,61.2,91.3,36.53,14.2,98.8,18.5,92,awake,light
2026-08-02T07:16:00Z,ATH_001,63.3,92.5,36.53,13.8,98.3,18.5,92,awake,light
2026-08-02T07:17:00Z,ATH_001,68.8,91.0,36.51,15.2,98.5,18.5,92,awake,light
2026-08-02T07:18:00Z,ATH_001,61.5,92.8,36.51,14.3,98.8,18.5,92,awake,light
2026-08-02T07:19:00Z,ATH_001,60.8,91.8,36.24,13.6,98.6,18.5,92,awake,light
2026-08-02T07:20:00Z,ATH_001,64.9,92.0,36.46,15.3,98.4,18.5,92,awake,light
2026-08-02T07:21:00Z,ATH_001,62.7,93.2,36.64,13.3,98.6,18.5,92,awake,light
2026-08-02T07:22:00Z,ATH_001,67.5,90.0,36.44,14.6,98.8,18.5,92,awake,light
2026-08-02T07:23:00Z,ATH_001,61.3,89.7,36.58,13.9,98.7,18.5,92,awake,light
2026-08-02T07:24:00Z,ATH_001,62.0,94.1,36.46,14.2,97.7,18.5,92,awake,light
2026-08-02T07:25:00Z,ATH_001,65.3,90.6,36.66,15.1,98.2,18.5,92,awake,light
2026-08-02T07:26:00Z,ATH_001,67.1,92.7,36.58,15.1,98.4,18.5,92,awake,light
2026-08-02T07:27:00Z,ATH_001,61.1,93.4,36.42,13.3,97.7,18.5,92,awake,light
2026-08-02T07:28:00Z,ATH_001,67.0,89.5,36.61,13.8,98.7,18.5,92,awake,light
2026-08-02T07:29:00Z,ATH_001,68.5,91.6,36.65,14.6,98.5,18.5,92,awake,light
2026-08-02T07:30:00Z,ATH_001,62.6,92.6,36.31,13.9,98.5,18.5,92,awake,light
2026-08-02T07:31:00Z,ATH_001,64.6,89.0,36.63,14.0,98.4,18.5,92,awake,light
2026-08-02T07:32:00Z,ATH_001,66.5,89.9,36.53,13.8,98.6,18.5,92,awake,light
2026-08-02T07:33:00Z,ATH_001,63.7,90.6,36.38,14.4,98.6,18.5,92,awake,light
2026-08-02T07:34:00Z,ATH_001,67.2,90.1,36.57,15.3,98.6,18.5,92,awake,light
2026-08-02T07:35:00Z,ATH_001,66.9,88.1,36.56,14.1,98.8,18.5,92,awake,light
2026-08-02T07:36:00Z,ATH_001,60.9,86.5,36.4,14.4,98.9,18.5,92,awake,light
2026-08-02T07:37:00Z,ATH_001,62.7,91.3,36.47,14.3,98.6,18.5,92,awake,light
2026-08-02T07:38:00Z,ATH_001,65.0,89.1,36.46,13.9,98.6,18.5,92,awake,light
2026-08-02T07:39:00Z,ATH_001,67.0,88.3,36.45,14.9,98.7,18.5,92,awake,light
2026-08-02T07:40:00Z,ATH_001,65.7,91.4,36.72,14.4,98.5,18.5,92,awake,light
2026-08-02T07:41:00Z,ATH_001,62.4,91.2,36.61,14.1,98.9,18.5,92,awake,light
2026-08-02T07:42:00Z,ATH_001,67.2,91.7,36.53,14.8,98.7,18.5,92,awake,light
2026-08-02T07:43:00Z,ATH_001,69.5,88.4,36.56,15.3,99.0,18.5,92,awake,light
2026-08-02T07:44:00Z,ATH_001,58.9,92.1,36.46,13.5,98.1,18.5,92,awake,light
2026-08-02T07:45:00Z,ATH_001,64.8,89.7,36.46,14.2,98.5,18.5,92,awake,light
2026-08-02T07:46:00Z,ATH_001,61.0,86.1,36.71,14.1,98.8,18.5,92,awake,light
2026-08-02T07:47:00Z,ATH_001,63.3,88.0,36.42,14.2,98.6,18.5,92,awake,light
2026-08-02T07:48:00Z,ATH_001,62.0,93.9,36.62,14.2,98.8,18.5,92,awake,light
2026-08-02T07:49:00Z,ATH_001,63.1,90.2,36.38,14.7,98.7,18.5,92,awake,light
2026-08-02T07:50:00Z,ATH_001,63.1,90.2,36.55,14.4,98.9,18.5,92,awake,light
2026-08-02T07:51:00Z,ATH_001,65.2,89.4,36.53,15.3,98.6,18.5,92,awake,light
2026-08-02T07:52:00Z,ATH_001,62.6,91.8,36.32,14.5,98.7,18.5,92,awake,light
2026-08-02T07:53:00Z,ATH_001,62.6,94.5,36.36,13.7,99.0,18.5,92,awake,light
2026-08-02T07:54:00Z,ATH_001,69.8,89.3,36.45,14.2,98.4,18.5,92,awake,light
2026-08-02T07:55:00Z,ATH_001,62.6,89.4,36.56,14.7,98.5,18.5,92,awake,light
2026-08-02T07:56:00Z,ATH_001,63.3,86.6,36.43,14.2,99.0,18.5,92,awake,light
2026-08-02T07:57:00Z,ATH_001,64.1,95.6,36.29,15.0,98.9,18.5,92,awake,light
2026-08-02T07:58:00Z,ATH_001,62.3,90.3,36.51,14.3,98.2,18.5,92,awake,light
2026-08-02T07:59:00Z,ATH_001,64.1,87.8,36.56,14.0,98.8,18.5,92,awake,light
2026-08-02T08:00:00Z,ATH_001,61.6,93.7,36.5,14.8,98.3,18.5,92,awake,light
2026-08-02T08:01:00Z,ATH_001,68.4,90.4,36.51,14.9,98.8,18.5,92,awake,light
2026-08-02T08:02:00Z,ATH_001,63.1,91.9,36.43,15.1,98.1,18.5,92,awake,light
2026-08-02T08:03:00Z,ATH_001,60.0,91.8,36.64,13.8,98.9,18.5,92,awake,light
2026-08-02T08:04:00Z,ATH_001,70.1,87.6,36.61,14.8,98.4,18.5,92,awake,light
2026-08-02T08:05:00Z,ATH_001,60.0,87.6,36.69,13.5,98.8,18.5,92,awake,light
2026-08-02T08:06:00Z,ATH_001,60.0,93.1,36.49,14.2,98.6,18.5,92,awake,light
2026-08-02T08:07:00Z,ATH_001,64.6,92.5,36.38,13.7,98.4,18.5,92,awake,light
2026-08-02T08:08:00Z,ATH_001,59.4,93.7,36.57,15.2,98.9,18.5,92,awake,light
2026-08-02T08:09:00Z,ATH_001,67.3,89.3,36.55,13.9,98.1,18.5,92,awake,light
2026-08-02T08:10:00Z,ATH_001,59.5,93.9,36.4,13.9,98.8,18.5,92,awake,light
2026-08-02T08:11:00Z,ATH_001,65.2,92.3,36.41,13.6,98.7,18.5,92,awake,light
2026-08-02T08:12:00Z,ATH_001,61.4,90.0,36.58,14.4,98.1,18.5,92,awake,light
2026-08-02T08:13:00Z,ATH_001,59.4,92.0,36.38,13.1,98.3,18.5,92,awake,light
2026-08-02T08:14:00Z,ATH_001,66.2,87.5,36.6,14.0,98.6,18.5,92,awake,light
2026-08-02T08:15:00Z,ATH_001,64.2,92.0,36.68,15.0,98.2,18.5,92,awake,light
2026-08-02T08:16:00Z,ATH_001,61.3,91.3,36.56,14.7,99.0,18.5,92,awake,light
2026-08-02T08:17:00Z,ATH_001,61.1,91.6,36.54,13.8,98.6,18.5,92,awake,light
2026-08-02T08:18:00Z,ATH_001,58.8,90.9,36.43,14.2,98.6,18.5,92,awake,light
2026-08-02T08:19:00Z,ATH_001,65.7,92.6,36.37,14.3,98.7,18.5,92,awake,light
2026-08-02T08:20:00Z,ATH_001,65.7,92.6,36.55,14.6,98.7,18.5,92,awake,light
2026-08-02T08:21:00Z,ATH_001,59.8,94.8,36.51,13.6,98.8,18.5,92,awake,light
2026-08-02T08:22:00Z,ATH_001,56.8,93.0,36.45,13.5,98.8,18.5,92,awake,light
2026-08-02T08:23:00Z,ATH_001,60.0,91.6,36.53,13.7,98.9,18.5,92,awake,light
2026-08-02T08:24:00Z,ATH_001,61.0,90.7,36.51,14.3,97.8,18.5,92,awake,light
2026-08-02T08:25:00Z,ATH_001,63.6,92.2,36.34,14.9,97.8,18.5,92,awake,light
2026-08-02T08:26:00Z,ATH_001,55.7,89.3,36.33,13.1,99.0,18.5,92,awake,light
2026-08-02T08:27:00Z,ATH_001,64.8,91.4,36.57,13.9,98.6,18.5,92,awake,light
2026-08-02T08:28:00Z,ATH_001,59.8,91.3,36.36,14.3,98.3,18.5,92,awake,light
2026-08-02T08:29:00Z,ATH_001,59.8,89.1,36.62,14.3,98.5,18.5,92,awake,light
2026-08-02T08:30:00Z,ATH_001,68.5,90.3,36.4,15.5,98.1,18.5,92,awake,light
2026-08-02T08:31:00Z,ATH_001,62.5,89.6,36.57,14.6,98.9,18.5,92,awake,light
2026-08-02T08:32:00Z,ATH_001,61.5,89.1,36.52,13.7,98.9,18.5,92,awake,light
2026-08-02T08:33:00Z,ATH_001,66.1,90.2,36.56,13.9,98.3,18.5,92,awake,light
2026-08-02T08:34:00Z,ATH_001,66.9,90.5,36.46,14.0,97.9,18.5,92,awake,light
2026-08-02T08:35:00Z,ATH_001,66.3,94.6,36.42,14.9,98.8,18.5,92,awake,light
2026-08-02T08:36:00Z,ATH_001,66.1,88.7,36.54,14.4,98.4,18.5,92,awake,light
2026-08-02T08:37:00Z,ATH_001,58.9,89.7,36.33,13.6,98.8,18.5,92,awake,light
2026-08-02T08:38:00Z,ATH_001,61.0,92.4,36.54,13.7,98.9,18.5,92,awake,light
2026-08-02T08:39:00Z,ATH_001,61.9,86.9,36.56,14.3,98.1,18.5,92,awake,light
2026-08-02T08:40:00Z,ATH_001,60.3,90.4,36.44,15.1,98.7,18.5,92,awake,light
2026-08-02T08:41:00Z,ATH_001,58.6,91.1,36.53,13.5,98.7,18.5,92,awake,light
2026-08-02T08:42:00Z,ATH_001,59.9,91.1,36.62,13.7,98.7,18.5,92,awake,light
2026-08-02T08:43:00Z,ATH_001,62.0,90.0,36.47,14.7,99.0,18.5,92,awake,light
2026-08-02T08:44:00Z,ATH_001,62.0,92.5,36.54,13.9,98.6,18.5,92,awake,light
2026-08-02T08:45:00Z,ATH_001,63.2,89.8,36.4,14.8,98.8,18.5,92,awake,light
2026-08-02T08:46:00Z,ATH_001,64.2,90.3,36.46,14.2,98.7,18.5,92,awake,light
2026-08-02T08:47:00Z,ATH_001,63.5,92.6,36.59,14.2,97.9,18.5,92,awake,light
2026-08-02T08:48:00Z,ATH_001,66.3,90.6,36.55,14.2,99.0,18.5,92,awake,light
2026-08-02T08:49:00Z,ATH_001,60.2,87.5,36.49,13.4,98.8,18.5,92,awake,light
2026-08-02T08:50:00Z,ATH_001,63.6,89.0,36.37,14.3,98.7,18.5,92,awake,light
2026-08-02T08:51:00Z,ATH_001,57.9,93.9,36.53,13.3,99.0,18.5,92,awake,light
2026-08-02T08:52:00Z,ATH_001,62.1,92.2,36.32,14.1,98.8,18.5,92,awake,light
2026-08-02T08:53:00Z,ATH_001,62.1,89.8,36.47,12.8,98.5,18.5,92,awake,light
2026-08-02T08:54:00Z,ATH_001,56.9,94.4,36.66,14.6,98.1,18.5,92,awake,light
2026-08-02T08:55:00Z,ATH_001,60.2,91.2,36.36,14.4,98.9,18.5,92,awake,light
2026-08-02T08:56:00Z,ATH_001,62.9,91.2,36.69,13.9,98.1,18.5,92,awake,light
2026-08-02T08:57:00Z,ATH_001,60.5,93.1,36.5,14.6,98.8,18.5,92,awake,light
2026-08-02T08:58:00Z,ATH_001,55.8,95.0,36.23,14.3,98.9,18.5,92,awake,light
2026-08-02T08:59:00Z,ATH_001,57.2,95.1,36.51,13.3,98.3,18.5,92,awake,light
2026-08-02T09:00:00Z,ATH_001,61.3,93.5,36.5,12.6,98.2,18.5,92,awake,light
2026-08-02T09:01:00Z,ATH_001,60.7,90.5,36.6,13.8,99.0,18.5,92,awake,light
2026-08-02T09:02:00Z,ATH_001,60.8,91.3,36.51,13.7,98.6,18.5,92,awake,light
2026-08-02T09:03:00Z,ATH_001,54.8,96.9,36.45,13.2,98.7,18.5,92,awake,light
2026-08-02T09:04:00Z,ATH_001,62.0,91.2,36.48,14.6,98.5,18.5,92,awake,light
2026-08-02T09:05:00Z,ATH_001,62.7,93.2,36.5,14.1,98.8,18.5,92,awake,light
2026-08-02T09:06:00Z,ATH_001,58.1,90.0,36.67,14.1,98.3,18.5,92,awake,light
2026-08-02T09:07:00Z,ATH_001,59.6,92.3,36.19,13.9,98.6,18.5,92,awake,light
2026-08-02T09:08:00Z,ATH_001,59.5,92.8,36.4,13.8,98.7,18.5,92,awake,light
2026-08-02T09:09:00Z,ATH_001,64.9,91.0,36.57,13.9,98.9,18.5,92,awake,light
2026-08-02T09:10:00Z,ATH_001,61.5,94.9,36.34,14.3,98.2,18.5,92,awake,light
2026-08-02T09:11:00Z,ATH_001,59.6,90.4,36.42,13.9,98.6,18.5,92,awake,light
2026-08-02T09:12:00Z,ATH_001,57.2,93.0,36.67,14.4,98.7,18.5,92,awake,light
2026-08-02T09:13:00Z,ATH_001,61.9,90.1,36.32,14.4,98.9,18.5,92,awake,light
2026-08-02T09:14:00Z,ATH_001,62.4,90.1,36.42,14.9,98.9,18.5,92,awake,light
2026-08-02T09:15:00Z,ATH_001,61.9,93.4,36.47,15.3,99.0,18.5,92,awake,light
2026-08-02T09:16:00Z,ATH_001,56.1,89.3,36.58,13.3,98.9,18.5,92,awake,light
2026-08-02T09:17:00Z,ATH_001,58.6,95.2,36.44,13.3,98.6,18.5,92,awake,light
2026-08-02T09:18:00Z,ATH_001,56.5,94.8,36.54,13.4,97.8,18.5,92,awake,light
2026-08-02T09:19:00Z,ATH_001,56.9,91.6,36.47,13.6,98.8,18.5,92,awake,light
2026-08-02T09:20:00Z,ATH_001,61.6,94.6,36.35,14.4,98.2,18.5,92,awake,light
2026-08-02T09:21:00Z,ATH_001,61.2,93.9,36.49,13.7,98.8,18.5,92,awake,light
2026-08-02T09:22:00Z,ATH_001,59.5,89.9,36.65,14.4,98.0,18.5,92,awake,light
2026-08-02T09:23:00Z,ATH_001,57.3,93.1,36.46,14.8,98.8,18.5,92,awake,light
2026-08-02T09:24:00Z,ATH_001,69.1,91.9,36.53,15.1,98.3,18.5,92,awake,light
2026-08-02T09:25:00Z,ATH_001,61.2,88.9,36.45,14.2,98.6,18.5,92,awake,light
2026-08-02T09:26:00Z,ATH_001,56.9,89.8,36.47,13.7,98.4,18.5,92,awake,light
2026-08-02T09:27:00Z,ATH_001,59.3,91.1,36.32,14.1,98.5,18.5,92,awake,light
2026-08-02T09:28:00Z,ATH_001,58.4,93.2,36.65,13.8,98.9,18.5,92,awake,light
2026-08-02T09:29:00Z,ATH_001,58.4,90.1,36.59,14.0,98.9,18.5,92,awake,light
2026-08-02T09:30:00Z,ATH_001,57.4,90.5,36.54,13.6,98.8,18.5,92,awake,light
2026-08-02T09:31:00Z,ATH_001,60.2,89.6,36.35,13.7,98.5,18.5,92,awake,light
2026-08-02T09:32:00Z,ATH_001,61.2,92.5,36.47,13.7,98.7,18.5,92,awake,light
2026-08-02T09:33:00Z,ATH_001,60.1,92.3,36.33,13.4,98.4,18.5,92,awake,light
2026-08-02T09:34:00Z,ATH_001,58.0,92.6,36.42,14.0,98.9,18.5,92,awake,light
2026-08-02T09:35:00Z,ATH_001,57.7,94.0,36.56,13.1,98.5,18.5,92,awake,light
2026-08-02T09:36:00Z,ATH_001,61.0,91.6,36.55,14.8,99.0,18.5,92,awake,light
2026-08-02T09:37:00Z,ATH_001,60.1,91.5,36.59,14.0,98.0,18.5,92,awake,light
2026-08-02T09:38:00Z,ATH_001,60.1,90.4,36.26,13.8,99.0,18.5,92,awake,light
2026-08-02T09:39:00Z,ATH_001,59.3,89.3,36.37,14.1,98.6,18.5,92,awake,light
2026-08-02T09:40:00Z,ATH_001,59.7,93.0,36.55,13.5,98.8,18.5,92,awake,light
2026-08-02T09:41:00Z,ATH_001,62.3,90.3,36.45,13.9,98.3,18.5,92,awake,light
2026-08-02T09:42:00Z,ATH_001,60.1,90.0,36.46,14.0,98.8,18.5,92,awake,light
2026-08-02T09:43:00Z,ATH_001,53.6,95.6,36.67,13.9,98.6,18.5,92,awake,light
2026-08-02T09:44:00Z,ATH_001,52.8,92.3,36.58,12.6,98.4,18.5,92,awake,light
2026-08-02T09:45:00Z,ATH_001,62.5,94.3,36.4,13.4,97.9,18.5,92,awake,light
2026-08-02T09:46:00Z,ATH_001,59.4,91.1,36.37,14.3,97.5,18.5,92,awake,light
2026-08-02T09:47:00Z,ATH_001,62.2,94.1,36.55,14.8,97.8,18.5,92,awake,light
2026-08-02T09:48:00Z,ATH_001,58.1,89.4,36.53,13.3,98.1,18.5,92,awake,light
2026-08-02T09:49:00Z,ATH_001,56.9,94.9,36.56,12.7,98.8,18.5,92,awake,light
2026-08-02T09:50:00Z,ATH_001,62.1,90.7,36.49,14.3,98.6,18.5,92,awake,light
2026-08-02T09:51:00Z,ATH_001,49.7,95.0,36.24,12.5,98.7,18.5,92,awake,light
2026-08-02T09:52:00Z,ATH_001,61.2,86.9,36.58,13.9,98.1,18.5,92,awake,light
2026-08-02T09:53:00Z,ATH_001,55.3,90.3,36.58,13.5,98.9,18.5,92,awake,light
2026-08-02T09:54:00Z,ATH_001,55.3,97.0,36.57,13.5,98.5,18.5,92,awake,light
2026-08-02T09:55:00Z,ATH_001,56.5,95.1,36.47,13.1,98.7,18.5,92,awake,light
2026-08-02T09:56:00Z,ATH_001,58.5,89.5,36.38,14.7,98.8,18.5,92,awake,light
2026-08-02T09:57:00Z,ATH_001,57.1,93.2,36.53,13.5,98.1,18.5,92,awake,light
2026-08-02T09:58:00Z,ATH_001,60.0,91.8,36.58,13.6,98.9,18.5,92,awake,light
2026-08-02T09:59:00Z,ATH_001,58.0,90.9,36.33,13.9,97.9,18.5,92,awake,light
2026-08-02T10:00:00Z,ATH_001,54.4,93.9,36.5,12.9,98.8,18.5,92,awake,light
2026-08-02T10:01:00Z,ATH_001,64.1,85.2,36.57,14.6,98.9,18.5,92,awake,light
2026-08-02T10:02:00Z,ATH_001,55.2,92.0,36.49,13.5,98.3,18.5,92,awake,light
2026-08-02T10:03:00Z,ATH_001,57.9,92.0,36.46,13.6,98.6,18.5,92,awake,light
2026-08-02T10:04:00Z,ATH_001,58.2,93.2,36.56,13.9,98.8,18.5,92,awake,light
2026-08-02T10:05:00Z,ATH_001,60.0,90.5,36.37,14.0,98.6,18.5,92,awake,light
2026-08-02T10:06:00Z,ATH_001,56.5,96.6,36.44,14.4,98.5,18.5,92,awake,light
2026-08-02T10:07:00Z,ATH_001,56.3,93.4,36.72,13.5,98.2,18.5,92,awake,light
2026-08-02T10:08:00Z,ATH_001,57.7,93.7,36.56,13.4,98.9,18.5,92,awake,light
2026-08-02T10:09:00Z,ATH_001,55.2,93.1,36.55,12.3,98.7,18.5,92,awake,light
2026-08-02T10:10:00Z,ATH_001,57.7,90.0,36.53,14.4,98.2,18.5,92,awake,light
2026-08-02T10:11:00Z,ATH_001,59.8,95.0,36.39,13.7,98.3,18.5,92,awake,light
2026-08-02T10:12:00Z,ATH_001,58.7,88.7,36.39,13.8,98.5,18.5,92,awake,light
2026-08-02T10:13:00Z,ATH_001,59.2,92.1,36.5,14.1,98.6,18.5,92,awake,light
2026-08-02T10:14:00Z,ATH_001,63.1,91.4,36.46,14.3,98.8,18.5,92,awake,light
2026-08-02T10:15:00Z,ATH_001,52.4,96.0,36.73,12.9,98.8,18.5,92,awake,light
2026-08-02T10:16:00Z,ATH_001,58.2,93.2,36.33,14.3,98.7,18.5,92,awake,light
2026-08-02T10:17:00Z,ATH_001,52.8,97.6,36.5,12.9,98.8,18.5,92,awake,light
2026-08-02T10:18:00Z,ATH_001,57.5,91.0,36.41,12.9,98.4,18.5,92,awake,light
2026-08-02T10:19:00Z,ATH_001,51.5,92.4,36.35,12.3,98.8,18.5,92,awake,light
2026-08-02T10:20:00Z,ATH_001,55.9,93.8,36.43,13.9,98.9,18.5,92,awake,light
2026-08-02T10:21:00Z,ATH_001,57.4,93.4,36.52,12.9,98.9,18.5,92,awake,light
2026-08-02T10:22:00Z,ATH_001,54.2,94.5,36.54,13.7,98.4,18.5,92,awake,light
2026-08-02T10:23:00Z,ATH_001,57.4,92.3,36.43,14.3,98.8,18.5,92,awake,light
2026-08-02T10:24:00Z,ATH_001,55.8,89.5,36.46,13.4,98.9,18.5,92,awake,light
2026-08-02T10:25:00Z,ATH_001,60.0,92.1,36.45,14.4,99.0,18.5,92,awake,light
2026-08-02T10:26:00Z,ATH_001,52.0,97.4,36.56,13.9,97.9,18.5,92,awake,light
2026-08-02T10:27:00Z,ATH_001,54.6,95.0,36.47,13.7,98.5,18.5,92,awake,light
2026-08-02T10:28:00Z,ATH_001,59.1,93.6,36.34,13.8,98.7,18.5,92,awake,light
2026-08-02T10:29:00Z,ATH_001,55.3,91.7,36.32,12.9,98.7,18.5,92,awake,light
2026-08-02T10:30:00Z,ATH_001,54.2,96.3,36.51,12.4,98.6,18.5,92,awake,light
2026-08-02T10:31:00Z,ATH_001,52.9,94.9,36.65,13.1,98.4,18.5,92,awake,light
2026-08-02T10:32:00Z,ATH_001,57.9,95.0,36.59,14.1,97.6,18.5,92,awake,light
2026-08-02T10:33:00Z,ATH_001,55.4,94.0,36.6,13.5,99.0,18.5,92,awake,light
2026-08-02T10:34:00Z,ATH_001,58.2,93.2,36.66,13.7,98.7,18.5,92,awake,light
2026-08-02T10:35:00Z,ATH_001,53.0,94.2,36.39,13.6,98.9,18.5,92,awake,light
2026-08-02T10:36:00Z,ATH_001,54.1,94.2,36.51,13.6,99.0,18.5,92,awake,light
2026-08-02T10:37:00Z,ATH_001,53.5,97.7,36.41,13.7,98.5,18.5,92,awake,light
2026-08-02T10:38:00Z,ATH_001,55.2,96.7,36.38,13.7,98.9,18.5,92,awake,light
2026-08-02T10:39:00Z,ATH_001,55.1,93.3,36.74,12.1,98.7,18.5,92,awake,light
2026-08-02T10:40:00Z,ATH_001,54.3,92.5,36.31,12.8,98.5,18.5,92,awake,light
2026-08-02T10:41:00Z,ATH_001,58.6,93.5,36.58,13.4,98.4,18.5,92,awake,light
2026-08-02T10:42:00Z,ATH_001,52.9,94.4,36.6,13.1,98.5,18.5,92,awake,light
2026-08-02T10:43:00Z,ATH_001,60.0,94.3,36.55,14.2,98.9,18.5,92,awake,light
2026-08-02T10:44:00Z,ATH_001,54.8,94.3,36.43,13.2,98.7,18.5,92,awake,light
2026-08-02T10:45:00Z,ATH_001,51.7,92.0,36.54,12.4,98.8,18.5,92,awake,light
2026-08-02T10:46:00Z,ATH_001,59.8,90.4,36.4,13.2,98.9,18.5,92,awake,light
2026-08-02T10:47:00Z,ATH_001,58.7,98.5,36.66,15.1,98.2,18.5,92,awake,light
2026-08-02T10:48:00Z,ATH_001,53.5,93.7,36.69,14.1,99.0,18.5,92,awake,light
2026-08-02T10:49:00Z,ATH_001,56.7,91.4,36.3,13.8,98.7,18.5,92,awake,light
2026-08-02T10:50:00Z,ATH_001,54.0,95.0,36.35,13.7,97.9,18.5,92,awake,light
2026-08-02T10:51:00Z,ATH_001,56.2,94.1,36.53,13.0,98.8,18.5,92,awake,light
2026-08-02T10:52:00Z,ATH_001,48.1,95.0,36.5,12.5,98.3,18.5,92,awake,light
2026-08-02T10:53:00Z,ATH_001,55.3,95.0,36.54,13.6,98.9,18.5,92,awake,light
2026-08-02T10:54:00Z,ATH_001,53.4,93.2,36.68,13.2,98.7,18.5,92,awake,light
2026-08-02T10:55:00Z,ATH_001,56.3,91.5,36.45,13.3,97.7,18.5,92,awake,light
2026-08-02T10:56:00Z,ATH_001,51.7,93.2,36.62,13.3,98.5,18.5,92,awake,light
2026-08-02T10:57:00Z,ATH_001,53.5,94.5,36.57,13.4,98.3,18.5,92,awake,light
2026-08-02T10:58:00Z,ATH_001,53.9,92.6,36.44,13.9,98.7,18.5,92,awake,light
2026-08-02T10:59:00Z,ATH_001,57.7,92.8,36.58,14.7,98.4,18.5,92,awake,light
2026-08-02T11:00:00Z,ATH_001,51.4,94.3,36.41,12.6,97.8,18.5,92,awake,light
2026-08-02T11:01:00Z,ATH_001,52.1,96.5,36.43,13.5,98.7,18.5,92,awake,light
2026-08-02T11:02:00Z,ATH_001,58.4,93.3,36.37,14.1,98.5,18.5,92,awake,light
2026-08-02T11:03:00Z,ATH_001,57.9,96.7,36.48,13.9,98.1,18.5,92,awake,light
2026-08-02T11:04:00Z,ATH_001,56.5,92.0,36.3,14.3,98.7,18.5,92,awake,light
2026-08-02T11:05:00Z,ATH_001,53.6,93.6,36.5,13.6,98.9,18.5,92,awake,light
2026-08-02T11:06:00Z,ATH_001,50.5,93.8,36.55,13.2,98.5,18.5,92,awake,light
2026-08-02T11:07:00Z,ATH_001,60.3,90.3,36.45,14.5,98.5,18.5,92,awake,light
2026-08-02T11:08:00Z,ATH_001,51.1,92.9,36.54,12.9,98.7,18.5,92,awake,light
2026-08-02T11:09:00Z,ATH_001,51.9,93.2,36.53,12.7,98.4,18.5,92,awake,light
2026-08-02T11:10:00Z,ATH_001,55.8,92.3,36.67,13.5,97.5,18.5,92,awake,light
2026-08-02T11:11:00Z,ATH_001,49.7,97.0,36.54,13.6,98.2,18.5,92,awake,light
2026-08-02T11:12:00Z,ATH_001,52.7,91.9,36.47,13.0,98.2,18.5,92,awake,light
2026-08-02T11:13:00Z,ATH_001,49.2,95.4,36.57,13.0,98.9,18.5,92,awake,light
2026-08-02T11:14:00Z,ATH_001,56.3,93.6,36.34,13.6,98.8,18.5,92,awake,light
2026-08-02T11:15:00Z,ATH_001,53.6,95.6,36.43,14.3,98.9,18.5,92,awake,light
2026-08-02T11:16:00Z,ATH_001,52.1,92.3,36.48,13.1,98.9,18.5,92,awake,light
2026-08-02T11:17:00Z,ATH_001,56.3,94.8,36.5,13.5,97.8,18.5,92,awake,light
2026-08-02T11:18:00Z,ATH_001,49.0,97.6,36.37,13.1,98.9,18.5,92,awake,light
2026-08-02T11:19:00Z,ATH_001,55.0,91.7,36.47,13.5,98.8,18.5,92,awake,light
2026-08-02T11:20:00Z,ATH_001,54.9,94.3,36.63,13.4,98.7,18.5,92,awake,light
2026-08-02T11:21:00Z,ATH_001,53.1,90.8,36.45,13.0,98.9,18.5,92,awake,light
2026-08-02T11:22:00Z,ATH_001,50.8,95.0,36.52,13.6,98.3,18.5,92,awake,light
2026-08-02T11:23:00Z,ATH_001,56.3,90.1,36.57,13.6,98.7,18.5,92,awake,light
2026-08-02T11:24:00Z,ATH_001,54.3,94.9,36.48,13.8,98.8,18.5,92,awake,light
2026-08-02T11:25:00Z,ATH_001,49.9,98.4,36.63,13.7,98.8,18.5,92,awake,light
2026-08-02T11:26:00Z,ATH_001,51.4,92.7,36.45,12.5,98.9,18.5,92,awake,light
2026-08-02T11:27:00Z,ATH_001,46.7,93.2,36.5,13.0,97.7,18.5,92,awake,light
2026-08-02T11:28:00Z,ATH_001,50.4,92.4,36.67,13.5,98.5,18.5,92,awake,light
2026-08-02T11:29:00Z,ATH_001,46.0,95.6,36.62,12.7,98.4,18.5,92,awake,light
2026-08-02T11:30:00Z,ATH_001,58.4,93.7,36.56,14.2,98.5,18.5,92,awake,light
2026-08-02T11:31:00Z,ATH_001,53.1,95.5,36.46,13.6,99.0,18.5,92,awake,light
2026-08-02T11:32:00Z,ATH_001,48.4,95.5,36.64,12.8,98.1,18.5,92,awake,light
2026-08-02T11:33:00Z,ATH_001,50.8,97.9,36.47,13.4,98.9,18.5,92,awake,light
2026-08-02T11:34:00Z,ATH_001,58.1,94.5,36.39,14.2,99.0,18.5,92,awake,light
2026-08-02T11:35:00Z,ATH_001,54.7,94.1,36.49,13.4,98.2,18.5,92,awake,light
2026-08-02T11:36:00Z,ATH_001,53.0,95.9,36.63,12.8,98.5,18.5,92,awake,light
2026-08-02T11:37:00Z,ATH_001,50.8,91.4,36.32,13.5,98.3,18.5,92,awake,light
2026-08-02T11:38:00Z,ATH_001,49.1,98.9,36.38,12.3,98.8,18.5,92,awake,light
2026-08-02T11:39:00Z,ATH_001,52.2,94.8,36.51,13.2,98.9,18.5,92,awake,light
2026-08-02T11:40:00Z,ATH_001,52.1,94.8,36.55,12.7,98.9,18.5,92,awake,light
2026-08-02T11:41:00Z,ATH_001,51.8,94.0,36.39,13.5,98.3,18.5,92,awake,light
2026-08-02T11:42:00Z,ATH_001,53.7,94.0,36.6,13.8,98.1,18.5,92,awake,light
2026-08-02T11:43:00Z,ATH_001,50.5,92.7,36.41,13.5,98.2,18.5,92,awake,light
2026-08-02T11:44:00Z,ATH_001,46.8,96.5,36.45,11.5,99.0,18.5,92,awake,light
2026-08-02T11:45:00Z,ATH_001,48.5,96.9,36.5,12.4,98.6,18.5,92,awake,light
2026-08-02T11:46:00Z,ATH_001,51.0,95.9,36.61,12.9,98.6,18.5,92,awake,light
2026-08-02T11:47:00Z,ATH_001,51.6,94.2,36.43,13.7,98.2,18.5,92,awake,light
2026-08-02T11:48:00Z,ATH_001,52.9,94.4,36.44,13.0,98.8,18.5,92,awake,light
2026-08-02T11:49:00Z,ATH_001,49.7,96.2,36.63,12.8,98.9,18.5,92,awake,light
2026-08-02T11:50:00Z,ATH_001,50.0,92.7,36.58,13.6,98.8,18.5,92,awake,light
2026-08-02T11:51:00Z,ATH_001,48.5,95.3,36.63,13.4,98.8,18.5,92,awake,light
2026-08-02T11:52:00Z,ATH_001,48.4,96.6,36.37,13.1,98.4,18.5,92,awake,light
2026-08-02T11:53:00Z,ATH_001,51.2,94.9,36.5,13.2,99.0,18.5,92,awake,light
2026-08-02T11:54:00Z,ATH_001,49.6,98.1,36.34,13.0,98.8,18.5,92,awake,light
2026-08-02T11:55:00Z,ATH_001,48.5,93.7,36.49,12.8,98.3,18.5,92,awake,light
2026-08-02T11:56:00Z,ATH_001,53.0,95.4,36.45,13.0,98.1,18.5,92,awake,light
2026-08-02T11:57:00Z,ATH_001,46.2,93.8,36.51,12.7,98.2,18.5,92,awake,light
2026-08-02T11:58:00Z,ATH_001,49.3,96.0,36.5,13.8,98.5,18.5,92,awake,light
2026-08-02T11:59:00Z,ATH_001,47.1,92.5,36.4,12.1,98.8,18.5,92,awake,light
2026-08-02T12:00:00Z,ATH_001,48.3,99.1,36.5,12.8,98.4,18.5,92,awake,light
2026-08-02T12:01:00Z,ATH_001,50.8,93.7,36.42,12.4,98.9,18.5,92,awake,light
2026-08-02T12:02:00Z,ATH_001,51.7,96.2,36.4,13.3,98.3,18.5,92,awake,light
2026-08-02T12:03:00Z,ATH_001,48.5,94.2,36.43,12.4,98.7,18.5,92,awake,light
2026-08-02T12:04:00Z,ATH_001,43.8,95.2,36.62,12.3,98.9,18.5,92,awake,light
2026-08-02T12:05:00Z,ATH_001,52.4,95.7,36.38,13.8,98.9,18.5,92,awake,light
2026-08-02T12:06:00Z,ATH_001,50.2,95.7,36.55,13.4,98.5,18.5,92,awake,light
2026-08-02T12:07:00Z,ATH_001,48.9,91.7,36.44,12.4,98.6,18.5,92,awake,light
2026-08-02T12:08:00Z,ATH_001,44.5,98.2,36.49,13.2,98.7,18.5,92,awake,light
2026-08-02T12:09:00Z,ATH_001,48.7,94.8,36.42,13.1,98.7,18.5,92,awake,light
2026-08-02T12:10:00Z,ATH_001,51.6,93.9,36.48,13.2,98.9,18.5,92,awake,light
2026-08-02T12:11:00Z,ATH_001,47.1,94.5,36.56,12.6,98.1,18.5,92,awake,light
2026-08-02T12:12:00Z,ATH_001,48.5,95.7,36.5,13.3,98.9,18.5,92,awake,light
2026-08-02T12:13:00Z,ATH_001,44.1,96.3,36.66,12.6,98.6,18.5,92,awake,light
2026-08-02T12:14:00Z,ATH_001,50.9,95.0,36.53,12.9,98.7,18.5,92,awake,light
2026-08-02T12:15:00Z,ATH_001,48.0,94.5,36.5,12.5,98.6,18.5,92,awake,light
2026-08-02T12:16:00Z,ATH_001,50.8,95.3,36.4,14.0,98.8,18.5,92,awake,light
2026-08-02T12:17:00Z,ATH_001,50.3,89.4,36.53,13.4,98.9,18.5,92,awake,light
2026-08-02T12:18:00Z,ATH_001,47.9,90.6,36.57,13.3,98.7,18.5,92,awake,light
2026-08-02T12:19:00Z,ATH_001,52.7,90.3,36.53,12.9,98.9,18.5,92,awake,light
2026-08-02T12:20:00Z,ATH_001,48.5,92.8,36.54,12.2,98.8,18.5,92,awake,light
2026-08-02T12:21:00Z,ATH_001,48.4,92.0,36.35,12.5,98.5,18.5,92,awake,light
2026-08-02T12:22:00Z,ATH_001,50.8,96.1,36.33,13.4,98.5,18.5,92,awake,light
2026-08-02T12:23:00Z,ATH_001,47.0,98.9,36.63,12.2,98.9,18.5,92,awake,light
2026-08-02T12:24:00Z,ATH_001,50.8,95.4,36.37,12.8,97.9,18.5,92,awake,light
2026-08-02T12:25:00Z,ATH_001,46.9,92.9,36.54,12.9,99.0,18.5,92,awake,light
2026-08-02T12:26:00Z,ATH_001,46.4,96.1,36.52,12.7,98.4,18.5,92,awake,light
2026-08-02T12:27:00Z,ATH_001,46.9,98.2,36.45,12.0,99.0,18.5,92,awake,light
2026-08-02T12:28:00Z,ATH_001,47.6,96.1,36.43,13.1,98.6,18.5,92,awake,light
2026-08-02T12:29:00Z,ATH_001,53.2,93.9,36.59,14.0,98.6,18.5,92,awake,light
2026-08-02T12:30:00Z,ATH_001,47.1,98.6,36.49,13.1,98.7,18.5,92,awake,light
2026-08-02T12:31:00Z,ATH_001,47.3,96.5,36.43,13.8,98.6,18.5,92,awake,light
2026-08-02T12:32:00Z,ATH_001,45.9,94.9,36.56,12.7,99.0,18.5,92,awake,light
2026-08-02T12:33:00Z,ATH_001,50.1,95.1,36.48,12.1,98.9,18.5,92,awake,light
2026-08-02T12:34:00Z,ATH_001,54.0,95.8,36.51,14.0,98.1,18.5,92,awake,light
2026-08-02T12:35:00Z,ATH_001,48.5,93.7,36.62,14.0,98.9,18.5,92,awake,light
2026-08-02T12:36:00Z,ATH_001,43.7,99.0,36.55,12.3,98.9,18.5,92,awake,light
2026-08-02T12:37:00Z,ATH_001,42.5,98.2,36.49,12.2,98.5,18.5,92,awake,light
2026-08-02T12:38:00Z,ATH_001,50.8,92.4,36.35,14.0,98.6,18.5,92,awake,light
2026-08-02T12:39:00Z,ATH_001,47.9,97.5,36.64,13.1,98.9,18.5,92,awake,light
2026-08-02T12:40:00Z,ATH_001,45.8,96.2,36.57,12.4,98.1,18.5,92,awake,light
2026-08-02T12:41:00Z,ATH_001,51.3,91.0,36.66,13.8,98.9,18.5,92,awake,light
2026-08-02T12:42:00Z,ATH_001,47.1,95.8,36.42,12.5,98.6,18.5,92,awake,light
2026-08-02T12:43:00Z,ATH_001,42.7,97.0,36.42,12.8,98.2,18.5,92,awake,light
2026-08-02T12:44:00Z,ATH_001,48.8,97.8,36.62,12.6,98.5,18.5,92,awake,light
2026-08-02T12:45:00Z,ATH_001,42.8,93.6,36.64,11.7,98.6,18.5,92,awake,light
2026-08-02T12:46:00Z,ATH_001,48.2,97.4,36.57,12.1,98.3,18.5,92,awake,light
2026-08-02T12:47:00Z,ATH_001,43.2,99.2,36.48,12.7,98.8,18.5,92,awake,light
2026-08-02T12:48:00Z,ATH_001,44.8,96.7,36.5,12.5,98.5,18.5,92,awake,light
2026-08-02T12:49:00Z,ATH_001,49.3,95.0,36.56,13.6,98.9,18.5,92,awake,light
2026-08-02T12:50:00Z,ATH_001,44.8,95.7,36.67,12.4,98.9,18.5,92,awake,light
2026-08-02T12:51:00Z,ATH_001,44.3,93.0,36.63,12.3,98.8,18.5,92,awake,light
2026-08-02T12:52:00Z,ATH_001,44.6,91.5,36.53,12.2,98.4,18.5,92,awake,light
2026-08-02T12:53:00Z,ATH_001,46.6,93.6,36.58,12.2,98.6,18.5,92,awake,light
2026-08-02T12:54:00Z,ATH_001,47.7,96.8,36.46,12.1,98.7,18.5,92,awake,light
2026-08-02T12:55:00Z,ATH_001,48.8,98.9,36.44,13.6,99.0,18.5,92,awake,light
2026-08-02T12:56:00Z,ATH_001,45.0,94.2,36.39,12.2,98.0,18.5,92,awake,light
2026-08-02T12:57:00Z,ATH_001,48.5,91.7,36.63,12.9,99.0,18.5,92,awake,light
2026-08-02T12:58:00Z,ATH_001,41.0,97.8,36.37,12.3,98.8,18.5,92,awake,light
2026-08-02T12:59:00Z,ATH_001,48.9,96.3,36.49,13.2,98.7,18.5,92,awake,light
2026-08-02T13:00:00Z,ATH_001,45.8,95.7,36.62,12.7,98.0,18.5,92,awake,light
2026-08-02T13:01:00Z,ATH_001,44.4,96.4,36.57,12.0,98.6,18.5,92,awake,light
2026-08-02T13:02:00Z,ATH_001,40.1,95.6,36.45,12.1,98.6,18.5,92,awake,light
2026-08-02T13:03:00Z,ATH_001,44.2,99.2,36.45,13.2,98.5,18.5,92,awake,light
2026-08-02T13:04:00Z,ATH_001,44.4,93.6,36.65,12.8,98.5,18.5,92,awake,light
2026-08-02T13:05:00Z,ATH_001,47.1,94.6,36.33,12.8,98.3,18.5,92,awake,light
2026-08-02T13:06:00Z,ATH_001,52.1,96.0,36.43,13.4,98.3,18.5,92,awake,light
2026-08-02T13:07:00Z,ATH_001,44.0,96.1,36.4,13.0,98.3,18.5,92,awake,light
2026-08-02T13:08:00Z,ATH_001,46.3,98.5,36.75,11.6,98.0,18.5,92,awake,light
2026-08-02T13:09:00Z,ATH_001,48.6,94.1,36.6,12.8,98.8,18.5,92,awake,light
2026-08-02T13:10:00Z,ATH_001,48.1,98.4,36.48,11.8,98.1,18.5,92,awake,light
2026-08-02T13:11:00Z,ATH_001,39.7,95.0,36.57,12.4,98.6,18.5,92,awake,light
2026-08-02T13:12:00Z,ATH_001,42.7,95.6,36.39,11.9,98.9,18.5,92,awake,light
2026-08-02T13:13:00Z,ATH_001,41.0,96.3,36.47,12.0,98.9,18.5,92,awake,light
2026-08-02T13:14:00Z,ATH_001,44.7,94.1,36.55,13.6,98.7,18.5,92,awake,light
2026-08-02T13:15:00Z,ATH_001,50.0,95.3,36.67,12.8,98.8,18.5,92,awake,light
2026-08-02T13:16:00Z,ATH_001,38.7,99.4,36.5,12.5,98.8,18.5,92,awake,light
2026-08-02T13:17:00Z,ATH_001,38.4,100.8,36.61,11.9,98.8,18.5,92,awake,light
2026-08-02T13:18:00Z,ATH_001,47.4,96.9,36.35,12.7,98.3,18.5,92,awake,light
2026-08-02T13:19:00Z,ATH_001,42.0,98.9,36.47,11.4,98.6,18.5,92,awake,light
2026-08-02T13:20:00Z,ATH_001,44.1,99.9,36.64,12.0,98.4,18.5,92,awake,light
2026-08-02T13:21:00Z,ATH_001,43.7,94.5,36.41,11.5,98.6,18.5,92,awake,light
2026-08-02T13:22:00Z,ATH_001,44.9,99.0,36.34,11.6,98.9,18.5,92,awake,light
2026-08-02T13:23:00Z,ATH_001,52.5,94.1,36.58,12.6,98.6,18.5,92,awake,light
2026-08-02T13:24:00Z,ATH_001,43.3,97.1,36.29,12.4,99.0,18.5,92,awake,light
2026-08-02T13:25:00Z,ATH_001,44.6,91.7,36.54,12.4,98.3,18.5,92,awake,light
2026-08-02T13:26:00Z,ATH_001,47.7,98.4,36.49,12.6,98.0,18.5,92,awake,light
2026-08-02T13:27:00Z,ATH_001,46.2,97.1,36.49,12.3,98.5,18.5,92,awake,light
2026-08-02T13:28:00Z,ATH_001,43.9,93.9,36.45,11.9,98.6,18.5,92,awake,light
2026-08-02T13:29:00Z,ATH_001,43.9,92.7,36.43,12.0,98.0,18.5,92,awake,light
2026-08-02T13:30:00Z,ATH_001,44.5,94.8,36.49,11.9,98.9,18.5,92,awake,light
2026-08-02T13:31:00Z,ATH_001,42.9,99.5,36.51,12.8,98.9,18.5,92,awake,light
2026-08-02T13:32:00Z,ATH_001,41.9,97.8,36.45,13.2,98.9,18.5,92,awake,light
2026-08-02T13:33:00Z,ATH_001,41.7,98.4,36.49,12.6,98.7,18.5,92,awake,light
2026-08-02T13:34:00Z,ATH_001,49.4,94.3,36.5,13.5,98.8,18.5,92,awake,light
2026-08-02T13:35:00Z,ATH_001,44.8,96.3,36.47,12.0,98.6,18.5,92,awake,light
2026-08-02T13:36:00Z,ATH_001,46.7,95.7,36.45,11.8,98.2,18.5,92,awake,light
2026-08-02T13:37:00Z,ATH_001,42.7,99.6,36.54,12.6,98.8,18.5,92,awake,light
2026-08-02T13:38:00Z,ATH_001,45.4,94.9,36.64,12.7,98.9,18.5,92,awake,light
2026-08-02T13:39:00Z,ATH_001,41.0,95.8,36.53,11.6,98.0,18.5,92,awake,light
2026-08-02T13:40:00Z,ATH_001,45.3,94.8,36.44,13.2,97.5,18.5,92,awake,light
2026-08-02T13:41:00Z,ATH_001,49.3,94.0,36.5,12.2,98.2,18.5,92,awake,light
2026-08-02T13:42:00Z,ATH_001,46.7,97.5,36.41,13.0,97.8,18.5,92,awake,light
2026-08-02T13:43:00Z,ATH_001,41.6,95.2,36.6,11.5,98.7,18.5,92,awake,light
2026-08-02T13:44:00Z,ATH_001,45.8,94.4,36.49,13.0,98.9,18.5,92,awake,light
2026-08-02T13:45:00Z,ATH_001,45.3,94.0,36.46,12.3,98.9,18.5,92,awake,light
2026-08-02T13:46:00Z,ATH_001,43.8,100.2,36.54,13.2,97.9,18.5,92,awake,light
2026-08-02T13:47:00Z,ATH_001,45.7,97.0,36.41,12.8,98.3,18.5,92,awake,light
2026-08-02T13:48:00Z,ATH_001,41.7,97.6,36.31,12.1,99.0,18.5,92,awake,light
2026-08-02T13:49:00Z,ATH_001,42.0,95.8,36.48,11.9,98.2,18.5,92,awake,light
2026-08-02T13:50:00Z,ATH_001,37.5,99.6,36.56,11.6,98.7,18.5,92,awake,light
2026-08-02T13:51:00Z,ATH_001,38.2,98.7,36.63,13.0,98.2,18.5,92,awake,light
2026-08-02T13:52:00Z,ATH_001,38.3,100.3,36.75,12.4,98.5,18.5,92,awake,light
2026-08-02T13:53:00Z,ATH_001,40.0,95.9,36.4,12.1,99.0,18.5,92,awake,light
2026-08-02T13:54:00Z,ATH_001,41.6,94.8,36.59,12.8,98.6,18.5,92,awake,light
2026-08-02T13:55:00Z,ATH_001,43.3,99.8,36.53,12.7,98.2,18.5,92,awake,light
2026-08-02T13:56:00Z,ATH_001,48.7,99.4,36.46,12.9,98.2,18.5,92,awake,light
2026-08-02T13:57:00Z,ATH_001,40.6,96.8,36.6,11.9,98.5,18.5,92,awake,light
2026-08-02T13:58:00Z,ATH_001,41.7,98.2,36.43,12.3,98.7,18.5,92,awake,light
2026-08-02T13:59:00Z,ATH_001,44.2,96.0,36.4,12.5,98.8,18.5,92,awake,light
2026-08-02T14:00:00Z,ATH_001,40.3,94.3,36.42,11.5,98.5,18.5,92,awake,light
2026-08-02T14:01:00Z,ATH_001,41.9,97.0,36.77,12.2,98.2,18.5,92,awake,light
2026-08-02T14:02:00Z,ATH_001,41.6,99.8,36.37,12.0,98.7,18.5,92,awake,light
2026-08-02T14:03:00Z,ATH_001,45.1,96.6,36.61,12.9,98.8,18.5,92,awake,light
2026-08-02T14:04:00Z,ATH_001,42.0,93.2,36.63,11.6,98.8,18.5,92,awake,light
2026-08-02T14:05:00Z,ATH_001,44.9,95.2,36.4,11.7,98.1,18.5,92,awake,light
2026-08-02T14:06:00Z,ATH_001,38.9,97.4,36.5,12.1,98.9,18.5,92,awake,light
2026-08-02T14:07:00Z,ATH_001,40.3,97.4,36.47,12.6,98.9,18.5,92,awake,light
2026-08-02T14:08:00Z,ATH_001,41.2,95.6,36.56,12.2,99.0,18.5,92,awake,light
2026-08-02T14:09:00Z,ATH_001,40.3,99.6,36.43,13.8,98.9,18.5,92,awake,light
2026-08-02T14:10:00Z,ATH_001,44.0,99.4,36.48,12.8,98.9,18.5,92,awake,light
2026-08-02T14:11:00Z,ATH_001,43.3,98.1,36.42,12.3,98.9,18.5,92,awake,light
2026-08-02T14:12:00Z,ATH_001,34.7,97.9,36.41,11.2,98.8,18.5,92,awake,light
2026-08-02T14:13:00Z,ATH_001,41.5,100.0,36.53,11.7,98.1,18.5,92,awake,light
2026-08-02T14:14:00Z,ATH_001,42.3,99.2,36.53,12.1,98.8,18.5,92,awake,light
2026-08-02T14:15:00Z,ATH_001,42.3,94.2,36.64,12.6,98.3,18.5,92,awake,light
2026-08-02T14:16:00Z,ATH_001,44.3,96.9,36.79,12.0,98.2,18.5,92,awake,light
2026-08-02T14:17:00Z,ATH_001,37.5,97.7,36.54,10.9,98.8,18.5,92,awake,light
2026-08-02T14:18:00Z,ATH_001,39.4,98.4,36.5,12.0,98.9,18.5,92,awake,light
2026-08-02T14:19:00Z,ATH_001,43.4,98.4,36.45,11.8,98.9,18.5,92,awake,light
2026-08-02T14:20:00Z,ATH_001,35.1,101.5,36.41,11.7,98.5,18.5,92,awake,light
2026-08-02T14:21:00Z,ATH_001,39.3,100.2,36.54,12.2,98.8,18.5,92,awake,light
2026-08-02T14:22:00Z,ATH_001,42.0,95.6,36.65,11.7,98.6,18.5,92,awake,light
2026-08-02T14:23:00Z,ATH_001,34.0,99.9,36.63,11.3,98.8,18.5,92,awake,light
2026-08-02T14:24:00Z,ATH_001,46.0,98.3,36.52,12.9,98.4,18.5,92,awake,light
2026-08-02T14:25:00Z,ATH_001,42.3,100.2,36.53,12.4,99.0,18.5,92,awake,light
2026-08-02T14:26:00Z,ATH_001,40.2,99.1,36.55,12.3,98.6,18.5,92,awake,light
2026-08-02T14:27:00Z,ATH_001,37.7,98.0,36.39,11.1,98.8,18.5,92,awake,light
2026-08-02T14:28:00Z,ATH_001,43.7,96.3,36.57,12.2,98.4,18.5,92,awake,light
2026-08-02T14:29:00Z,ATH_001,42.2,100.1,36.36,11.8,98.4,18.5,92,awake,light
2026-08-02T14:30:00Z,ATH_001,45.8,97.7,36.4,12.3,98.6,18.5,92,awake,light
2026-08-02T14:31:00Z,ATH_001,40.2,98.4,36.46,12.0,98.0,18.5,92,awake,light
2026-08-02T14:32:00Z,ATH_001,34.3,97.3,36.54,10.7,98.8,18.5,92,awake,light
2026-08-02T14:33:00Z,ATH_001,42.5,94.5,36.64,12.1,98.2,18.5,92,awake,light
2026-08-02T14:34:00Z,ATH_001,42.3,97.2,36.33,12.1,98.8,18.5,92,awake,light
2026-08-02T14:35:00Z,ATH_001,42.3,95.5,36.44,11.5,98.2,18.5,92,awake,light
2026-08-02T14:36:00Z,ATH_001,45.2,96.3,36.5,12.2,98.5,18.5,92,awake,light
2026-08-02T14:37:00Z,ATH_001,44.7,96.3,36.41,11.9,98.1,18.5,92,awake,light
2026-08-02T14:38:00Z,ATH_001,42.7,98.2,36.36,12.7,98.6,18.5,92,awake,light
2026-08-02T14:39:00Z,ATH_001,46.1,98.9,36.34,12.4,98.3,18.5,92,awake,light
2026-08-02T14:40:00Z,ATH_001,36.6,96.6,36.51,11.7,98.3,18.5,92,awake,light
2026-08-02T14:41:00Z,ATH_001,34.9,97.6,36.49,11.0,99.0,18.5,92,awake,light
2026-08-02T14:42:00Z,ATH_001,37.8,99.3,36.62,12.4,98.0,18.5,92,awake,light
2026-08-02T14:43:00Z,ATH_001,40.2,100.6,36.61,11.4,98.8,18.5,92,awake,light
2026-08-02T14:44:00Z,ATH_001,36.4,99.3,36.51,10.8,98.7,18.5,92,awake,light
2026-08-02T14:45:00Z,ATH_001,40.1,94.9,36.22,11.5,98.9,18.5,92,awake,light
2026-08-02T14:46:00Z,ATH_001,39.4,94.8,36.63,11.5,98.5,18.5,92,awake,light
2026-08-02T14:47:00Z,ATH_001,36.4,96.9,36.44,10.6,98.9,18.5,92,awake,light
2026-08-02T14:48:00Z,ATH_001,42.0,95.3,36.36,12.1,98.5,18.5,92,awake,light
2026-08-02T14:49:00Z,ATH_001,38.0,100.5,36.64,11.9,98.7,18.5,92,awake,light
2026-08-02T14:50:00Z,ATH_001,43.5,92.1,36.57,13.0,98.5,18.5,92,awake,light
2026-08-02T14:51:00Z,ATH_001,42.3,98.9,36.46,12.0,98.4,18.5,92,awake,light
2026-08-02T14:52:00Z,ATH_001,40.4,99.7,36.57,12.0,98.9,18.5,92,awake,light
2026-08-02T14:53:00Z,ATH_001,36.7,99.1,36.4,11.7,98.5,18.5,92,awake,light
2026-08-02T14:54:00Z,ATH_001,36.6,102.3,36.45,11.4,98.8,18.5,92,awake,light
2026-08-02T14:55:00Z,ATH_001,38.3,98.6,36.57,11.4,98.1,18.5,92,awake,light
2026-08-02T14:56:00Z,ATH_001,37.1,99.6,36.44,11.9,98.8,18.5,92,awake,light
2026-08-02T14:57:00Z,ATH_001,41.0,100.6,36.52,12.4,98.7,18.5,92,awake,light
2026-08-02T14:58:00Z,ATH_001,41.4,97.0,36.4,12.2,98.3,18.5,92,awake,light
2026-08-02T14:59:00Z,ATH_001,40.7,96.4,36.48,12.3,98.7,18.5,92,awake,light
2026-08-02T15:00:00Z,ATH_001,38.7,101.2,36.62,11.5,98.8,18.5,92,awake,light
2026-08-02T15:01:00Z,ATH_001,39.4,100.4,36.59,12.3,98.6,18.5,92,awake,light
2026-08-02T15:02:00Z,ATH_001,41.7,98.6,36.5,10.9,98.6,18.5,92,awake,light
2026-08-02T15:03:00Z,ATH_001,43.9,98.4,36.59,11.8,98.3,18.5,92,awake,light
2026-08-02T15:04:00Z,ATH_001,39.6,98.8,36.49,12.4,98.8,18.5,92,awake,light
2026-08-02T15:05:00Z,ATH_001,38.5,101.6,36.47,12.0,98.1,18.5,92,awake,light
2026-08-02T15:06:00Z,ATH_001,42.1,98.1,36.46,12.3,98.6,18.5,92,awake,light
2026-08-02T15:07:00Z,ATH_001,39.1,94.0,36.41,12.0,98.5,18.5,92,awake,light
2026-08-02T15:08:00Z,ATH_001,41.4,98.1,36.55,12.0,98.2,18.5,92,awake,light
2026-08-02T15:09:00Z,ATH_001,36.6,101.7,36.54,11.7,98.8,18.5,92,awake,light
2026-08-02T15:10:00Z,ATH_001,35.7,97.0,36.42,12.2,98.9,18.5,92,awake,light
2026-08-02T15:11:00Z,ATH_001,39.2,100.9,36.48,11.9,98.8,18.5,92,awake,light
2026-08-02T15:12:00Z,ATH_001,41.4,96.4,36.45,12.0,98.0,18.5,92,awake,light
2026-08-02T15:13:00Z,ATH_001,42.3,97.5,36.57,12.1,98.6,18.5,92,awake,light
2026-08-02T15:14:00Z,ATH_001,39.8,94.8,36.53,12.9,98.7,18.5,92,awake,light
2026-08-02T15:15:00Z,ATH_001,39.6,95.0,36.44,10.9,98.7,18.5,92,awake,light
2026-08-02T15:16:00Z,ATH_001,43.0,94.6,36.54,12.3,98.3,18.5,92,awake,light
2026-08-02T15:17:00Z,ATH_001,38.4,100.3,36.33,12.9,98.8,18.5,92,awake,light
2026-08-02T15:18:00Z,ATH_001,35.9,95.5,36.51,11.3,98.9,18.5,92,awake,light
2026-08-02T15:19:00Z,ATH_001,42.5,96.6,36.49,12.7,98.1,18.5,92,awake,light
2026-08-02T15:20:00Z,ATH_001,41.9,97.0,36.47,12.5,98.7,18.5,92,awake,light
2026-08-02T15:21:00Z,ATH_001,46.1,98.4,36.28,11.9,98.8,18.5,92,awake,light
2026-08-02T15:22:00Z,ATH_001,41.8,98.5,36.27,12.4,98.6,18.5,92,awake,light
2026-08-02T15:23:00Z,ATH_001,37.1,92.9,36.64,12.1,98.6,18.5,92,awake,light
2026-08-02T15:24:00Z,ATH_001,36.1,101.7,36.56,11.3,98.3,18.5,92,awake,light
2026-08-02T15:25:00Z,ATH_001,35.7,100.7,36.58,11.6,98.9,18.5,92,awake,light
2026-08-02T15:26:00Z,ATH_001,34.5,100.1,36.52,11.4,98.2,18.5,92,awake,light
2026-08-02T15:27:00Z,ATH_001,37.7,96.5,36.43,11.7,98.7,18.5,92,awake,light
2026-08-02T15:28:00Z,ATH_001,38.5,99.3,36.67,12.2,98.8,18.5,92,awake,light
2026-08-02T15:29:00Z,ATH_001,35.3,97.0,36.58,10.9,98.2,18.5,92,awake,light
2026-08-02T15:30:00Z,ATH_001,36.3,98.2,36.6,11.4,98.3,18.5,92,awake,light
2026-08-02T15:31:00Z,ATH_001,32.8,101.4,36.51,11.9,98.6,18.5,92,awake,light
2026-08-02T15:32:00Z,ATH_001,42.3,96.5,36.36,12.4,98.8,18.5,92,awake,light
2026-08-02T15:33:00Z,ATH_001,39.4,97.6,36.23,12.0,98.0,18.5,92,awake,light
2026-08-02T15:34:00Z,ATH_001,38.4,94.7,36.45,12.4,98.2,18.5,92,awake,light
2026-08-02T15:35:00Z,ATH_001,37.5,103.8,36.66,11.8,98.6,18.5,92,awake,light
2026-08-02T15:36:00Z,ATH_001,37.6,97.8,36.41,11.5,98.6,18.5,92,awake,light
2026-08-02T15:37:00Z,ATH_001,37.8,100.0,36.54,11.4,98.3,18.5,92,awake,light
2026-08-02T15:38:00Z,ATH_001,39.4,99.5,36.68,12.2,98.7,18.5,92,awake,light
2026-08-02T15:39:00Z,ATH_001,38.6,98.6,36.53,11.0,98.8,18.5,92,awake,light
2026-08-02T15:40:00Z,ATH_001,35.4,98.0,36.6,11.0,98.3,18.5,92,awake,light
2026-08-02T15:41:00Z,ATH_001,39.2,97.9,36.41,13.0,98.6,18.5,92,awake,light
2026-08-02T15:42:00Z,ATH_001,36.2,99.5,36.48,11.9,98.8,18.5,92,awake,light
2026-08-02T15:43:00Z,ATH_001,35.4,97.0,36.37,12.2,98.9,18.5,92,awake,light
2026-08-02T15:44:00Z,ATH_001,36.3,100.9,36.56,12.3,98.7,18.5,92,awake,light
2026-08-02T15:45:00Z,ATH_001,37.0,100.9,36.42,11.5,99.0,18.5,92,awake,light
2026-08-02T15:46:00Z,ATH_001,35.3,100.4,36.61,11.3,98.9,18.5,92,awake,light
2026-08-02T15:47:00Z,ATH_001,40.8,97.0,36.6,11.8,98.9,18.5,92,awake,light
2026-08-02T15:48:00Z,ATH_001,39.6,96.2,36.39,11.6,98.7,18.5,92,awake,light
2026-08-02T15:49:00Z,ATH_001,38.2,99.3,36.51,12.0,98.2,18.5,92,awake,light
2026-08-02T15:50:00Z,ATH_001,36.8,102.5,36.59,11.5,98.9,18.5,92,awake,light
2026-08-02T15:51:00Z,ATH_001,35.5,99.0,36.68,11.8,99.0,18.5,92,awake,light
2026-08-02T15:52:00Z,ATH_001,39.4,97.7,36.55,12.2,98.7,18.5,92,awake,light
2026-08-02T15:53:00Z,ATH_001,41.3,95.2,36.46,11.6,98.2,18.5,92,awake,light
2026-08-02T15:54:00Z,ATH_001,36.1,98.9,36.55,12.2,97.6,18.5,92,awake,light
2026-08-02T15:55:00Z,ATH_001,39.0,94.5,36.58,11.5,98.7,18.5,92,awake,light
2026-08-02T15:56:00Z,ATH_001,37.7,100.1,36.39,11.6,98.5,18.5,92,awake,light
2026-08-02T15:57:00Z,ATH_001,36.5,98.0,36.56,11.4,98.8,18.5,92,awake,light
2026-08-02T15:58:00Z,ATH_001,36.2,98.1,36.32,11.2,98.9,18.5,92,awake,light
2026-08-02T15:59:00Z,ATH_001,39.5,99.9,36.48,11.7,98.2,18.5,92,awake,light
2026-08-02T16:00:00Z,ATH_001,35.8,103.6,36.56,10.7,98.8,18.5,92,awake,light
2026-08-02T16:01:00Z,ATH_001,35.1,97.4,36.46,11.8,98.7,18.5,92,awake,light
2026-08-02T16:02:00Z,ATH_001,39.9,94.9,36.63,13.0,98.9,18.5,92,awake,light
2026-08-02T16:03:00Z,ATH_001,41.5,101.5,36.49,12.3,99.0,18.5,92,awake,light
2026-08-02T16:04:00Z,ATH_001,36.9,100.6,36.66,11.7,98.8,18.5,92,awake,light
2026-08-02T16:05:00Z,ATH_001,39.5,97.8,36.49,12.0,98.2,18.5,92,awake,light
2026-08-02T16:06:00Z,ATH_001,39.5,97.8,36.41,11.2,98.7,18.5,92,awake,light
2026-08-02T16:07:00Z,ATH_001,31.7,102.7,36.44,11.4,99.0,18.5,92,awake,light
2026-08-02T16:08:00Z,ATH_001,34.2,100.4,36.38,11.3,98.8,18.5,92,awake,light
2026-08-02T16:09:00Z,ATH_001,35.7,100.0,36.57,12.4,98.9,18.5,92,awake,light
2026-08-02T16:10:00Z,ATH_001,37.6,98.8,36.49,12.7,98.4,18.5,92,awake,light
2026-08-02T16:11:00Z,ATH_001,31.2,100.7,36.61,10.5,98.6,18.5,92,awake,light
2026-08-02T16:12:00Z,ATH_001,38.0,98.0,36.42,10.3,98.9,18.5,92,awake,light
2026-08-02T16:13:00Z,ATH_001,35.6,104.6,36.43,11.8,98.8,18.5,92,awake,light
2026-08-02T16:14:00Z,ATH_001,36.8,99.1,36.56,11.0,98.7,18.5,92,awake,light
2026-08-02T16:15:00Z,ATH_001,37.1,97.7,36.59,11.5,98.7,18.5,92,awake,light
2026-08-02T16:16:00Z,ATH_001,38.1,100.1,36.42,11.4,98.9,18.5,92,awake,light
2026-08-02T16:17:00Z,ATH_001,38.6,101.5,36.5,11.9,98.4,18.5,92,awake,light
2026-08-02T16:18:00Z,ATH_001,36.2,100.1,36.56,12.7,99.0,18.5,92,awake,light
2026-08-02T16:19:00Z,ATH_001,36.9,98.2,36.57,12.1,98.5,18.5,92,awake,light
2026-08-02T16:20:00Z,ATH_001,35.9,99.5,36.36,12.1,98.6,18.5,92,awake,light
2026-08-02T16:21:00Z,ATH_001,34.2,99.3,36.67,11.5,98.5,18.5,92,awake,light
2026-08-02T16:22:00Z,ATH_001,36.2,98.9,36.52,11.7,98.6,18.5,92,awake,light
2026-08-02T16:23:00Z,ATH_001,35.1,102.5,36.41,12.1,98.3,18.5,92,awake,light
2026-08-02T16:24:00Z,ATH_001,33.0,100.8,36.46,11.1,98.1,18.5,92,awake,light
2026-08-02T16:25:00Z,ATH_001,39.5,96.5,36.55,11.8,98.8,18.5,92,awake,light
2026-08-02T16:26:00Z,ATH_001,38.0,98.5,36.45,11.4,98.4,18.5,92,awake,light
2026-08-02T16:27:00Z,ATH_001,36.5,96.8,36.41,12.0,98.9,18.5,92,awake,light
2026-08-02T16:28:00Z,ATH_001,35.4,101.2,36.54,11.2,98.6,18.5,92,awake,light
2026-08-02T16:29:00Z,ATH_001,31.1,98.8,36.42,11.1,98.7,18.5,92,awake,light
2026-08-02T16:30:00Z,ATH_001,37.4,100.1,36.62,11.9,98.4,18.5,92,awake,light
2026-08-02T16:31:00Z,ATH_001,37.6,93.9,36.58,11.4,98.9,18.5,92,awake,light
2026-08-02T16:32:00Z,ATH_001,36.1,101.9,36.45,11.5,98.8,18.5,92,awake,light
2026-08-02T16:33:00Z,ATH_001,35.1,100.2,36.49,12.3,98.6,18.5,92,awake,light
2026-08-02T16:34:00Z,ATH_001,38.4,98.0,36.45,11.9,99.0,18.5,92,awake,light
2026-08-02T16:35:00Z,ATH_001,40.2,96.0,36.57,11.5,98.8,18.5,92,awake,light
2026-08-02T16:36:00Z,ATH_001,37.3,100.5,36.49,12.0,98.7,18.5,92,awake,light
2026-08-02T16:37:00Z,ATH_001,40.1,97.9,36.57,12.4,99.0,18.5,92,awake,light
2026-08-02T16:38:00Z,ATH_001,30.6,102.8,36.42,10.8,98.8,18.5,92,awake,light
2026-08-02T16:39:00Z,ATH_001,31.9,98.2,36.59,10.3,98.5,18.5,92,awake,light
2026-08-02T16:40:00Z,ATH_001,35.0,100.0,36.47,11.5,98.8,18.5,92,awake,light
2026-08-02T16:41:00Z,ATH_001,37.7,98.0,36.71,12.1,98.9,18.5,92,awake,light
2026-08-02T16:42:00Z,ATH_001,37.2,100.8,36.43,12.6,98.6,18.5,92,awake,light
2026-08-02T16:43:00Z,ATH_001,33.0,97.4,36.52,11.5,98.1,18.5,92,awake,light
2026-08-02T16:44:00Z,ATH_001,32.5,102.5,36.53,11.6,98.9,18.5,92,awake,light
2026-08-02T16:45:00Z,ATH_001,33.6,102.0,36.42,11.9,98.6,18.5,92,awake,light
2026-08-02T16:46:00Z,ATH_001,38.6,99.8,36.41,12.2,98.6,18.5,92,awake,light
2026-08-02T16:47:00Z,ATH_001,37.6,101.1,36.38,11.5,98.3,18.5,92,awake,light
2026-08-02T16:48:00Z,ATH_001,38.4,97.7,36.38,11.5,97.6,18.5,92,awake,light
2026-08-02T16:49:00Z,ATH_001,32.3,95.5,36.43,11.0,98.6,18.5,92,awake,light
2026-08-02T16:50:00Z,ATH_001,35.8,97.4,36.64,10.2,98.7,18.5,92,awake,light
2026-08-02T16:51:00Z,ATH_001,34.1,100.2,36.47,10.5,98.6,18.5,92,awake,light
2026-08-02T16:52:00Z,ATH_001,34.2,98.3,36.56,11.2,98.9,18.5,92,awake,light
2026-08-02T16:53:00Z,ATH_001,33.5,99.8,36.47,11.3,98.5,18.5,92,awake,light
2026-08-02T16:54:00Z,ATH_001,36.0,100.2,36.61,11.8,98.7,18.5,92,awake,light
2026-08-02T16:55:00Z,ATH_001,34.1,100.2,36.49,10.8,98.5,18.5,92,awake,light
2026-08-02T16:56:00Z,ATH_001,30.9,100.2,36.32,11.6,98.4,18.5,92,awake,light
2026-08-02T16:57:00Z,ATH_001,32.6,101.5,36.41,11.6,98.2,18.5,92,awake,light
2026-08-02T16:58:00Z,ATH_001,37.3,97.3,36.49,11.0,98.6,18.5,92,awake,light
2026-08-02T16:59:00Z,ATH_001,33.6,101.4,36.56,11.3,98.6,18.5,92,awake,light
2026-08-02T17:00:00Z,ATH_001,34.5,100.9,36.5,12.4,97.9,18.5,92,awake,light
2026-08-02T17:01:00Z,ATH_001,37.2,98.1,36.73,10.8,98.4,18.5,92,awake,light
2026-08-02T17:02:00Z,ATH_001,34.4,101.3,36.53,11.3,98.7,18.5,92,awake,light
2026-08-02T17:03:00Z,ATH_001,36.2,99.6,36.48,11.5,98.3,18.5,92,awake,light
2026-08-02T17:04:00Z,ATH_001,29.6,100.0,36.48,10.8,98.8,18.5,92,awake,light
2026-08-02T17:05:00Z,ATH_001,38.1,99.2,36.46,11.7,98.9,18.5,92,awake,light
2026-08-02T17:06:00Z,ATH_001,32.5,104.1,36.47,11.6,98.7,18.5,92,awake,light
2026-08-02T17:07:00Z,ATH_001,34.2,98.6,36.6,12.2,98.9,18.5,92,awake,light
2026-08-02T17:08:00Z,ATH_001,32.5,104.1,36.38,12.1,98.2,18.5,92,awake,light
2026-08-02T17:09:00Z,ATH_001,35.2,99.9,36.57,11.3,98.5,18.5,92,awake,light
2026-08-02T17:10:00Z,ATH_001,35.8,99.5,36.8,11.9,98.9,18.5,92,awake,light
2026-08-02T17:11:00Z,ATH_001,34.6,101.2,36.48,11.9,98.8,18.5,92,awake,light
2026-08-02T17:12:00Z,ATH_001,33.8,98.7,36.55,11.3,98.5,18.5,92,awake,light
2026-08-02T17:13:00Z,ATH_001,33.2,100.8,36.35,11.8,98.9,18.5,92,awake,light
2026-08-02T17:14:00Z,ATH_001,31.9,101.1,36.67,10.9,98.9,18.5,92,awake,light
2026-08-02T17:15:00Z,ATH_001,36.7,98.0,36.32,12.1,98.9,18.5,92,awake,light
2026-08-02T17:16:00Z,ATH_001,34.9,98.8,36.56,10.8,98.8,18.5,92,awake,light
2026-08-02T17:17:00Z,ATH_001,37.8,99.6,36.47,12.5,98.7,18.5,92,awake,light
2026-08-02T17:18:00Z,ATH_001,34.8,98.5,36.61,11.9,98.9,18.5,92,awake,light
2026-08-02T17:19:00Z,ATH_001,35.2,98.2,36.52,11.5,98.6,18.5,92,awake,light
2026-08-02T17:20:00Z,ATH_001,30.2,100.5,36.57,10.5,98.8,18.5,92,awake,light
2026-08-02T17:21:00Z,ATH_001,35.6,100.7,36.46,11.1,97.9,18.5,92,awake,light
2026-08-02T17:22:00Z,ATH_001,34.6,97.0,36.6,11.2,98.3,18.5,92,awake,light
2026-08-02T17:23:00Z,ATH_001,39.4,97.2,36.58,12.0,98.8,18.5,92,awake,light
2026-08-02T17:24:00Z,ATH_001,32.1,102.3,36.41,11.7,98.6,18.5,92,awake,light
2026-08-02T17:25:00Z,ATH_001,32.7,101.1,36.45,10.8,98.9,18.5,92,awake,light
2026-08-02T17:26:00Z,ATH_001,30.2,102.8,36.62,11.3,98.2,18.5,92,awake,light
2026-08-02T17:27:00Z,ATH_001,38.1,103.2,36.41,11.2,98.0,18.5,92,awake,light
2026-08-02T17:28:00Z,ATH_001,33.3,98.7,36.57,11.8,98.9,18.5,92,awake,light
2026-08-02T17:29:00Z,ATH_001,29.8,100.5,36.49,11.2,98.7,18.5,92,awake,light
2026-08-02T17:30:00Z,ATH_001,35.4,96.5,36.52,10.8,98.3,18.5,92,awake,light
2026-08-02T17:31:00Z,ATH_001,36.8,98.3,36.61,11.5,98.7,18.5,92,awake,light
2026-08-02T17:32:00Z,ATH_001,37.9,98.1,36.38,11.2,98.3,18.5,92,awake,light
2026-08-02T17:33:00Z,ATH_001,37.2,99.7,36.33,11.9,98.9,18.5,92,awake,light
2026-08-02T17:34:00Z,ATH_001,35.3,99.2,36.38,11.3,98.7,18.5,92,awake,light
2026-08-02T17:35:00Z,ATH_001,35.3,100.9,36.52,11.9,98.2,18.5,92,awake,light
2026-08-02T17:36:00Z,ATH_001,33.6,100.0,36.24,11.6,99.0,18.5,92,awake,light
2026-08-02T17:37:00Z,ATH_001,37.1,96.8,36.49,12.8,98.8,18.5,92,awake,light
2026-08-02T17:38:00Z,ATH_001,31.8,102.3,36.34,10.7,98.7,18.5,92,awake,light
2026-08-02T17:39:00Z,ATH_001,33.5,99.8,36.59,12.2,98.4,18.5,92,awake,light
2026-08-02T17:40:00Z,ATH_001,35.2,98.4,36.35,11.0,98.9,18.5,92,awake,light
2026-08-02T17:41:00Z,ATH_001,32.6,99.7,36.4,10.8,98.7,18.5,92,awake,light
2026-08-02T17:42:00Z,ATH_001,35.4,96.1,36.45,11.3,98.6,18.5,92,awake,light
2026-08-02T17:43:00Z,ATH_001,35.2,101.1,36.83,12.1,98.6,18.5,92,awake,light
2026-08-02T17:44:00Z,ATH_001,39.9,97.3,36.57,12.0,99.0,18.5,92,awake,light
2026-08-02T17:45:00Z,ATH_001,31.4,99.0,36.44,10.9,98.6,18.5,92,awake,light
2026-08-02T17:46:00Z,ATH_001,41.1,100.3,36.54,12.3,98.7,18.5,92,awake,light
2026-08-02T17:47:00Z,ATH_001,38.4,98.6,36.61,12.0,98.5,18.5,92,awake,light
2026-08-02T17:48:00Z,ATH_001,38.8,95.0,36.58,11.1,98.9,18.5,92,awake,light
2026-08-02T17:49:00Z,ATH_001,36.3,98.1,36.27,11.5,98.7,18.5,92,awake,light
2026-08-02T17:50:00Z,ATH_001,31.6,104.4,36.5,11.2,98.7,18.5,92,awake,light
2026-08-02T17:51:00Z,ATH_001,34.6,101.1,36.52,10.9,98.8,18.5,92,awake,light
2026-08-02T17:52:00Z,ATH_001,33.3,102.3,36.51,11.0,98.9,18.5,92,awake,light
2026-08-02T17:53:00Z,ATH_001,35.6,99.3,36.55,10.7,98.9,18.5,92,awake,light
2026-08-02T17:54:00Z,ATH_001,33.0,101.0,36.63,12.2,98.7,18.5,92,awake,light
2026-08-02T17:55:00Z,ATH_001,35.3,96.7,36.57,11.4,98.5,18.5,92,awake,light
2026-08-02T17:56:00Z,ATH_001,33.5,95.2,36.58,11.3,98.8,18.5,92,awake,light
2026-08-02T17:57:00Z,ATH_001,33.3,99.1,36.46,10.6,98.0,18.5,92,awake,light
2026-08-02T17:58:00Z,ATH_001,37.0,100.7,36.48,11.9,98.9,18.5,92,awake,light
2026-08-02T17:59:00Z,ATH_001,33.0,101.8,36.54,11.5,98.9,18.5,92,awake,light
2026-08-02T18:00:00Z,ATH_001,38.7,99.9,36.52,11.5,98.2,18.5,92,awake,light
2026-08-02T18:01:00Z,ATH_001,37.6,99.5,36.34,12.2,98.8,18.5,92,awake,light
2026-08-02T18:02:00Z,ATH_001,33.5,100.0,36.29,10.7,98.4,18.5,92,awake,light
2026-08-02T18:03:00Z,ATH_001,34.5,100.0,36.47,11.1,98.4,18.5,92,awake,light
2026-08-02T18:04:00Z,ATH_001,30.1,100.9,36.54,11.1,98.8,18.5,92,awake,light
2026-08-02T18:05:00Z,ATH_001,34.8,100.3,36.61,11.3,98.1,18.5,92,awake,light
2026-08-02T18:06:00Z,ATH_001,31.9,98.0,36.45,12.2,98.9,18.5,92,awake,light
2026-08-02T18:07:00Z,ATH_001,40.2,93.0,36.42,12.6,98.6,18.5,92,awake,light
2026-08-02T18:08:00Z,ATH_001,37.9,99.5,36.32,11.9,98.7,18.5,92,awake,light
2026-08-02T18:09:00Z,ATH_001,35.5,100.0,36.41,11.3,98.1,18.5,92,awake,light
2026-08-02T18:10:00Z,ATH_001,35.7,100.4,36.62,12.1,98.5,18.5,92,awake,light
2026-08-02T18:11:00Z,ATH_001,31.5,100.4,36.35,10.9,98.3,18.5,92,awake,light
2026-08-02T18:12:00Z,ATH_001,38.8,96.9,36.5,12.5,98.5,18.5,92,awake,light
2026-08-02T18:13:00Z,ATH_001,34.2,100.5,36.53,11.0,98.3,18.5,92,awake,light
2026-08-02T18:14:00Z,ATH_001,31.8,99.0,36.53,10.5,98.7,18.5,92,awake,light
2026-08-02T18:15:00Z,ATH_001,32.2,100.2,36.53,11.2,98.5,18.5,92,awake,light
2026-08-02T18:16:00Z,ATH_001,34.2,102.1,36.68,11.1,98.8,18.5,92,awake,light
2026-08-02T18:17:00Z,ATH_001,33.6,102.1,36.5,11.0,98.5,18.5,92,awake,light
2026-08-02T18:18:00Z,ATH_001,30.5,102.4,36.56,11.8,98.7,18.5,92,awake,light
2026-08-02T18:19:00Z,ATH_001,35.1,98.5,36.12,11.1,99.0,18.5,92,awake,light
2026-08-02T18:20:00Z,ATH_001,34.2,99.3,36.53,11.7,98.9,18.5,92,awake,light
2026-08-02T18:21:00Z,ATH_001,28.7,100.6,36.58,11.1,98.4,18.5,92,awake,light
2026-08-02T18:22:00Z,ATH_001,32.7,102.0,36.56,11.6,98.3,18.5,92,awake,light
2026-08-02T18:23:00Z,ATH_001,34.3,101.0,36.43,11.3,98.6,18.5,92,awake,light
2026-08-02T18:24:00Z,ATH_001,36.3,98.2,36.56,11.7,98.8,18.5,92,awake,light
2026-08-02T18:25:00Z,ATH_001,33.4,99.1,36.48,11.0,98.3,18.5,92,awake,light
2026-08-02T18:26:00Z,ATH_001,30.9,101.9,36.5,10.9,98.8,18.5,92,awake,light
2026-08-02T18:27:00Z,ATH_001,39.1,102.0,36.37,11.9,98.4,18.5,92,awake,light
2026-08-02T18:28:00Z,ATH_001,39.5,98.6,36.56,12.1,99.0,18.5,92,awake,light
2026-08-02T18:29:00Z,ATH_001,30.4,99.5,36.67,10.4,98.7,18.5,92,awake,light
2026-08-02T18:30:00Z,ATH_001,36.1,100.6,36.4,11.0,98.3,18.5,92,awake,light
2026-08-02T18:31:00Z,ATH_001,36.6,99.2,36.26,10.9,98.8,18.5,92,awake,light
2026-08-02T18:32:00Z,ATH_001,35.5,102.5,36.47,10.8,98.8,18.5,92,awake,light
2026-08-02T18:33:00Z,ATH_001,32.4,103.0,36.61,11.3,98.5,18.5,92,awake,light
2026-08-02T18:34:00Z,ATH_001,27.5,102.9,36.54,11.5,99.0,18.5,92,awake,light
2026-08-02T18:35:00Z,ATH_001,29.5,98.5,36.37,11.4,98.8,18.5,92,awake,light
2026-08-02T18:36:00Z,ATH_001,32.8,96.2,36.36,12.1,98.8,18.5,92,awake,light
2026-08-02T18:37:00Z,ATH_001,31.3,97.9,36.55,11.2,98.6,18.5,92,awake,light
2026-08-02T18:38:00Z,ATH_001,34.8,95.9,36.66,10.7,98.0,18.5,92,awake,light
2026-08-02T18:39:00Z,ATH_001,37.2,96.4,36.54,11.7,98.8,18.5,92,awake,light
2026-08-02T18:40:00Z,ATH_001,33.9,101.1,36.49,11.4,98.5,18.5,92,awake,light
2026-08-02T18:41:00Z,ATH_001,35.9,98.8,36.44,11.2,98.3,18.5,92,awake,light
2026-08-02T18:42:00Z,ATH_001,38.4,95.3,36.42,11.1,98.6,18.5,92,awake,light
2026-08-02T18:43:00Z,ATH_001,35.1,101.0,36.39,11.5,98.6,18.5,92,awake,light
2026-08-02T18:44:00Z,ATH_001,35.5,97.2,36.35,10.7,99.0,18.5,92,awake,light
2026-08-02T18:45:00Z,ATH_001,32.0,100.1,36.41,10.2,98.3,18.5,92,awake,light
2026-08-02T18:46:00Z,ATH_001,34.2,101.7,36.42,11.9,98.7,18.5,92,awake,light
2026-08-02T18:47:00Z,ATH_001,37.4,100.0,36.29,11.4,98.5,18.5,92,awake,light
2026-08-02T18:48:00Z,ATH_001,33.5,100.6,36.45,11.9,98.5,18.5,92,awake,light
2026-08-02T18:49:00Z,ATH_001,38.9,94.2,36.54,10.6,98.5,18.5,92,awake,light
2026-08-02T18:50:00Z,ATH_001,38.6,98.4,36.58,12.4,98.6,18.5,92,awake,light
2026-08-02T18:51:00Z,ATH_001,35.7,101.2,36.47,11.2,98.2,18.5,92,awake,light
2026-08-02T18:52:00Z,ATH_001,37.5,98.1,36.41,12.0,98.6,18.5,92,awake,light
2026-08-02T18:53:00Z,ATH_001,33.9,98.2,36.49,10.7,98.5,18.5,92,awake,light
2026-08-02T18:54:00Z,ATH_001,33.7,98.7,36.52,12.1,99.0,18.5,92,awake,light
2026-08-02T18:55:00Z,ATH_001,30.0,99.2,36.35,10.5,97.3,18.5,92,awake,light
2026-08-02T18:56:00Z,ATH_001,38.9,100.9,36.46,11.6,99.0,18.5,92,awake,light
2026-08-02T18:57:00Z,ATH_001,37.4,100.5,36.56,11.8,98.6,18.5,92,awake,light
2026-08-02T18:58:00Z,ATH_001,43.0,94.9,36.44,11.5,98.9,18.5,92,awake,light
2026-08-02T18:59:00Z,ATH_001,33.6,94.9,36.53,10.9,98.2,18.5,92,awake,light
2026-08-02T19:00:00Z,ATH_001,37.5,97.6,36.55,11.5,98.5,18.5,92,awake,light
2026-08-02T19:01:00Z,ATH_001,31.9,100.1,36.5,11.8,98.9,18.5,92,awake,light
2026-08-02T19:02:00Z,ATH_001,31.8,98.9,36.5,11.2,98.6,18.5,92,awake,light
2026-08-02T19:03:00Z,ATH_001,35.3,102.2,36.48,10.6,98.8,18.5,92,awake,light
2026-08-02T19:04:00Z,ATH_001,34.9,102.5,36.48,11.8,98.2,18.5,92,awake,light
2026-08-02T19:05:00Z,ATH_001,35.7,96.6,36.43,12.1,98.1,18.5,92,awake,light
2026-08-02T19:06:00Z,ATH_001,38.7,99.6,36.38,11.3,98.5,18.5,92,awake,light
2026-08-02T19:07:00Z,ATH_001,35.8,98.7,36.46,11.2,98.5,18.5,92,awake,light
2026-08-02T19:08:00Z,ATH_001,40.2,95.8,36.4,12.4,98.7,18.5,92,awake,light
2026-08-02T19:09:00Z,ATH_001,37.4,100.6,36.48,12.0,98.7,18.5,92,awake,light
2026-08-02T19:10:00Z,ATH_001,37.4,99.0,36.36,11.1,98.5,18.5,92,awake,light
2026-08-02T19:11:00Z,ATH_001,33.2,99.4,36.6,11.3,99.0,18.5,92,awake,light
2026-08-02T19:12:00Z,ATH_001,38.4,97.1,36.6,12.7,98.2,18.5,92,awake,light
2026-08-02T19:13:00Z,ATH_001,36.7,97.3,36.45,11.9,99.0,18.5,92,awake,light
2026-08-02T19:14:00Z,ATH_001,39.6,99.1,36.59,13.1,98.7,18.5,92,awake,light
2026-08-02T19:15:00Z,ATH_001,34.4,98.4,36.6,11.8,98.9,18.5,92,awake,light
2026-08-02T19:16:00Z,ATH_001,38.3,99.1,36.73,11.4,98.3,18.5,92,awake,light
2026-08-02T19:17:00Z,ATH_001,32.9,101.2,36.51,11.7,98.6,18.5,92,awake,light
2026-08-02T19:18:00Z,ATH_001,36.4,97.9,36.41,11.6,98.9,18.5,92,awake,light
2026-08-02T19:19:00Z,ATH_001,36.9,99.8,36.48,11.6,98.7,18.5,92,awake,light
2026-08-02T19:20:00Z,ATH_001,39.2,98.2,36.39,11.9,97.9,18.5,92,awake,light
2026-08-02T19:21:00Z,ATH_001,38.5,96.4,36.54,12.2,98.6,18.5,92,awake,light
2026-08-02T19:22:00Z,ATH_001,37.8,103.1,36.62,13.1,98.5,18.5,92,awake,light
2026-08-02T19:23:00Z,ATH_001,34.0,101.8,36.34,11.9,98.5,18.5,92,awake,light
2026-08-02T19:24:00Z,ATH_001,39.4,97.0,36.5,11.1,98.6,18.5,92,awake,light
2026-08-02T19:25:00Z,ATH_001,38.4,99.4,36.5,11.3,98.9,18.5,92,awake,light
2026-08-02T19:26:00Z,ATH_001,34.2,96.4,36.69,12.2,98.8,18.5,92,awake,light
2026-08-02T19:27:00Z,ATH_001,38.9,94.5,36.31,11.9,98.5,18.5,92,awake,light
2026-08-02T19:28:00Z,ATH_001,37.2,99.2,36.56,11.9,98.4,18.5,92,awake,light
2026-08-02T19:29:00Z,ATH_001,37.9,99.7,36.54,10.9,98.6,18.5,92,awake,light
2026-08-02T19:30:00Z,ATH_001,31.3,104.3,36.48,11.3,98.6,18.5,92,awake,light
2026-08-02T19:31:00Z,ATH_001,33.9,98.3,36.54,11.0,98.9,18.5,92,awake,light
2026-08-02T19:32:00Z,ATH_001,36.3,102.2,36.59,11.0,98.1,18.5,92,awake,light
2026-08-02T19:33:00Z,ATH_001,39.5,97.5,36.54,12.3,98.4,18.5,92,awake,light
2026-08-02T19:34:00Z,ATH_001,38.6,96.8,36.47,11.0,98.9,18.5,92,awake,light
2026-08-02T19:35:00Z,ATH_001,37.6,97.2,36.35,11.6,98.3,18.5,92,awake,light
2026-08-02T19:36:00Z,ATH_001,37.2,104.5,36.51,11.6,98.7,18.5,92,awake,light
2026-08-02T19:37:00Z,ATH_001,36.7,98.9,36.46,11.3,98.7,18.5,92,awake,light
2026-08-02T19:38:00Z,ATH_001,33.1,100.2,36.59,11.8,98.1,18.5,92,awake,light
2026-08-02T19:39:00Z,ATH_001,37.3,101.8,36.45,11.2,98.8,18.5,92,awake,light
2026-08-02T19:40:00Z,ATH_001,35.5,100.3,36.56,11.4,98.9,18.5,92,awake,light
2026-08-02T19:41:00Z,ATH_001,33.1,99.7,36.53,11.3,98.4,18.5,92,awake,light
2026-08-02T19:42:00Z,ATH_001,37.3,95.9,36.37,10.8,98.6,18.5,92,awake,light
2026-08-02T19:43:00Z,ATH_001,32.2,101.9,36.49,11.4,98.7,18.5,92,awake,light
2026-08-02T19:44:00Z,ATH_001,40.1,96.6,36.64,11.6,98.3,18.5,92,awake,light
2026-08-02T19:45:00Z,ATH_001,38.1,96.9,36.65,11.0,98.8,18.5,92,awake,light
2026-08-02T19:46:00Z,ATH_001,38.4,95.3,36.72,12.5,98.9,18.5,92,awake,light
2026-08-02T19:47:00Z,ATH_001,37.3,98.5,36.65,11.4,98.6,18.5,92,awake,light
2026-08-02T19:48:00Z,ATH_001,34.8,96.3,36.58,10.9,98.7,18.5,92,awake,light
2026-08-02T19:49:00Z,ATH_001,35.3,98.7,36.34,11.2,98.3,18.5,92,awake,light
2026-08-02T19:50:00Z,ATH_001,40.9,99.9,36.45,12.4,98.6,18.5,92,awake,light
2026-08-02T19:51:00Z,ATH_001,38.0,98.6,36.27,13.3,98.8,18.5,92,awake,light
2026-08-02T19:52:00Z,ATH_001,37.4,98.1,36.48,11.7,98.9,18.5,92,awake,light
2026-08-02T19:53:00Z,ATH_001,36.8,96.8,36.59,12.6,98.9,18.5,92,awake,light
2026-08-02T19:54:00Z,ATH_001,31.1,99.3,36.54,10.4,98.9,18.5,92,awake,light
2026-08-02T19:55:00Z,ATH_001,37.9,100.2,36.59,12.0,98.2,18.5,92,awake,light
2026-08-02T19:56:00Z,ATH_001,38.5,94.4,36.38,11.2,98.8,18.5,92,awake,light
2026-08-02T19:57:00Z,ATH_001,33.5,100.5,36.53,12.3,98.6,18.5,92,awake,light
2026-08-02T19:58:00Z,ATH_001,37.3,97.8,36.45,10.9,98.9,18.5,92,awake,light
2026-08-02T19:59:00Z,ATH_001,36.8,97.2,36.56,11.4,98.6,18.5,92,awake,light
2026-08-02T20:00:00Z,ATH_001,41.4,98.1,36.64,11.5,98.6,18.5,92,awake,light
2026-08-02T20:01:00Z,ATH_001,36.5,97.7,36.71,11.5,98.1,18.5,92,awake,light
2026-08-02T20:02:00Z,ATH_001,38.5,96.3,36.56,13.6,98.9,18.5,92,awake,light
2026-08-02T20:03:00Z,ATH_001,38.2,99.5,36.42,11.9,98.6,18.5,92,awake,light
2026-08-02T20:04:00Z,ATH_001,38.2,96.6,36.54,11.9,98.5,18.5,92,awake,light
2026-08-02T20:05:00Z,ATH_001,37.5,100.8,36.53,10.8,98.8,18.5,92,awake,light
2026-08-02T20:06:00Z,ATH_001,32.6,98.3,36.56,11.4,98.6,18.5,92,awake,light
2026-08-02T20:07:00Z,ATH_001,34.1,101.0,36.57,10.4,97.2,18.5,92,awake,light
2026-08-02T20:08:00Z,ATH_001,35.1,97.0,36.44,11.7,98.9,18.5,92,awake,light
2026-08-02T20:09:00Z,ATH_001,39.1,99.0,36.63,12.1,98.8,18.5,92,awake,light
2026-08-02T20:10:00Z,ATH_001,33.2,99.2,36.44,12.4,98.7,18.5,92,awake,light
2026-08-02T20:11:00Z,ATH_001,42.7,97.8,36.47,12.9,98.8,18.5,92,awake,light
2026-08-02T20:12:00Z,ATH_001,38.6,97.2,36.48,12.2,98.9,18.5,92,awake,light
2026-08-02T20:13:00Z,ATH_001,38.2,99.0,36.41,11.9,98.4,18.5,92,awake,light
2026-08-02T20:14:00Z,ATH_001,37.0,98.2,36.53,12.2,98.6,18.5,92,awake,light
2026-08-02T20:15:00Z,ATH_001,38.8,96.8,36.51,11.2,98.8,18.5,92,awake,light
2026-08-02T20:16:00Z,ATH_001,40.9,94.6,36.55,12.0,98.1,18.5,92,awake,light
2026-08-02T20:17:00Z,ATH_001,41.4,99.1,36.52,11.7,98.7,18.5,92,awake,light
2026-08-02T20:18:00Z,ATH_001,37.1,100.0,36.45,11.7,98.5,18.5,92,awake,light
2026-08-02T20:19:00Z,ATH_001,38.0,99.3,36.53,12.1,98.4,18.5,92,awake,light
2026-08-02T20:20:00Z,ATH_001,41.5,97.0,36.43,11.4,98.6,18.5,92,awake,light
2026-08-02T20:21:00Z,ATH_001,37.7,96.3,36.6,12.3,98.8,18.5,92,awake,light
2026-08-02T20:22:00Z,ATH_001,40.6,98.7,36.5,12.5,98.8,18.5,92,awake,light
2026-08-02T20:23:00Z,ATH_001,35.1,98.0,36.4,11.1,98.6,18.5,92,awake,light
2026-08-02T20:24:00Z,ATH_001,36.2,95.4,36.68,11.5,98.4,18.5,92,awake,light
2026-08-02T20:25:00Z,ATH_001,35.4,97.7,36.48,11.7,98.6,18.5,92,awake,light
2026-08-02T20:26:00Z,ATH_001,32.3,101.9,36.41,11.7,98.5,18.5,92,awake,light
2026-08-02T20:27:00Z,ATH_001,39.6,99.3,36.49,10.6,98.6,18.5,92,awake,light
2026-08-02T20:28:00Z,ATH_001,37.3,95.4,36.47,12.3,98.4,18.5,92,awake,light
2026-08-02T20:29:00Z,ATH_001,36.3,96.6,36.71,11.2,98.3,18.5,92,awake,light
2026-08-02T20:30:00Z,ATH_001,36.8,97.9,36.75,11.7,98.9,18.5,92,awake,light
2026-08-02T20:31:00Z,ATH_001,37.6,101.9,36.62,12.3,98.7,18.5,92,awake,light
2026-08-02T20:32:00Z,ATH_001,39.9,97.7,36.58,10.9,98.9,18.5,92,awake,light
2026-08-02T20:33:00Z,ATH_001,41.3,101.4,36.32,12.1,98.7,18.5,92,awake,light
2026-08-02T20:34:00Z,ATH_001,39.4,95.6,36.47,12.2,98.9,18.5,92,awake,light
2026-08-02T20:35:00Z,ATH_001,43.7,98.9,36.44,13.6,98.6,18.5,92,awake,light
2026-08-02T20:36:00Z,ATH_001,42.7,96.1,36.6,12.5,99.0,18.5,92,awake,light
2026-08-02T20:37:00Z,ATH_001,37.6,99.7,36.39,11.1,98.2,18.5,92,awake,light
2026-08-02T20:38:00Z,ATH_001,43.0,94.3,36.47,12.5,98.5,18.5,92,awake,light
2026-08-02T20:39:00Z,ATH_001,40.0,99.5,36.55,12.3,99.0,18.5,92,awake,light
2026-08-02T20:40:00Z,ATH_001,44.1,96.1,36.43,12.2,98.4,18.5,92,awake,light
2026-08-02T20:41:00Z,ATH_001,38.0,95.1,36.4,11.4,98.6,18.5,92,awake,light
2026-08-02T20:42:00Z,ATH_001,38.2,99.1,36.36,11.5,98.2,18.5,92,awake,light
2026-08-02T20:43:00Z,ATH_001,43.1,98.5,36.6,13.1,98.8,18.5,92,awake,light
2026-08-02T20:44:00Z,ATH_001,37.3,98.6,36.53,11.5,98.9,18.5,92,awake,light
2026-08-02T20:45:00Z,ATH_001,36.0,98.1,36.46,11.3,98.8,18.5,92,awake,light
2026-08-02T20:46:00Z,ATH_001,31.6,101.2,36.81,10.0,98.7,18.5,92,awake,light
2026-08-02T20:47:00Z,ATH_001,40.0,97.9,36.57,12.0,98.4,18.5,92,awake,light
2026-08-02T20:48:00Z,ATH_001,35.8,99.4,36.48,11.7,98.4,18.5,92,awake,light
2026-08-02T20:49:00Z,ATH_001,39.7,96.9,36.55,11.7,98.9,18.5,92,awake,light
2026-08-02T20:50:00Z,ATH_001,37.3,99.3,36.61,11.4,98.4,18.5,92,awake,light
2026-08-02T20:51:00Z,ATH_001,37.2,97.1,36.73,11.7,97.8,18.5,92,awake,light
2026-08-02T20:52:00Z,ATH_001,35.6,97.2,36.52,12.2,98.5,18.5,92,awake,light
2026-08-02T20:53:00Z,ATH_001,34.5,98.1,36.53,11.5,98.2,18.5,92,awake,light
2026-08-02T20:54:00Z,ATH_001,43.0,92.0,36.54,12.4,98.9,18.5,92,awake,light
2026-08-02T20:55:00Z,ATH_001,40.4,100.6,36.45,13.0,98.7,18.5,92,awake,light
2026-08-02T20:56:00Z,ATH_001,41.4,97.4,36.29,12.0,99.0,18.5,92,awake,light
2026-08-02T20:57:00Z,ATH_001,31.0,101.9,36.39,11.5,98.1,18.5,92,awake,light
2026-08-02T20:58:00Z,ATH_001,38.6,99.4,36.54,12.5,98.9,18.5,92,awake,light
2026-08-02T20:59:00Z,ATH_001,41.5,97.6,36.65,12.3,98.4,18.5,92,awake,light
2026-08-02T21:00:00Z,ATH_001,43.9,98.0,36.55,12.0,98.0,18.5,92,awake,light
2026-08-02T21:01:00Z,ATH_001,37.3,100.7,36.64,11.8,98.3,18.5,92,awake,light
2026-08-02T21:02:00Z,ATH_001,41.7,98.4,36.34,12.6,98.8,18.5,92,awake,light
2026-08-02T21:03:00Z,ATH_001,38.5,99.8,36.36,11.9,98.7,18.5,92,awake,light
2026-08-02T21:04:00Z,ATH_001,41.0,99.9,36.53,12.7,98.5,18.5,92,awake,light
2026-08-02T21:05:00Z,ATH_001,45.1,97.6,36.51,12.0,98.9,18.5,92,awake,light
2026-08-02T21:06:00Z,ATH_001,43.3,98.9,36.51,11.6,98.8,18.5,92,awake,light
2026-08-02T21:07:00Z,ATH_001,34.8,97.9,36.5,10.7,98.5,18.5,92,awake,light
2026-08-02T21:08:00Z,ATH_001,40.5,99.9,36.6,12.4,97.6,18.5,92,awake,light
2026-08-02T21:09:00Z,ATH_001,37.2,95.2,36.47,11.9,98.5,18.5,92,awake,light
2026-08-02T21:10:00Z,ATH_001,45.0,92.8,36.46,12.5,98.5,18.5,92,awake,light
2026-08-02T21:11:00Z,ATH_001,40.6,97.7,36.63,12.4,98.3,18.5,92,awake,light
2026-08-02T21:12:00Z,ATH_001,44.1,95.2,36.55,13.3,98.6,18.5,92,awake,light
2026-08-02T21:13:00Z,ATH_001,45.1,93.2,36.53,12.4,98.7,18.5,92,awake,light
2026-08-02T21:14:00Z,ATH_001,36.7,96.0,36.68,11.5,98.8,18.5,92,awake,light
2026-08-02T21:15:00Z,ATH_001,39.3,98.1,36.55,12.2,98.7,18.5,92,awake,light
2026-08-02T21:16:00Z,ATH_001,39.6,100.4,36.53,11.3,99.0,18.5,92,awake,light
2026-08-02T21:17:00Z,ATH_001,36.9,99.1,36.59,11.2,98.9,18.5,92,awake,light
2026-08-02T21:18:00Z,ATH_001,45.7,100.1,36.36,13.0,98.8,18.5,92,awake,light
2026-08-02T21:19:00Z,ATH_001,43.2,98.6,36.5,13.3,98.7,18.5,92,awake,light
2026-08-02T21:20:00Z,ATH_001,45.6,98.5,36.39,12.0,98.7,18.5,92,awake,light
2026-08-02T21:21:00Z,ATH_001,33.8,100.1,36.43,11.4,98.5,18.5,92,awake,light
2026-08-02T21:22:00Z,ATH_001,45.1,96.5,36.37,12.7,99.0,18.5,92,awake,light
2026-08-02T21:23:00Z,ATH_001,37.9,100.4,36.56,10.7,98.7,18.5,92,awake,light
2026-08-02T21:24:00Z,ATH_001,39.5,95.5,36.42,13.0,98.8,18.5,92,awake,light
2026-08-02T21:25:00Z,ATH_001,38.3,101.1,36.31,10.7,98.6,18.5,92,awake,light
2026-08-02T21:26:00Z,ATH_001,43.2,97.7,36.45,12.8,98.5,18.5,92,awake,light
2026-08-02T21:27:00Z,ATH_001,39.6,99.1,36.56,12.2,98.6,18.5,92,awake,light
2026-08-02T21:28:00Z,ATH_001,39.1,97.8,36.53,11.7,99.0,18.5,92,awake,light
2026-08-02T21:29:00Z,ATH_001,39.1,99.4,36.32,12.0,98.8,18.5,92,awake,light
2026-08-02T21:30:00Z,ATH_001,41.3,98.3,36.54,12.2,98.6,18.5,92,awake,light
2026-08-02T21:31:00Z,ATH_001,40.5,97.6,36.44,12.1,98.6,18.5,92,awake,light
2026-08-02T21:32:00Z,ATH_001,46.7,96.2,36.55,13.3,98.5,18.5,92,awake,light
2026-08-02T21:33:00Z,ATH_001,36.9,97.9,36.46,11.2,98.4,18.5,92,awake,light
2026-08-02T21:34:00Z,ATH_001,45.3,95.6,36.55,12.9,98.3,18.5,92,awake,light
2026-08-02T21:35:00Z,ATH_001,39.7,99.0,36.54,12.6,98.7,18.5,92,awake,light
2026-08-02T21:36:00Z,ATH_001,40.7,102.1,36.63,11.8,98.4,18.5,92,awake,light
2026-08-02T21:37:00Z,ATH_001,41.5,98.4,36.48,12.2,98.8,18.5,92,awake,light
2026-08-02T21:38:00Z,ATH_001,45.7,94.6,36.59,13.3,99.0,18.5,92,awake,light
2026-08-02T21:39:00Z,ATH_001,44.3,93.8,36.61,12.6,98.6,18.5,92,awake,light
2026-08-02T21:40:00Z,ATH_001,36.7,98.7,36.46,11.8,98.8,18.5,92,awake,light
2026-08-02T21:41:00Z,ATH_001,41.8,99.2,36.5,13.0,98.7,18.5,92,awake,light
2026-08-02T21:42:00Z,ATH_001,42.1,100.6,36.39,12.5,98.7,18.5,92,awake,light
2026-08-02T21:43:00Z,ATH_001,39.0,97.9,36.53,11.9,98.3,18.5,92,awake,light
2026-08-02T21:44:00Z,ATH_001,43.9,99.3,36.46,11.7,98.9,18.5,92,awake,light
2026-08-02T21:45:00Z,ATH_001,42.4,97.7,36.47,12.4,98.8,18.5,92,awake,light
2026-08-02T21:46:00Z,ATH_001,41.1,99.2,36.54,12.2,99.0,18.5,92,awake,light
2026-08-02T21:47:00Z,ATH_001,40.7,98.4,36.57,11.6,99.0,18.5,92,awake,light
2026-08-02T21:48:00Z,ATH_001,38.9,97.9,36.42,12.9,99.0,18.5,92,awake,light
2026-08-02T21:49:00Z,ATH_001,38.4,99.1,36.48,12.3,98.7,18.5,92,awake,light
2026-08-02T21:50:00Z,ATH_001,51.7,91.8,36.47,14.3,98.7,18.5,92,awake,light
2026-08-02T21:51:00Z,ATH_001,45.0,96.9,36.56,12.5,98.1,18.5,92,awake,light
2026-08-02T21:52:00Z,ATH_001,42.0,96.2,36.37,12.5,98.9,18.5,92,awake,light
2026-08-02T21:53:00Z,ATH_001,38.8,101.1,36.6,11.9,98.6,18.5,92,awake,light
2026-08-02T21:54:00Z,ATH_001,46.2,98.7,36.42,12.4,98.8,18.5,92,awake,light
2026-08-02T21:55:00Z,ATH_001,37.7,98.0,36.53,10.7,99.0,18.5,92,awake,light
2026-08-02T21:56:00Z,ATH_001,43.7,94.1,36.35,13.3,98.9,18.5,92,awake,light
2026-08-02T21:57:00Z,ATH_001,45.3,96.9,36.45,12.4,98.3,18.5,92,awake,light
2026-08-02T21:58:00Z,ATH_001,41.2,98.8,36.47,12.9,98.6,18.5,92,awake,light
2026-08-02T21:59:00Z,ATH_001,42.4,98.3,36.77,11.3,98.1,18.5,92,awake,light
2026-08-02T22:00:00Z,ATH_001,35.7,97.2,36.61,11.8,98.5,18.5,92,awake,light
2026-08-02T22:01:00Z,ATH_001,43.4,93.4,36.5,11.8,98.9,18.5,92,awake,light
2026-08-02T22:02:00Z,ATH_001,43.2,98.1,36.57,13.0,97.8,18.5,92,awake,light
2026-08-02T22:03:00Z,ATH_001,45.6,98.3,36.42,12.4,98.4,18.5,92,awake,light
2026-08-02T22:04:00Z,ATH_001,38.6,98.7,36.36,10.8,99.0,18.5,92,awake,light
2026-08-02T22:05:00Z,ATH_001,45.4,96.1,36.49,12.4,98.2,18.5,92,awake,light
2026-08-02T22:06:00Z,ATH_001,42.8,92.6,36.52,11.8,98.5,18.5,92,awake,light
2026-08-02T22:07:00Z,ATH_001,37.2,99.6,36.35,11.7,98.7,18.5,92,awake,light
2026-08-02T22:08:00Z,ATH_001,49.5,94.2,36.56,13.3,98.0,18.5,92,awake,light
2026-08-02T22:09:00Z,ATH_001,49.3,95.4,36.4,12.9,98.9,18.5,92,awake,light
2026-08-02T22:10:00Z,ATH_001,43.0,95.5,36.34,13.3,98.7,18.5,92,awake,light
2026-08-02T22:11:00Z,ATH_001,43.8,99.8,36.51,11.3,98.8,18.5,92,awake,light
2026-08-02T22:12:00Z,ATH_001,43.4,98.0,36.54,12.9,98.7,18.5,92,awake,light
2026-08-02T22:13:00Z,ATH_001,42.8,99.9,36.54,12.4,98.6,18.5,92,awake,light
2026-08-02T22:14:00Z,ATH_001,43.4,99.5,36.54,11.7,98.4,18.5,92,awake,light
2026-08-02T22:15:00Z,ATH_001,46.3,94.7,36.52,13.1,98.7,18.5,92,awake,light
2026-08-02T22:16:00Z,ATH_001,44.6,94.9,36.51,11.4,98.6,18.5,92,awake,light
2026-08-02T22:17:00Z,ATH_001,42.4,97.4,36.56,12.3,98.3,18.5,92,awake,light
2026-08-02T22:18:00Z,ATH_001,43.8,97.0,36.5,12.3,98.5,18.5,92,awake,light
2026-08-02T22:19:00Z,ATH_001,44.1,101.8,36.5,11.4,98.8,18.5,92,awake,light
2026-08-02T22:20:00Z,ATH_001,44.8,97.7,36.39,12.4,98.1,18.5,92,awake,light
2026-08-02T22:21:00Z,ATH_001,44.7,96.5,36.61,11.8,98.5,18.5,92,awake,light
2026-08-02T22:22:00Z,ATH_001,46.1,96.0,36.32,12.7,98.9,18.5,92,awake,light
2026-08-02T22:23:00Z,ATH_001,41.0,96.5,36.28,11.8,98.9,18.5,92,awake,light
2026-08-02T22:24:00Z,ATH_001,43.1,100.8,36.45,12.4,98.1,18.5,92,awake,light
2026-08-02T22:25:00Z,ATH_001,49.3,95.4,36.56,12.4,98.8,18.5,92,awake,light
2026-08-02T22:26:00Z,ATH_001,44.1,96.4,36.34,12.6,98.9,18.5,92,awake,light
2026-08-02T22:27:00Z,ATH_001,42.3,97.1,36.69,13.3,98.3,18.5,92,awake,light
2026-08-02T22:28:00Z,ATH_001,47.5,92.6,36.79,13.0,98.8,18.5,92,awake,light
2026-08-02T22:29:00Z,ATH_001,47.4,96.1,36.55,12.4,98.2,18.5,92,awake,light
2026-08-02T22:30:00Z,ATH_001,46.4,94.4,36.52,12.8,98.8,18.5,92,awake,light
2026-08-02T22:31:00Z,ATH_001,41.1,98.0,36.36,11.6,98.7,18.5,92,awake,light
2026-08-02T22:32:00Z,ATH_001,44.1,100.3,36.41,12.9,98.6,18.5,92,awake,light
2026-08-02T22:33:00Z,ATH_001,40.4,98.6,36.49,11.6,98.8,18.5,92,awake,light
2026-08-02T22:34:00Z,ATH_001,46.9,95.6,36.48,13.0,98.9,18.5,92,awake,light
2026-08-02T22:35:00Z,ATH_001,45.4,97.1,36.67,13.3,98.0,18.5,92,awake,light
2026-08-02T22:36:00Z,ATH_001,43.2,96.9,36.43,12.3,98.7,18.5,92,awake,light
2026-08-02T22:37:00Z,ATH_001,40.5,98.0,36.52,12.6,98.0,18.5,92,awake,light
2026-08-02T22:38:00Z,ATH_001,39.8,94.8,36.47,11.9,98.7,18.5,92,awake,light
2026-08-02T22:39:00Z,ATH_001,46.8,94.8,36.53,12.4,98.8,18.5,92,awake,light
2026-08-02T22:40:00Z,ATH_001,46.5,97.2,36.23,12.7,98.9,18.5,92,awake,light
2026-08-02T22:41:00Z,ATH_001,41.0,96.9,36.53,12.5,98.8,18.5,92,awake,light
2026-08-02T22:42:00Z,ATH_001,46.8,94.4,36.62,12.0,98.6,18.5,92,awake,light
2026-08-02T22:43:00Z,ATH_001,38.5,99.1,36.66,11.9,98.4,18.5,92,awake,light
2026-08-02T22:44:00Z,ATH_001,45.8,91.5,36.38,12.5,98.5,18.5,92,awake,light
2026-08-02T22:45:00Z,ATH_001,47.4,95.6,36.64,12.6,99.0,18.5,92,awake,light
2026-08-02T22:46:00Z,ATH_001,45.5,92.1,36.53,11.3,98.8,18.5,92,awake,light
2026-08-02T22:47:00Z,ATH_001,47.9,98.3,36.39,13.4,98.8,18.5,92,awake,light
2026-08-02T22:48:00Z,ATH_001,45.7,100.2,36.56,13.0,99.0,18.5,92,awake,light
2026-08-02T22:49:00Z,ATH_001,41.5,98.8,36.53,12.6,98.5,18.5,92,awake,light
2026-08-02T22:50:00Z,ATH_001,46.8,95.0,36.41,12.9,98.5,18.5,92,awake,light
2026-08-02T22:51:00Z,ATH_001,45.9,101.3,36.33,12.6,97.7,18.5,92,awake,light
2026-08-02T22:52:00Z,ATH_001,51.1,95.7,36.56,13.1,98.6,18.5,92,awake,light
2026-08-02T22:53:00Z,ATH_001,50.4,94.8,36.53,12.5,98.9,18.5,92,awake,light
2026-08-02T22:54:00Z,ATH_001,48.2,94.6,36.4,12.6,99.0,18.5,92,awake,light
2026-08-02T22:55:00Z,ATH_001,41.6,95.9,36.32,11.2,98.2,18.5,92,awake,light
2026-08-02T22:56:00Z,ATH_001,44.8,95.7,36.41,12.5,98.9,18.5,92,awake,light
2026-08-02T22:57:00Z,ATH_001,42.7,95.8,36.56,12.0,98.9,18.5,92,awake,light
2026-08-02T22:58:00Z,ATH_001,43.0,99.1,36.62,12.4,98.5,18.5,92,awake,light
2026-08-02T22:59:00Z,ATH_001,38.8,95.6,36.44,12.6,98.6,18.5,92,awake,light
2026-08-02T23:00:00Z,ATH_001,45.6,98.4,36.55,12.9,97.7,18.5,92,light_sleep,resting
2026-08-02T23:01:00Z,ATH_001,45.8,100.8,36.48,12.0,98.6,18.5,92,light_sleep,resting
2026-08-02T23:02:00Z,ATH_001,45.6,94.7,36.61,11.9,98.8,18.5,92,light_sleep,resting
2026-08-02T23:03:00Z,ATH_001,46.7,91.8,36.54,12.1,98.6,18.5,92,light_sleep,resting
2026-08-02T23:04:00Z,ATH_001,42.6,101.3,36.51,12.7,98.8,18.5,92,light_sleep,resting
2026-08-02T23:05:00Z,ATH_001,40.9,94.1,36.39,12.9,98.1,18.5,92,light_sleep,resting
2026-08-02T23:06:00Z,ATH_001,44.8,92.8,36.6,11.8,98.7,18.5,92,light_sleep,resting
2026-08-02T23:07:00Z,ATH_001,50.6,94.2,36.51,13.4,98.8,18.5,92,light_sleep,resting
2026-08-02T23:08:00Z,ATH_001,44.3,97.6,36.55,12.6,98.9,18.5,92,light_sleep,resting
2026-08-02T23:09:00Z,ATH_001,49.4,95.3,36.54,13.3,98.3,18.5,92,light_sleep,resting
2026-08-02T23:10:00Z,ATH_001,48.2,97.0,36.5,12.7,97.9,18.5,92,light_sleep,resting
2026-08-02T23:11:00Z,ATH_001,42.7,100.9,36.55,12.1,98.7,18.5,92,light_sleep,resting
2026-08-02T23:12:00Z,ATH_001,43.7,93.7,36.4,12.9,98.8,18.5,92,light_sleep,resting
2026-08-02T23:13:00Z,ATH_001,49.2,92.4,36.38,12.5,98.7,18.5,92,light_sleep,resting
2026-08-02T23:14:00Z,ATH_001,49.9,94.4,36.31,13.1,98.5,18.5,92,light_sleep,resting
2026-08-02T23:15:00Z,ATH_001,49.2,99.9,36.48,13.5,98.2,18.5,92,light_sleep,resting
2026-08-02T23:16:00Z,ATH_001,53.9,94.5,36.44,14.2,98.5,18.5,92,light_sleep,resting
2026-08-02T23:17:00Z,ATH_001,49.3,93.9,36.41,12.9,98.9,18.5,92,light_sleep,resting
2026-08-02T23:18:00Z,ATH_001,47.8,95.0,36.49,13.0,98.4,18.5,92,light_sleep,resting
2026-08-02T23:19:00Z,ATH_001,43.5,99.3,36.42,12.5,98.9,18.5,92,light_sleep,resting
2026-08-02T23:20:00Z,ATH_001,47.4,93.8,36.63,14.2,98.6,18.5,92,light_sleep,resting
2026-08-02T23:21:00Z,ATH_001,48.5,97.7,36.45,13.0,98.4,18.5,92,light_sleep,resting
2026-08-02T23:22:00Z,ATH_001,43.6,97.7,36.47,12.0,98.5,18.5,92,light_sleep,resting
2026-08-02T23:23:00Z,ATH_001,46.6,92.5,36.55,12.8,98.9,18.5,92,light_sleep,resting
2026-08-02T23:24:00Z,ATH_001,45.8,97.0,36.44,12.9,98.8,18.5,92,light_sleep,resting
2026-08-02T23:25:00Z,ATH_001,50.4,93.9,36.39,13.2,99.0,18.5,92,light_sleep,resting
2026-08-02T23:26:00Z,ATH_001,46.8,98.0,36.59,11.8,97.7,18.5,92,light_sleep,resting
2026-08-02T23:27:00Z,ATH_001,46.7,96.7,36.58,11.9,98.4,18.5,92,light_sleep,resting
2026-08-02T23:28:00Z,ATH_001,47.9,94.7,36.25,13.1,99.0,18.5,92,light_sleep,resting
2026-08-02T23:29:00Z,ATH_001,40.0,98.2,36.57,12.2,98.9,18.5,92,light_sleep,resting
2026-08-02T23:30:00Z,ATH_001,51.1,93.4,36.78,13.5,98.9,18.5,92,light_sleep,resting
2026-08-02T23:31:00Z,ATH_001,49.6,94.9,36.56,12.8,98.5,18.5,92,light_sleep,resting
2026-08-02T23:32:00Z,ATH_001,52.0,93.6,36.47,13.8,98.8,18.5,92,light_sleep,resting
2026-08-02T23:33:00Z,ATH_001,49.4,94.0,36.5,12.5,98.9,18.5,92,light_sleep,resting
2026-08-02T23:34:00Z,ATH_001,50.0,95.8,36.44,12.5,98.7,18.5,92,light_sleep,resting
2026-08-02T23:35:00Z,ATH_001,46.1,98.3,36.4,12.0,98.6,18.5,92,light_sleep,resting
2026-08-02T23:36:00Z,ATH_001,49.0,94.9,36.63,12.3,98.4,18.5,92,light_sleep,resting
2026-08-02T23:37:00Z,ATH_001,55.4,89.3,36.39,14.3,98.7,18.5,92,light_sleep,resting
2026-08-02T23:38:00Z,ATH_001,52.6,97.3,36.44,14.2,98.4,18.5,92,light_sleep,resting
2026-08-02T23:39:00Z,ATH_001,44.0,94.9,36.46,12.8,98.9,18.5,92,light_sleep,resting
2026-08-02T23:40:00Z,ATH_001,49.5,92.3,36.61,13.5,98.6,18.5,92,light_sleep,resting
2026-08-02T23:41:00Z,ATH_001,58.6,89.1,36.56,14.5,98.9,18.5,92,light_sleep,resting
2026-08-02T23:42:00Z,ATH_001,46.7,95.8,36.54,12.0,98.5,18.5,92,light_sleep,resting
2026-08-02T23:43:00Z,ATH_001,49.7,94.9,36.42,13.3,98.1,18.5,92,light_sleep,resting
2026-08-02T23:44:00Z,ATH_001,53.3,97.1,36.45,14.4,99.0,18.5,92,light_sleep,resting
2026-08-02T23:45:00Z,ATH_001,46.1,95.7,36.41,12.4,99.0,18.5,92,light_sleep,resting
2026-08-02T23:46:00Z,ATH_001,46.0,96.4,36.58,13.3,98.9,18.5,92,light_sleep,resting
2026-08-02T23:47:00Z,ATH_001,45.7,97.8,36.51,12.6,98.5,18.5,92,light_sleep,resting
2026-08-02T23:48:00Z,ATH_001,48.1,94.4,36.42,12.5,98.5,18.5,92,light_sleep,resting
2026-08-02T23:49:00Z,ATH_001,48.0,94.1,36.68,13.1,98.8,18.5,92,light_sleep,resting
2026-08-02T23:50:00Z,ATH_001,49.2,91.8,36.52,13.4,98.5,18.5,92,light_sleep,resting
2026-08-02T23:51:00Z,ATH_001,48.1,96.7,36.59,12.9,98.8,18.5,92,light_sleep,resting
2026-08-02T23:52:00Z,ATH_001,48.7,91.9,36.46,13.0,98.4,18.5,92,light_sleep,resting
2026-08-02T23:53:00Z,ATH_001,48.3,96.2,36.6,13.1,98.5,18.5,92,light_sleep,resting
2026-08-02T23:54:00Z,ATH_001,53.8,96.0,36.4,13.5,98.9,18.5,92,light_sleep,resting
2026-08-02T23:55:00Z,ATH_001,54.0,90.6,36.58,13.8,98.7,18.5,92,light_sleep,resting
2026-08-02T23:56:00Z,ATH_001,46.9,92.6,36.56,13.1,98.4,18.5,92,light_sleep,resting
2026-08-02T23:57:00Z,ATH_001,48.7,92.6,36.37,12.1,98.7,18.5,92,light_sleep,resting
2026-08-02T23:58:00Z,ATH_001,51.5,94.1,36.6,13.2,98.9,18.5,92,light_sleep,resting
2026-08-02T23:59:00Z,ATH_001,49.3,93.9,36.45,13.5,98.4,18.5,92,light_sleep,resting
