timestamp,user_id,heart_rate,hrv_sdnn,skin_temp,resp_rate,spo2,strain_score,recovery_score,sleep_stage,activity_level
2026-08-01T00:00:00Z,SED_003,72.4,29.3,36.73,16.2,95.1,5.0,54,light_sleep,resting
2026-08-01T00:01:00Z,SED_003,74.8,30.8,36.49,16.5,95.7,5.0,54,light_sleep,resting
2026-08-01T00:02:00Z,SED_003,78.3,34.0,36.5,17.0,95.8,5.0,54,light_sleep,resting
2026-08-01T00:03:00Z,SED_003,74.0,35.7,36.74,15.8,95.7,5.0,54,light_sleep,resting
2026-08-01T00:04:00Z,SED_003,80.0,34.7,36.59,17.2,95.8,5.0,54,light_sleep,resting
2026-08-01T00:05:00Z,SED_003,80.4,30.2,36.67,17.7,95.2,5.0,54,light_sleep,resting
2026-08-01T00:06:00Z,SED_003,73.8,31.3,36.68,15.7,95.5,5.0,54,light_sleep,resting
2026-08-01T00:07:00Z,SED_003,73.2,35.9,36.35,16.5,96.0,5.0,54,light_sleep,resting
2026-08-01T00:08:00Z,SED_003,80.0,32.0,36.55,17.1,95.7,5.0,54,light_sleep,resting
2026-08-01T00:09:00Z,SED_003,76.3,34.1,36.57,17.0,95.3,5.0,54,light_sleep,resting
2026-08-01T00:10:00Z,SED_003,80.4,30.5,36.56,17.1,95.7,5.0,54,light_sleep,resting
2026-08-01T00:11:00Z,SED_003,78.9,34.7,36.42,17.9,95.4,5.0,54,light_sleep,resting
2026-08-01T00:12:00Z,SED_003,74.9,31.8,36.55,15.7,95.9,5.0,54,light_sleep,resting
2026-08-01T00:13:00Z,SED_003,76.0,32.0,36.68,16.4,95.4,5.0,54,light_sleep,resting
2026-08-01T00:14:00Z,SED_003,75.8,34.9,36.63,16.3,95.9,5.0,54,light_sleep,resting
2026-08-01T00:15:00Z,SED_003,76.9,32.7,36.61,16.6,95.9,5.0,54,light_sleep,resting
2026-08-01T00:16:00Z,SED_003,77.4,30.1,36.68,16.5,95.3,5.0,54,light_sleep,resting
2026-08-01T00:17:00Z,SED_003,77.5,32.3,36.58,16.9,95.9,5.0,54,light_sleep,resting
2026-08-01T00:18:00Z,SED_003,76.3,32.2,36.51,17.1,95.1,5.0,54,light_sleep,resting
2026-08-01T00:19:00Z,SED_003,86.2,26.9,36.54,17.2,95.8,5.0,54,light_sleep,resting
2026-08-01T00:20:00Z,SED_003,74.0,34.2,36.68,16.4,95.8,5.0,54,light_sleep,resting
2026-08-01T00:21:00Z,SED_003,78.0,34.0,36.68,16.5,95.6,5.0,54,light_sleep,resting
2026-08-01T00:22:00Z,SED_003,78.5,29.2,36.45,17.2,95.6,5.0,54,light_sleep,resting
2026-08-01T00:23:00Z,SED_003,82.3,30.1,36.43,17.5,96.0,5.0,54,light_sleep,resting
2026-08-01T00:24:00Z,SED_003,80.7,31.2,36.56,18.2,95.4,5.0,54,light_sleep,resting
2026-08-01T00:25:00Z,SED_003,76.2,31.0,36.55,16.6,95.3,5.0,54,light_sleep,resting
2026-08-01T00:26:00Z,SED_003,78.5,29.9,36.68,16.6,95.4,5.0,54,light_sleep,resting
2026-08-01T00:27:00Z,SED_003,83.0,31.4,36.51,17.1,95.0,5.0,54,light_sleep,resting
2026-08-01T00:28:00Z,SED_003,77.8,35.9,36.67,16.9,95.3,5.0,54,light_sleep,resting
2026-08-01T00:29:00Z,SED_003,74.1,30.4,36.72,15.7,95.1,5.0,54,light_sleep,resting
2026-08-01T00:30:00Z,SED_003,78.6,33.4,36.57,17.1,96.0,5.0,54,light_sleep,resting
2026-08-01T00:31:00Z,SED_003,74.7,32.3,36.62,16.8,95.8,5.0,54,light_sleep,resting
2026-08-01T00:32:00Z,SED_003,77.3,30.8,36.72,17.0,95.7,5.0,54,light_sleep,resting
2026-08-01T00:33:00Z,SED_003,77.7,33.8,36.61,16.1,95.7,5.0,54,light_sleep,resting
2026-08-01T00:34:00Z,SED_003,77.6,32.0,36.36,16.4,95.5,5.0,54,light_sleep,resting
2026-08-01T00:35:00Z,SED_003,77.9,31.5,36.74,17.4,95.8,5.0,54,light_sleep,resting
2026-08-01T00:36:00Z,SED_003,79.7,27.3,36.54,17.6,95.6,5.0,54,light_sleep,resting
2026-08-01T00:37:00Z,SED_003,80.9,27.7,36.57,16.8,95.8,5.0,54,light_sleep,resting
2026-08-01T00:38:00Z,SED_003,81.2,30.7,36.65,17.2,95.4,5.0,54,light_sleep,resting
2026-08-01T00:39:00Z,SED_003,80.5,29.9,36.76,17.1,95.5,5.0,54,light_sleep,resting
2026-08-01T00:40:00Z,SED_003,81.3,28.8,36.6,16.0,95.1,5.0,54,light_sleep,resting
2026-08-01T00:41:00Z,SED_003,82.9,26.7,36.82,17.5,95.8,5.0,54,light_sleep,resting
2026-08-01T00:42:00Z,SED_003,80.4,34.8,36.6,17.6,95.5,5.0,54,light_sleep,resting
2026-08-01T00:43:00Z,SED_003,81.9,31.5,36.45,17.6,95.9,5.0,54,light_sleep,resting
2026-08-01T00:44:00Z,SED_003,79.9,27.8,36.73,17.4,95.2,5.0,54,light_sleep,resting
2026-08-01T00:45:00Z,SED_003,78.3,32.6,36.55,16.3,95.2,5.0,54,light_sleep,resting
2026-08-01T00:46:00Z,SED_003,78.4,33.6,36.69,17.4,95.4,5.0,54,light_sleep,resting
2026-08-01T00:47:00Z,SED_003,85.0,27.3,36.62,17.9,95.8,5.0,54,light_sleep,resting
2026-08-01T00:48:00Z,SED_003,82.9,30.3,36.78,18.5,95.7,5.0,54,light_sleep,resting
2026-08-01T00:49:00Z,SED_003,81.5,29.5,36.38,17.3,95.9,5.0,54,light_sleep,resting
2026-08-01T00:50:00Z,SED_003,78.3,30.3,36.71,17.1,95.5,5.0,54,light_sleep,resting
2026-08-01T00:51:00Z,SED_003,78.4,28.7,36.6,16.4,95.1,5.0,54,light_sleep,resting
2026-08-01T00:52:00Z,SED_003,82.1,32.1,36.51,17.6,95.6,5.0,54,light_sleep,resting
2026-08-01T00:53:00Z,SED_003,82.0,31.0,36.67,17.5,95.9,5.0,54,light_sleep,resting
2026-08-01T00:54:00Z,SED_003,76.7,33.4,36.72,17.3,95.6,5.0,54,light_sleep,resting
2026-08-01T00:55:00Z,SED_003,74.1,31.4,36.67,16.4,95.2,5.0,54,light_sleep,resting
2026-08-01T00:56:00Z,SED_003,77.0,30.7,36.59,17.4,95.9,5.0,54,light_sleep,resting
2026-08-01T00:57:00Z,SED_003,81.5,28.7,36.76,18.1,95.8,5.0,54,light_sleep,resting
2026-08-01T00:58:00Z,SED_003,75.4,30.3,36.69,16.6,95.9,5.0,54,light_sleep,resting
2026-08-01T00:59:00Z,SED_003,84.8,33.1,36.45,18.0,94.9,5.0,54,light_sleep,resting
2026-08-01T01:00:00Z,SED_003,81.7,33.7,36.72,16.0,95.3,5.0,54,light_sleep,resting
2026-08-01T01:01:00Z,SED_003,82.6,31.2,36.4,17.4,95.4,5.0,54,light_sleep,resting
2026-08-01T01:02:00Z,SED_003,79.9,31.6,36.49,17.3,95.6,5.0,54,light_sleep,resting
2026-08-01T01:03:00Z,SED_003,78.7,31.9,36.53,17.2,95.5,5.0,54,light_sleep,resting
2026-08-01T01:04:00Z,SED_003,74.8,30.4,36.6,15.9,95.9,5.0,54,light_sleep,resting
2026-08-01T01:05:00Z,SED_003,79.5,33.8,36.58,17.3,95.8,5.0,54,light_sleep,resting
2026-08-01T01:06:00Z,SED_003,79.3,29.4,36.39,17.4,95.4,5.0,54,light_sleep,resting
2026-08-01T01:07:00Z,SED_003,79.5,30.0,36.66,17.9,95.8,5.0,54,light_sleep,resting
2026-08-01T01:08:00Z,SED_003,82.3,36.3,36.58,17.7,95.2,5.0,54,light_sleep,resting
2026-08-01T01:09:00Z,SED_003,77.4,35.7,36.66,17.6,95.5,5.0,54,light_sleep,resting
2026-08-01T01:10:00Z,SED_003,80.7,32.1,36.82,17.2,95.3,5.0,54,light_sleep,resting
2026-08-01T01:11:00Z,SED_003,80.5,29.7,36.51,17.0,96.0,5.0,54,light_sleep,resting
2026-08-01T01:12:00Z,SED_003,78.4,36.3,36.61,17.2,95.8,5.0,54,light_sleep,resting
2026-08-01T01:13:00Z,SED_003,76.0,32.2,36.67,17.1,95.4,5.0,54,light_sleep,resting
2026-08-01T01:14:00Z,SED_003,82.6,31.7,36.76,17.5,95.6,5.0,54,light_sleep,resting
2026-08-01T01:15:00Z,SED_003,83.3,34.5,36.62,17.3,95.3,5.0,54,light_sleep,resting
2026-08-01T01:16:00Z,SED_003,78.3,33.3,36.68,16.7,96.0,5.0,54,light_sleep,resting
2026-08-01T01:17:00Z,SED_003,77.8,30.4,36.56,16.1,95.5,5.0,54,light_sleep,resting
2026-08-01T01:18:00Z,SED_003,78.7,30.6,36.74,18.2,95.5,5.0,54,light_sleep,resting
2026-08-01T01:19:00Z,SED_003,79.5,31.1,36.47,18.0,94.6,5.0,54,light_sleep,resting
2026-08-01T01:20:00Z,SED_003,82.4,30.6,36.65,17.2,95.3,5.0,54,light_sleep,resting
2026-08-01T01:21:00Z,SED_003,80.9,29.5,36.44,17.8,94.9,5.0,54,light_sleep,resting
2026-08-01T01:22:00Z,SED_003,78.1,32.7,36.69,16.1,96.0,5.0,54,light_sleep,resting
2026-08-01T01:23:00Z,SED_003,80.9,32.4,36.47,17.8,95.8,5.0,54,light_sleep,resting
2026-08-01T01:24:00Z,SED_003,81.1,31.3,36.83,16.5,95.5,5.0,54,light_sleep,resting
2026-08-01T01:25:00Z,SED_003,87.3,27.0,36.63,18.1,95.4,5.0,54,light_sleep,resting
2026-08-01T01:26:00Z,SED_003,84.3,28.5,36.55,17.9,95.7,5.0,54,light_sleep,resting
2026-08-01T01:27:00Z,SED_003,76.3,34.1,36.55,17.2,95.8,5.0,54,light_sleep,resting
2026-08-01T01:28:00Z,SED_003,81.3,31.0,36.5,16.9,95.9,5.0,54,light_sleep,resting
2026-08-01T01:29:00Z,SED_003,81.4,29.4,36.78,16.5,95.5,5.0,54,light_sleep,resting
2026-08-01T01:30:00Z,SED_003,79.0,33.5,36.57,16.8,95.6,5.0,54,light_sleep,resting
2026-08-01T01:31:00Z,SED_003,79.0,28.7,36.49,18.2,95.4,5.0,54,light_sleep,resting
2026-08-01T01:32:00Z,SED_003,85.8,30.0,36.5,17.6,95.4,5.0,54,light_sleep,resting
2026-08-01T01:33:00Z,SED_003,85.2,26.1,36.68,18.3,95.7,5.0,54,light_sleep,resting
2026-08-01T01:34:00Z,SED_003,77.2,30.9,36.79,17.0,95.3,5.0,54,light_sleep,resting
2026-08-01T01:35:00Z,SED_003,85.2,32.8,36.44,18.2,95.9,5.0,54,light_sleep,resting
2026-08-01T01:36:00Z,SED_003,82.2,31.8,36.66,16.6,95.9,5.0,54,light_sleep,resting
2026-08-01T01:37:00Z,SED_003,81.2,32.4,36.72,16.7,95.9,5.0,54,light_sleep,resting
2026-08-01T01:38:00Z,SED_003,80.8,30.9,36.65,16.8,95.5,5.0,54,light_sleep,resting
2026-08-01T01:39:00Z,SED_003,79.9,31.8,36.67,16.8,95.7,5.0,54,light_sleep,resting
2026-08-01T01:40:00Z,SED_003,85.8,31.0,36.63,17.5,95.7,5.0,54,light_sleep,resting
2026-08-01T01:41:00Z,SED_003,84.0,29.6,36.66,17.7,95.6,5.0,54,light_sleep,resting
2026-08-01T01:42:00Z,SED_003,84.0,27.7,36.72,17.4,95.6,5.0,54,light_sleep,resting
2026-08-01T01:43:00Z,SED_003,80.0,29.8,36.72,16.7,95.4,5.0,54,light_sleep,resting
2026-08-01T01:44:00Z,SED_003,80.9,28.6,36.78,16.8,95.6,5.0,54,light_sleep,resting
2026-08-01T01:45:00Z,SED_003,84.1,27.1,36.66,18.2,95.6,5.0,54,light_sleep,resting
2026-08-01T01:46:00Z,SED_003,81.1,29.9,36.77,17.1,95.9,5.0,54,light_sleep,resting
2026-08-01T01:47:00Z,SED_003,82.7,30.9,36.73,17.4,95.9,5.0,54,light_sleep,resting
2026-08-01T01:48:00Z,SED_003,80.5,29.3,36.57,17.2,95.1,5.0,54,light_sleep,resting
2026-08-01T01:49:00Z,SED_003,86.8,30.6,36.66,17.7,95.0,5.0,54,light_sleep,resting
2026-08-01T01:50:00Z,SED_003,76.9,32.2,36.71,16.9,95.8,5.0,54,light_sleep,resting
2026-08-01T01:51:00Z,SED_003,82.1,28.3,36.76,16.8,95.6,5.0,54,light_sleep,resting
2026-08-01T01:52:00Z,SED_003,81.0,32.2,36.47,17.1,95.8,5.0,54,light_sleep,resting
2026-08-01T01:53:00Z,SED_003,75.8,32.7,36.47,16.8,95.3,5.0,54,light_sleep,resting
2026-08-01T01:54:00Z,SED_003,82.3,33.5,36.63,17.5,95.8,5.0,54,light_sleep,resting
2026-08-01T01:55:00Z,SED_003,83.2,31.9,36.8,17.9,95.8,5.0,54,light_sleep,resting
2026-08-01T01:56:00Z,SED_003,84.0,27.1,36.66,18.2,95.5,5.0,54,light_sleep,resting
2026-08-01T01:57:00Z,SED_003,85.3,28.6,36.7,18.4,95.9,5.0,54,light_sleep,resting
2026-08-01T01:58:00Z,SED_003,79.1,37.7,36.67,17.0,95.3,5.0,54,light_sleep,resting
2026-08-01T01:59:00Z,SED_003,78.5,33.3,36.58,16.2,95.8,5.0,54,light_sleep,resting
2026-08-01T02:00:00Z,SED_003,82.6,30.6,36.66,17.0,96.0,5.0,54,light_sleep,resting
2026-08-01T02:01:00Z,SED_003,81.9,34.3,36.58,17.2,96.0,5.0,54,light_sleep,resting
2026-08-01T02:02:00Z,SED_003,76.3,34.7,36.78,17.3,95.4,5.0,54,light_sleep,resting
2026-08-01T02:03:00Z,SED_003,80.9,31.4,36.78,17.8,96.0,5.0,54,light_sleep,resting
2026-08-01T02:04:00Z,SED_003,80.6,29.9,36.58,17.2,95.6,5.0,54,light_sleep,resting
2026-08-01T02:05:00Z,SED_003,83.6,28.9,36.52,17.2,95.4,5.0,54,light_sleep,resting
2026-08-01T02:06:00Z,SED_003,86.4,31.8,36.62,16.9,95.6,5.0,54,light_sleep,resting
2026-08-01T02:07:00Z,SED_003,84.1,25.7,36.54,17.0,95.6,5.0,54,light_sleep,resting
2026-08-01T02:08:00Z,SED_003,88.0,28.5,36.61,17.4,95.9,5.0,54,light_sleep,resting
2026-08-01T02:09:00Z,SED_003,80.8,30.4,36.63,17.5,95.9,5.0,54,light_sleep,resting
2026-08-01T02:10:00Z,SED_003,80.4,29.1,36.66,18.1,95.0,5.0,54,light_sleep,resting
2026-08-01T02:11:00Z,SED_003,84.5,29.6,36.51,18.4,95.9,5.0,54,light_sleep,resting
2026-08-01T02:12:00Z,SED_003,83.3,31.8,36.53,17.7,95.4,5.0,54,light_sleep,resting
2026-08-01T02:13:00Z,SED_003,86.7,31.9,36.5,17.9,95.4,5.0,54,light_sleep,resting
2026-08-01T02:14:00Z,SED_003,76.5,31.7,36.85,17.4,95.7,5.0,54,light_sleep,resting
2026-08-01T02:15:00Z,SED_003,84.8,30.6,36.46,18.4,95.9,5.0,54,light_sleep,resting
2026-08-01T02:16:00Z,SED_003,81.6,31.8,36.54,17.0,95.9,5.0,54,light_sleep,resting
2026-08-01T02:17:00Z,SED_003,84.9,29.3,36.55,17.1,95.7,5.0,54,light_sleep,resting
2026-08-01T02:18:00Z,SED_003,81.4,30.5,36.62,17.7,95.9,5.0,54,light_sleep,resting
2026-08-01T02:19:00Z,SED_003,81.1,29.4,36.53,18.1,95.9,5.0,54,light_sleep,resting
2026-08-01T02:20:00Z,SED_003,81.5,33.4,36.69,17.1,95.3,5.0,54,light_sleep,resting
2026-08-01T02:21:00Z,SED_003,89.5,27.4,36.63,18.4,95.9,5.0,54,light_sleep,resting
2026-08-01T02:22:00Z,SED_003,78.8,31.1,36.56,16.8,95.4,5.0,54,light_sleep,resting
2026-08-01T02:23:00Z,SED_003,85.7,24.6,36.69,18.2,95.5,5.0,54,light_sleep,resting
2026-08-01T02:24:00Z,SED_003,88.3,27.0,36.63,18.1,95.9,5.0,54,light_sleep,resting
2026-08-01T02:25:00Z,SED_003,82.4,30.0,36.38,17.3,95.6,5.0,54,light_sleep,resting
2026-08-01T02:26:00Z,SED_003,81.1,30.8,36.69,17.5,95.8,5.0,54,light_sleep,resting
2026-08-01T02:27:00Z,SED_003,79.2,32.3,36.78,17.9,95.8,5.0,54,light_sleep,resting
2026-08-01T02:28:00Z,SED_003,85.5,30.9,36.69,17.1,95.1,5.0,54,light_sleep,resting
2026-08-01T02:29:00Z,SED_003,85.7,30.2,36.63,17.7,95.7,5.0,54,light_sleep,resting
2026-08-01T02:30:00Z,SED_003,86.8,31.4,36.62,17.4,95.9,5.0,54,light_sleep,resting
2026-08-01T02:31:00Z,SED_003,83.0,30.2,36.69,17.5,95.7,5.0,54,light_sleep,resting
2026-08-01T02:32:00Z,SED_003,83.6,28.8,36.52,17.7,95.7,5.0,54,light_sleep,resting
2026-08-01T02:33:00Z,SED_003,80.1,31.5,36.76,17.5,95.1,5.0,54,light_sleep,resting
2026-08-01T02:34:00Z,SED_003,83.7,33.1,36.59,17.2,95.5,5.0,54,light_sleep,resting
2026-08-01T02:35:00Z,SED_003,81.2,37.0,36.52,17.0,94.9,5.0,54,light_sleep,resting
2026-08-01T02:36:00Z,SED_003,78.2,31.4,36.37,17.7,95.8,5.0,54,light_sleep,resting
2026-08-01T02:37:00Z,SED_003,87.2,34.7,36.57,17.6,95.8,5.0,54,light_sleep,resting
2026-08-01T02:38:00Z,SED_003,75.7,32.9,36.79,17.5,95.8,5.0,54,light_sleep,resting
2026-08-01T02:39:00Z,SED_003,84.3,31.3,36.6,17.9,95.6,5.0,54,light_sleep,resting
2026-08-01T02:40:00Z,SED_003,83.2,27.5,36.85,17.5,95.7,5.0,54,light_sleep,resting
2026-08-01T02:41:00Z,SED_003,79.9,34.1,36.65,16.0,95.7,5.0,54,light_sleep,resting
2026-08-01T02:42:00Z,SED_003,82.0,28.9,36.63,17.9,94.6,5.0,54,light_sleep,resting
2026-08-01T02:43:00Z,SED_003,81.8,27.7,36.65,17.7,95.3,5.0,54,light_sleep,resting
2026-08-01T02:44:00Z,SED_003,88.3,28.1,36.66,17.0,95.4,5.0,54,light_sleep,resting
2026-08-01T02:45:00Z,SED_003,80.7,30.7,36.62,17.8,95.0,5.0,54,light_sleep,resting
2026-08-01T02:46:00Z,SED_003,82.1,36.1,36.71,17.8,95.9,5.0,54,light_sleep,resting
2026-08-01T02:47:00Z,SED_003,90.4,29.3,36.36,18.5,95.6,5.0,54,light_sleep,resting
2026-08-01T02:48:00Z,SED_003,81.9,33.3,36.6,17.2,96.0,5.0,54,light_sleep,resting
2026-08-01T02:49:00Z,SED_003,81.6,33.0,36.44,17.4,95.9,5.0,54,light_sleep,resting
2026-08-01T02:50:00Z,SED_003,80.0,31.3,36.58,16.6,96.0,5.0,54,light_sleep,resting
2026-08-01T02:51:00Z,SED_003,83.1,32.9,36.57,17.5,96.0,5.0,54,light_sleep,resting
2026-08-01T02:52:00Z,SED_003,82.1,28.4,36.57,16.8,95.4,5.0,54,light_sleep,resting
2026-08-01T02:53:00Z,SED_003,84.5,29.0,36.48,17.7,95.7,5.0,54,light_sleep,resting
2026-08-01T02:54:00Z,SED_003,86.3,34.6,36.58,17.1,95.7,5.0,54,light_sleep,resting
2026-08-01T02:55:00Z,SED_003,87.2,27.4,36.84,17.7,95.6,5.0,54,light_sleep,resting
2026-08-01T02:56:00Z,SED_003,84.5,32.1,36.63,17.6,96.0,5.0,54,light_sleep,resting
2026-08-01T02:57:00Z,SED_003,85.3,30.2,36.58,16.9,95.8,5.0,54,light_sleep,resting
2026-08-01T02:58:00Z,SED_003,81.7,30.9,36.63,17.2,95.8,5.0,54,light_sleep,resting
2026-08-01T02:59:00Z,SED_003,84.6,28.8,36.6,17.0,95.8,5.0,54,light_sleep,resting
2026-08-01T03:00:00Z,SED_003,85.4,30.2,36.52,17.7,96.0,5.0,54,light_sleep,resting
2026-08-01T03:01:00Z,SED_003,82.9,30.3,36.51,17.3,95.5,5.0,54,light_sleep,resting
2026-08-01T03:02:00Z,SED_003,87.6,31.0,36.71,18.2,95.7,5.0,54,light_sleep,resting
2026-08-01T03:03:00Z,SED_003,88.8,29.8,36.68,19.5,95.5,5.0,54,light_sleep,resting
2026-08-01T03:04:00Z,SED_003,87.3,31.4,36.82,17.3,95.6,5.0,54,light_sleep,resting
2026-08-01T03:05:00Z,SED_003,79.9,29.6,36.6,17.0,95.5,5.0,54,light_sleep,resting
2026-08-01T03:06:00Z,SED_003,86.6,28.3,36.45,18.0,95.4,5.0,54,light_sleep,resting
2026-08-01T03:07:00Z,SED_003,83.5,28.2,36.7,16.7,95.1,5.0,54,light_sleep,resting
2026-08-01T03:08:00Z,SED_003,83.8,27.3,36.53,18.4,95.9,5.0,54,light_sleep,resting
2026-08-01T03:09:00Z,SED_003,85.8,26.4,36.44,18.1,95.9,5.0,54,light_sleep,resting
2026-08-01T03:10:00Z,SED_003,80.2,31.0,36.67,17.5,95.9,5.0,54,light_sleep,resting
2026-08-01T03:11:00Z,SED_003,82.3,27.9,36.53,16.9,95.1,5.0,54,light_sleep,resting
2026-08-01T03:12:00Z,SED_003,86.1,31.5,36.72,16.0,95.4,5.0,54,light_sleep,resting
2026-08-01T03:13:00Z,SED_003,84.1,30.3,36.57,17.6,95.7,5.0,54,light_sleep,resting
2026-08-01T03:14:00Z,SED_003,81.1,32.7,36.46,16.6,96.0,5.0,54,light_sleep,resting
2026-08-01T03:15:00Z,SED_003,89.9,27.7,36.59,18.1,96.0,5.0,54,light_sleep,resting
2026-08-01T03:16:00Z,SED_003,77.9,32.9,36.56,17.4,95.8,5.0,54,light_sleep,resting
2026-08-01T03:17:00Z,SED_003,82.9,29.9,36.44,17.2,96.0,5.0,54,light_sleep,resting
2026-08-01T03:18:00Z,SED_003,81.0,36.6,36.55,17.4,95.6,5.0,54,light_sleep,resting
2026-08-01T03:19:00Z,SED_003,86.2,31.1,36.57,18.5,95.8,5.0,54,light_sleep,resting
2026-08-01T03:20:00Z,SED_003,82.3,30.0,36.46,17.0,95.4,5.0,54,light_sleep,resting
2026-08-01T03:21:00Z,SED_003,80.8,32.4,36.54,17.4,95.1,5.0,54,light_sleep,resting
2026-08-01T03:22:00Z,SED_003,83.6,29.6,36.67,17.6,95.5,5.0,54,light_sleep,resting
2026-08-01T03:23:00Z,SED_003,83.7,32.6,36.52,18.0,95.7,5.0,54,light_sleep,resting
2026-08-01T03:24:00Z,SED_003,83.1,36.4,36.62,17.6,96.0,5.0,54,light_sleep,resting
2026-08-01T03:25:00Z,SED_003,87.6,33.3,36.44,17.7,95.7,5.0,54,light_sleep,resting
2026-08-01T03:26:00Z,SED_003,82.9,29.1,36.78,17.7,95.8,5.0,54,light_sleep,resting
2026-08-01T03:27:00Z,SED_003,84.5,30.9,36.47,17.7,95.3,5.0,54,light_sleep,resting
2026-08-01T03:28:00Z,SED_003,81.2,30.1,36.78,17.9,96.0,5.0,54,light_sleep,resting
2026-08-01T03:29:00Z,SED_003,87.9,28.4,36.47,17.6,95.7,5.0,54,light_sleep,resting
2026-08-01T03:30:00Z,SED_003,80.4,29.5,36.43,16.8,95.5,5.0,54,light_sleep,resting
2026-08-01T03:31:00Z,SED_003,87.3,27.9,36.51,18.4,95.0,5.0,54,light_sleep,resting
2026-08-01T03:32:00Z,SED_003,84.9,33.7,36.61,17.7,95.6,5.0,54,light_sleep,resting
2026-08-01T03:33:00Z,SED_003,80.7,34.4,36.57,17.4,95.8,5.0,54,light_sleep,resting
2026-08-01T03:34:00Z,SED_003,81.4,32.8,36.56,16.7,95.4,5.0,54,light_sleep,resting
2026-08-01T03:35:00Z,SED_003,84.3,27.7,36.59,17.5,95.9,5.0,54,light_sleep,resting
2026-08-01T03:36:00Z,SED_003,83.6,28.1,36.55,18.5,95.7,5.0,54,light_sleep,resting
2026-08-01T03:37:00Z,SED_003,90.3,29.8,36.46,18.4,95.7,5.0,54,light_sleep,resting
2026-08-01T03:38:00Z,SED_003,79.6,27.9,36.47,17.0,95.7,5.0,54,light_sleep,resting
2026-08-01T03:39:00Z,SED_003,82.2,31.4,36.6,17.8,95.6,5.0,54,light_sleep,resting
2026-08-01T03:40:00Z,SED_003,82.5,30.5,36.76,17.0,95.6,5.0,54,light_sleep,resting
2026-08-01T03:41:00Z,SED_003,81.7,32.7,36.47,16.6,95.9,5.0,54,light_sleep,resting
2026-08-01T03:42:00Z,SED_003,88.9,28.7,36.72,18.4,95.8,5.0,54,light_sleep,resting
2026-08-01T03:43:00Z,SED_003,88.2,28.3,36.61,18.4,95.2,5.0,54,light_sleep,resting
2026-08-01T03:44:00Z,SED_003,86.8,27.8,36.53,17.4,94.7,5.0,54,light_sleep,resting
2026-08-01T03:45:00Z,SED_003,78.5,30.6,36.67,17.2,95.9,5.0,54,light_sleep,resting
2026-08-01T03:46:00Z,SED_003,81.9,29.7,36.63,17.7,95.1,5.0,54,light_sleep,resting
2026-08-01T03:47:00Z,SED_003,88.5,29.1,36.6,18.4,95.8,5.0,54,light_sleep,resting
2026-08-01T03:48:00Z,SED_003,92.9,27.7,36.59,19.4,95.7,5.0,54,light_sleep,resting
2026-08-01T03:49:00Z,SED_003,86.5,30.3,36.72,18.1,95.7,5.0,54,light_sleep,resting
2026-08-01T03:50:00Z,SED_003,86.3,28.1,36.41,16.7,95.7,5.0,54,light_sleep,resting
2026-08-01T03:51:00Z,SED_003,85.4,32.3,36.55,17.6,95.5,5.0,54,light_sleep,resting
2026-08-01T03:52:00Z,SED_003,78.4,29.7,36.71,17.0,95.6,5.0,54,light_sleep,resting
2026-08-01T03:53:00Z,SED_003,84.5,31.6,36.67,17.9,95.7,5.0,54,light_sleep,resting
2026-08-01T03:54:00Z,SED_003,88.7,29.0,36.5,17.6,95.7,5.0,54,light_sleep,resting
2026-08-01T03:55:00Z,SED_003,81.5,32.4,36.69,17.7,95.7,5.0,54,light_sleep,resting
2026-08-01T03:56:00Z,SED_003,80.7,33.1,36.52,16.7,95.7,5.0,54,light_sleep,resting
2026-08-01T03:57:00Z,SED_003,80.6,25.9,36.59,17.0,95.3,5.0,54,light_sleep,resting
2026-08-01T03:58:00Z,SED_003,83.3,33.4,36.52,17.7,95.7,5.0,54,light_sleep,resting
2026-08-01T03:59:00Z,SED_003,88.9,26.8,36.64,17.9,95.3,5.0,54,light_sleep,resting
2026-08-01T04:00:00Z,SED_003,88.6,30.2,36.63,18.1,95.6,5.0,54,light_sleep,resting
2026-08-01T04:01:00Z,SED_003,83.4,31.4,36.65,16.5,95.4,5.0,54,light_sleep,resting
2026-08-01T04:02:00Z,SED_003,84.4,30.2,36.49,17.2,95.9,5.0,54,light_sleep,resting
2026-08-01T04:03:00Z,SED_003,89.0,26.0,36.48,18.2,96.0,5.0,54,light_sleep,resting
2026-08-01T04:04:00Z,SED_003,84.6,31.6,36.59,18.0,95.7,5.0,54,light_sleep,resting
2026-08-01T04:05:00Z,SED_003,86.7,29.3,36.47,17.7,95.0,5.0,54,light_sleep,resting
2026-08-01T04:06:00Z,SED_003,83.2,27.3,36.68,18.2,95.5,5.0,54,light_sleep,resting
2026-08-01T04:07:00Z,SED_003,83.5,31.7,36.61,17.2,95.4,5.0,54,light_sleep,resting
2026-08-01T04:08:00Z,SED_003,87.6,26.3,36.77,17.5,95.6,5.0,54,light_sleep,resting
2026-08-01T04:09:00Z,SED_003,84.5,30.1,36.59,17.9,95.4,5.0,54,light_sleep,resting
2026-08-01T04:10:00Z,SED_003,86.9,27.7,36.81,17.0,95.3,5.0,54,light_sleep,resting
2026-08-01T04:11:00Z,SED_003,87.4,29.6,36.49,18.4,95.8,5.0,54,light_sleep,resting
2026-08-01T04:12:00Z,SED_003,86.7,27.5,36.72,18.6,96.0,5.0,54,light_sleep,resting
2026-08-01T04:13:00Z,SED_003,82.5,27.0,36.49,18.4,95.8,5.0,54,light_sleep,resting
2026-08-01T04:14:00Z,SED_003,84.3,32.3,36.63,18.7,95.7,5.0,54,light_sleep,resting
2026-08-01T04:15:00Z,SED_003,83.0,27.0,36.53,17.7,95.6,5.0,54,light_sleep,resting
2026-08-01T04:16:00Z,SED_003,82.1,30.8,36.4,18.1,95.1,5.0,54,light_sleep,resting
2026-08-01T04:17:00Z,SED_003,86.4,28.1,36.68,17.1,95.1,5.0,54,light_sleep,resting
2026-08-01T04:18:00Z,SED_003,84.5,27.2,36.6,17.8,95.5,5.0,54,light_sleep,resting
2026-08-01T04:19:00Z,SED_003,84.8,28.7,36.53,17.8,95.3,5.0,54,light_sleep,resting
2026-08-01T04:20:00Z,SED_003,85.5,27.2,36.47,17.7,95.1,5.0,54,light_sleep,resting
2026-08-01T04:21:00Z,SED_003,85.1,29.6,36.66,17.8,95.5,5.0,54,light_sleep,resting
2026-08-01T04:22:00Z,SED_003,89.1,26.9,36.66,17.9,95.7,5.0,54,light_sleep,resting
2026-08-01T04:23:00Z,SED_003,87.2,31.3,36.53,18.7,95.6,5.0,54,light_sleep,resting
2026-08-01T04:24:00Z,SED_003,82.3,28.8,36.7,17.7,95.8,5.0,54,light_sleep,resting
2026-08-01T04:25:00Z,SED_003,85.1,31.2,36.62,17.9,94.8,5.0,54,light_sleep,resting
2026-08-01T04:26:00Z,SED_003,90.7,26.9,36.81,18.1,95.6,5.0,54,light_sleep,resting
2026-08-01T04:27:00Z,SED_003,84.8,30.1,36.65,17.2,95.8,5.0,54,light_sleep,resting
2026-08-01T04:28:00Z,SED_003,83.6,27.6,36.58,17.9,94.6,5.0,54,light_sleep,resting
2026-08-01T04:29:00Z,SED_003,89.0,31.0,36.59,18.4,94.8,5.0,54,light_sleep,resting
2026-08-01T04:30:00Z,SED_003,83.4,34.3,36.7,17.0,95.8,5.0,54,light_sleep,resting
2026-08-01T04:31:00Z,SED_003,87.7,30.5,36.57,17.6,95.7,5.0,54,light_sleep,resting
2026-08-01T04:32:00Z,SED_003,90.8,29.8,36.58,18.6,95.2,5.0,54,light_sleep,resting
2026-08-01T04:33:00Z,SED_003,83.0,32.8,36.56,17.0,95.6,5.0,54,light_sleep,resting
2026-08-01T04:34:00Z,SED_003,84.3,31.8,36.71,17.5,95.0,5.0,54,light_sleep,resting
2026-08-01T04:35:00Z,SED_003,86.4,29.4,36.66,17.8,96.0,5.0,54,light_sleep,resting
2026-08-01T04:36:00Z,SED_003,84.3,26.0,36.5,17.6,95.3,5.0,54,light_sleep,resting
2026-08-01T04:37:00Z,SED_003,84.6,30.0,36.59,18.2,96.0,5.0,54,light_sleep,resting
2026-08-01T04:38:00Z,SED_003,83.8,29.6,36.45,18.1,95.1,5.0,54,light_sleep,resting
2026-08-01T04:39:00Z,SED_003,80.7,32.8,36.56,17.4,95.8,5.0,54,light_sleep,resting
2026-08-01T04:40:00Z,SED_003,87.3,30.5,36.55,18.3,95.6,5.0,54,light_sleep,resting
2026-08-01T04:41:00Z,SED_003,85.4,28.2,36.64,17.0,95.6,5.0,54,light_sleep,resting
2026-08-01T04:42:00Z,SED_003,86.5,30.3,36.42,17.8,95.7,5.0,54,light_sleep,resting
2026-08-01T04:43:00Z,SED_003,88.9,29.6,36.68,18.1,95.9,5.0,54,light_sleep,resting
2026-08-01T04:44:00Z,SED_003,81.8,30.5,36.76,18.0,95.3,5.0,54,light_sleep,resting
2026-08-01T04:45:00Z,SED_003,87.6,32.2,36.49,17.7,95.3,5.0,54,light_sleep,resting
2026-08-01T04:46:00Z,SED_003,86.4,26.4,36.63,17.7,95.7,5.0,54,light_sleep,resting
2026-08-01T04:47:00Z,SED_003,85.4,31.7,36.6,17.3,95.2,5.0,54,light_sleep,resting
2026-08-01T04:48:00Z,SED_003,83.8,31.9,36.63,17.6,95.3,5.0,54,light_sleep,resting
2026-08-01T04:49:00Z,SED_003,87.4,29.4,36.58,18.0,95.1,5.0,54,light_sleep,resting
2026-08-01T04:50:00Z,SED_003,84.2,31.3,36.69,17.6,96.0,5.0,54,light_sleep,resting
2026-08-01T04:51:00Z,SED_003,84.2,25.7,36.61,16.9,96.0,5.0,54,light_sleep,resting
2026-08-01T04:52:00Z,SED_003,84.3,31.3,36.47,17.3,95.6,5.0,54,light_sleep,resting
2026-08-01T04:53:00Z,SED_003,86.3,29.8,36.51,18.7,95.0,5.0,54,light_sleep,resting
2026-08-01T04:54:00Z,SED_003,85.8,25.5,36.58,17.7,95.9,5.0,54,light_sleep,resting
2026-08-01T04:55:00Z,SED_003,90.2,27.2,36.6,18.2,95.4,5.0,54,light_sleep,resting
2026-08-01T04:56:00Z,SED_003,85.2,28.4,36.59,18.2,95.7,5.0,54,light_sleep,resting
2026-08-01T04:57:00Z,SED_003,83.9,31.0,36.75,17.7,95.7,5.0,54,light_sleep,resting
2026-08-01T04:58:00Z,SED_003,84.8,25.1,36.75,18.1,96.0,5.0,54,light_sleep,resting
2026-08-01T04:59:00Z,SED_003,86.0,28.9,36.68,17.4,95.7,5.0,54,light_sleep,resting
2026-08-01T05:00:00Z,SED_003,81.7,32.1,36.49,17.2,95.4,5.0,54,light_sleep,resting
2026-08-01T05:01:00Z,SED_003,85.7,24.1,36.63,17.9,95.6,5.0,54,light_sleep,resting
2026-08-01T05:02:00Z,SED_003,84.1,28.7,36.69,17.9,95.6,5.0,54,light_sleep,resting
2026-08-01T05:03:00Z,SED_003,82.2,33.1,36.67,17.5,95.2,5.0,54,light_sleep,resting
2026-08-01T05:04:00Z,SED_003,81.4,32.1,36.75,17.6,95.7,5.0,54,light_sleep,resting
2026-08-01T05:05:00Z,SED_003,85.2,30.8,36.7,17.5,95.8,5.0,54,light_sleep,resting
2026-08-01T05:06:00Z,SED_003,87.8,28.3,36.53,18.8,95.9,5.0,54,light_sleep,resting
2026-08-01T05:07:00Z,SED_003,91.9,29.6,36.62,18.4,95.2,5.0,54,light_sleep,resting
2026-08-01T05:08:00Z,SED_003,86.6,31.1,36.65,17.7,96.0,5.0,54,light_sleep,resting
2026-08-01T05:09:00Z,SED_003,86.1,32.2,36.54,17.3,95.9,5.0,54,light_sleep,resting
2026-08-01T05:10:00Z,SED_003,83.3,34.9,36.6,17.1,95.8,5.0,54,light_sleep,resting
2026-08-01T05:11:00Z,SED_003,85.9,28.7,36.41,18.0,95.7,5.0,54,light_sleep,resting
2026-08-01T05:12:00Z,SED_003,90.8,25.4,36.64,18.5,95.6,5.0,54,light_sleep,resting
2026-08-01T05:13:00Z,SED_003,82.0,30.7,36.63,16.6,95.5,5.0,54,light_sleep,resting
2026-08-01T05:14:00Z,SED_003,85.6,31.4,36.66,17.7,95.5,5.0,54,light_sleep,resting
2026-08-01T05:15:00Z,SED_003,85.4,32.4,36.7,18.5,95.3,5.0,54,light_sleep,resting
2026-08-01T05:16:00Z,SED_003,86.1,29.3,36.49,18.6,95.3,5.0,54,light_sleep,resting
2026-08-01T05:17:00Z,SED_003,88.0,29.7,36.57,18.0,95.8,5.0,54,light_sleep,resting
2026-08-01T05:18:00Z,SED_003,85.1,29.2,36.65,17.5,95.3,5.0,54,light_sleep,resting
2026-08-01T05:19:00Z,SED_003,77.5,31.7,36.54,17.2,95.9,5.0,54,light_sleep,resting
2026-08-01T05:20:00Z,SED_003,87.0,25.2,36.53,18.5,95.7,5.0,54,light_sleep,resting
2026-08-01T05:21:00Z,SED_003,78.5,30.4,36.64,17.8,95.4,5.0,54,light_sleep,resting
2026-08-01T05:22:00Z,SED_003,85.2,32.6,36.56,17.4,95.3,5.0,54,light_sleep,resting
2026-08-01T05:23:00Z,SED_003,80.6,31.0,36.54,16.1,96.0,5.0,54,light_sleep,resting
2026-08-01T05:24:00Z,SED_003,82.0,31.6,36.66,17.2,95.9,5.0,54,light_sleep,resting
2026-08-01T05:25:00Z,SED_003,86.8,32.6,36.61,18.7,95.8,5.0,54,light_sleep,resting
2026-08-01T05:26:00Z,SED_003,80.3,28.8,36.42,16.8,94.8,5.0,54,light_sleep,resting
2026-08-01T05:27:00Z,SED_003,88.5,27.8,36.46,18.0,95.6,5.0,54,light_sleep,resting
2026-08-01T05:28:00Z,SED_003,84.4,29.8,36.54,17.2,95.3,5.0,54,light_sleep,resting
2026-08-01T05:29:00Z,SED_003,81.4,32.7,36.7,17.2,95.5,5.0,54,light_sleep,resting
2026-08-01T05:30:00Z,SED_003,94.3,29.6,36.55,18.9,95.6,5.0,54,light_sleep,resting
2026-08-01T05:31:00Z,SED_003,86.3,32.3,36.65,17.2,95.6,5.0,54,light_sleep,resting
2026-08-01T05:32:00Z,SED_003,90.3,28.1,36.46,18.8,94.8,5.0,54,light_sleep,resting
2026-08-01T05:33:00Z,SED_003,86.7,29.9,36.58,17.5,95.9,5.0,54,light_sleep,resting
2026-08-01T05:34:00Z,SED_003,87.5,33.0,36.47,17.2,95.3,5.0,54,light_sleep,resting
2026-08-01T05:35:00Z,SED_003,83.1,30.2,36.66,17.6,95.8,5.0,54,light_sleep,resting
2026-08-01T05:36:00Z,SED_003,82.2,30.4,36.71,17.7,95.5,5.0,54,light_sleep,resting
2026-08-01T05:37:00Z,SED_003,85.3,28.7,36.47,17.7,95.3,5.0,54,light_sleep,resting
2026-08-01T05:38:00Z,SED_003,93.6,27.2,36.64,17.3,95.3,5.0,54,light_sleep,resting
2026-08-01T05:39:00Z,SED_003,88.7,26.3,36.69,17.6,95.3,5.0,54,light_sleep,resting
2026-08-01T05:40:00Z,SED_003,81.7,31.2,36.6,18.4,95.5,5.0,54,light_sleep,resting
2026-08-01T05:41:00Z,SED_003,82.0,30.5,36.63,17.3,95.9,5.0,54,light_sleep,resting
2026-08-01T05:42:00Z,SED_003,91.0,25.4,36.51,18.3,95.9,5.0,54,light_sleep,resting
2026-08-01T05:43:00Z,SED_003,86.1,29.6,36.52,17.8,96.0,5.0,54,light_sleep,resting
2026-08-01T05:44:00Z,SED_003,82.5,28.6,36.78,17.6,96.0,5.0,54,light_sleep,resting
2026-08-01T05:45:00Z,SED_003,88.8,30.3,36.59,18.3,95.6,5.0,54,light_sleep,resting
2026-08-01T05:46:00Z,SED_003,86.6,31.0,36.62,17.2,95.8,5.0,54,light_sleep,resting
2026-08-01T05:47:00Z,SED_003,88.5,30.9,36.59,18.8,95.6,5.0,54,light_sleep,resting
2026-08-01T05:48:00Z,SED_003,90.4,28.8,36.7,18.2,95.9,5.0,54,light_sleep,resting
2026-08-01T05:49:00Z,SED_003,85.3,32.6,36.66,16.9,94.8,5.0,54,light_sleep,resting
2026-08-01T05:50:00Z,SED_003,84.3,29.8,36.54,16.7,95.5,5.0,54,light_sleep,resting
2026-08-01T05:51:00Z,SED_003,86.9,31.0,36.59,17.6,95.7,5.0,54,light_sleep,resting
2026-08-01T05:52:00Z,SED_003,85.8,30.4,36.85,17.7,95.7,5.0,54,light_sleep,resting
2026-08-01T05:53:00Z,SED_003,78.1,32.4,36.69,16.4,95.0,5.0,54,light_sleep,resting
2026-08-01T05:54:00Z,SED_003,89.3,30.6,36.62,18.7,95.1,5.0,54,light_sleep,resting
2026-08-01T05:55:00Z,SED_003,84.0,27.7,36.62,17.4,94.6,5.0,54,light_sleep,resting
2026-08-01T05:56:00Z,SED_003,81.3,29.3,36.64,16.7,95.8,5.0,54,light_sleep,resting
2026-08-01T05:57:00Z,SED_003,93.3,28.8,36.52,18.4,95.7,5.0,54,light_sleep,resting
2026-08-01T05:58:00Z,SED_003,81.9,34.3,36.62,17.6,95.8,5.0,54,light_sleep,resting
2026-08-01T05:59:00Z,SED_003,89.6,29.1,36.72,18.3,95.6,5.0,54,light_sleep,resting
2026-08-01T06:00:00Z,SED_003,86.8,31.5,36.62,17.1,94.6,5.0,54,light_sleep,resting
2026-08-01T06:01:00Z,SED_003,81.3,28.9,36.44,17.8,94.9,5.0,54,light_sleep,resting
2026-08-01T06:02:00Z,SED_003,85.7,27.7,36.54,16.9,95.5,5.0,54,light_sleep,resting
2026-08-01T06:03:00Z,SED_003,90.3,25.8,36.57,18.1,95.6,5.0,54,light_sleep,resting
2026-08-01T06:04:00Z,SED_003,85.6,32.6,36.42,18.3,95.5,5.0,54,light_sleep,resting
2026-08-01T06:05:00Z,SED_003,86.0,30.3,36.62,17.0,95.8,5.0,54,light_sleep,resting
2026-08-01T06:06:00Z,SED_003,85.9,28.4,36.58,17.0,95.8,5.0,54,light_sleep,resting
2026-08-01T06:07:00Z,SED_003,87.6,27.4,36.7,18.3,95.9,5.0,54,light_sleep,resting
2026-08-01T06:08:00Z,SED_003,86.4,31.3,36.53,17.8,95.5,5.0,54,light_sleep,resting
2026-08-01T06:09:00Z,SED_003,85.4,28.8,36.74,18.8,96.0,5.0,54,light_sleep,resting
2026-08-01T06:10:00Z,SED_003,85.5,29.1,36.62,16.8,94.7,5.0,54,light_sleep,resting
2026-08-01T06:11:00Z,SED_003,87.7,31.8,36.62,18.7,95.9,5.0,54,light_sleep,resting
2026-08-01T06:12:00Z,SED_003,83.9,29.0,36.76,16.9,95.5,5.0,54,light_sleep,resting
2026-08-01T06:13:00Z,SED_003,91.1,28.0,36.72,18.1,95.1,5.0,54,light_sleep,resting
2026-08-01T06:14:00Z,SED_003,83.8,29.3,36.58,17.3,95.3,5.0,54,light_sleep,resting
2026-08-01T06:15:00Z,SED_003,86.5,30.9,36.75,18.6,95.9,5.0,54,light_sleep,resting
2026-08-01T06:16:00Z,SED_003,88.7,25.2,36.57,17.3,95.6,5.0,54,light_sleep,resting
2026-08-01T06:17:00Z,SED_003,82.7,28.9,36.51,17.9,95.5,5.0,54,light_sleep,resting
2026-08-01T06:18:00Z,SED_003,88.8,29.4,36.54,17.6,95.7,5.0,54,light_sleep,resting
2026-08-01T06:19:00Z,SED_003,81.8,32.7,36.45,17.5,95.9,5.0,54,light_sleep,resting
2026-08-01T06:20:00Z,SED_003,82.4,32.4,36.51,16.8,95.8,5.0,54,light_sleep,resting
2026-08-01T06:21:00Z,SED_003,81.3,30.3,36.77,16.7,95.1,5.0,54,light_sleep,resting
2026-08-01T06:22:00Z,SED_003,83.8,30.0,36.66,17.9,95.5,5.0,54,light_sleep,resting
2026-08-01T06:23:00Z,SED_003,89.7,29.2,36.56,17.8,95.9,5.0,54,light_sleep,resting
2026-08-01T06:24:00Z,SED_003,78.7,32.1,36.78,16.7,95.6,5.0,54,light_sleep,resting
2026-08-01T06:25:00Z,SED_003,89.0,28.0,36.6,17.5,95.5,5.0,54,light_sleep,resting
2026-08-01T06:26:00Z,SED_003,87.8,29.7,36.5,17.7,95.6,5.0,54,light_sleep,resting
2026-08-01T06:27:00Z,SED_003,83.0,31.4,36.76,16.7,95.9,5.0,54,light_sleep,resting
2026-08-01T06:28:00Z,SED_003,81.8,31.0,36.64,17.7,95.6,5.0,54,light_sleep,resting
2026-08-01T06:29:00Z,SED_003,83.3,32.1,36.59,17.5,95.4,5.0,54,light_sleep,resting
2026-08-01T06:30:00Z,SED_003,81.5,33.8,36.6,17.2,95.9,5.0,54,light_sleep,resting
2026-08-01T06:31:00Z,SED_003,83.5,27.8,36.53,17.5,95.6,5.0,54,light_sleep,resting
2026-08-01T06:32:00Z,SED_003,85.5,29.8,36.6,18.3,95.8,5.0,54,light_sleep,resting
2026-08-01T06:33:00Z,SED_003,84.8,30.8,36.67,17.8,96.0,5.0,54,light_sleep,resting
2026-08-01T06:34:00Z,SED_003,83.3,33.1,36.87,17.1,95.6,5.0,54,light_sleep,resting
2026-08-01T06:35:00Z,SED_003,85.4,29.3,36.6,17.6,95.9,5.0,54,light_sleep,resting
2026-08-01T06:36:00Z,SED_003,91.7,26.4,36.53,18.2,96.0,5.0,54,light_sleep,resting
2026-08-01T06:37:00Z,SED_003,82.6,31.2,36.4,18.5,95.8,5.0,54,light_sleep,resting
2026-08-01T06:38:00Z,SED_003,87.7,30.9,36.71,17.7,95.9,5.0,54,light_sleep,resting
2026-08-01T06:39:00Z,SED_003,85.4,31.0,36.55,18.2,95.6,5.0,54,light_sleep,resting
2026-08-01T06:40:00Z,SED_003,81.4,30.7,36.56,17.3,95.6,5.0,54,light_sleep,resting
2026-08-01T06:41:00Z,SED_003,83.7,34.6,36.57,17.6,95.5,5.0,54,light_sleep,resting
2026-08-01T06:42:00Z,SED_003,90.3,28.3,36.57,18.3,95.6,5.0,54,light_sleep,resting
2026-08-01T06:43:00Z,SED_003,87.8,25.7,36.64,17.8,95.5,5.0,54,light_sleep,resting
2026-08-01T06:44:00Z,SED_003,90.9,30.9,36.58,17.7,95.2,5.0,54,light_sleep,resting
2026-08-01T06:45:00Z,SED_003,84.2,31.7,36.69,18.2,96.0,5.0,54,light_sleep,resting
2026-08-01T06:46:00Z,SED_003,89.3,25.6,36.62,18.2,95.7,5.0,54,light_sleep,resting
2026-08-01T06:47:00Z,SED_003,88.0,29.0,36.35,18.5,95.8,5.0,54,light_sleep,resting
2026-08-01T06:48:00Z,SED_003,87.5,29.1,36.69,17.2,95.7,5.0,54,light_sleep,resting
2026-08-01T06:49:00Z,SED_003,81.7,30.5,36.54,16.9,96.0,5.0,54,light_sleep,resting
2026-08-01T06:50:00Z,SED_003,83.8,29.2,36.74,16.3,95.7,5.0,54,light_sleep,resting
2026-08-01T06:51:00Z,SED_003,87.2,27.3,36.91,17.7,95.0,5.0,54,light_sleep,resting
2026-08-01T06:52:00Z,SED_003,90.8,29.8,36.53,19.0,95.5,5.0,54,light_sleep,resting
2026-08-01T06:53:00Z,SED_003,85.0,28.4,36.52,17.9,95.5,5.0,54,light_sleep,resting
2026-08-01T06:54:00Z,SED_003,82.7,27.1,36.63,18.0,95.4,5.0,54,light_sleep,resting
2026-08-01T06:55:00Z,SED_003,82.0,29.8,36.46,18.3,95.7,5.0,54,light_sleep,resting
2026-08-01T06:56:00Z,SED_003,87.8,28.3,36.66,17.1,95.6,5.0,54,light_sleep,resting
2026-08-01T06:57:00Z,SED_003,85.7,32.5,36.56,17.9,95.9,5.0,54,light_sleep,resting
2026-08-01T06:58:00Z,SED_003,86.2,29.7,36.51,17.1,95.6,5.0,54,light_sleep,resting
2026-08-01T06:59:00Z,SED_003,84.3,31.3,36.51,17.0,95.5,5.0,54,light_sleep,resting
2026-08-01T07:00:00Z,SED_003,78.6,31.6,36.42,17.5,95.9,5.0,54,awake,light
2026-08-01T07:01:00Z,SED_003,88.1,29.1,36.46,17.7,95.0,5.0,54,awake,light
2026-08-01T07:02:00Z,SED_003,84.8,31.1,36.52,18.6,95.4,5.0,54,awake,light
2026-08-01T07:03:00Z,SED_003,85.7,31.0,36.63,18.2,95.5,5.0,54,awake,light
2026-08-01T07:04:00Z,SED_003,85.0,29.5,36.47,17.5,95.7,5.0,54,awake,light
2026-08-01T07:05:00Z,SED_003,85.1,34.3,36.75,18.5,95.8,5.0,54,awake,light
2026-08-01T07:06:00Z,SED_003,86.6,29.4,36.49,17.8,95.4,5.0,54,awake,light
2026-08-01T07:07:00Z,SED_003,86.1,30.3,36.75,17.7,95.5,5.0,54,awake,light
2026-08-01T07:08:00Z,SED_003,85.4,30.6,36.46,18.1,95.5,5.0,54,awake,light
2026-08-01T07:09:00Z,SED_003,84.9,27.9,36.44,16.4,96.0,5.0,54,awake,light
2026-08-01T07:10:00Z,SED_003,86.7,27.9,36.69,17.6,95.2,5.0,54,awake,light
2026-08-01T07:11:00Z,SED_003,85.6,31.7,36.53,17.2,95.9,5.0,54,awake,light
2026-08-01T07:12:00Z,SED_003,84.5,33.1,36.49,17.5,95.2,5.0,54,awake,light
2026-08-01T07:13:00Z,SED_003,83.5,30.9,36.49,18.1,95.8,5.0,54,awake,light
2026-08-01T07:14:00Z,SED_003,89.9,30.1,36.5,17.8,95.6,5.0,54,awake,light
2026-08-01T07:15:00Z,SED_003,84.8,30.8,36.52,17.9,95.9,5.0,54,awake,light
2026-08-01T07:16:00Z,SED_003,88.6,28.6,36.52,17.5,95.8,5.0,54,awake,light
2026-08-01T07:17:00Z,SED_003,88.8,30.5,36.6,17.5,95.9,5.0,54,awake,light
2026-08-01T07:18:00Z,SED_003,85.5,27.9,36.56,18.7,95.5,5.0,54,awake,light
2026-08-01T07:19:00Z,SED_003,79.0,33.4,36.58,16.4,95.5,5.0,54,awake,light
2026-08-01T07:20:00Z,SED_003,84.2,29.8,36.7,17.3,95.5,5.0,54,awake,light
2026-08-01T07:21:00Z,SED_003,88.2,28.3,36.77,19.0,95.9,5.0,54,awake,light
2026-08-01T07:22:00Z,SED_003,88.6,28.1,36.7,18.0,95.6,5.0,54,awake,light
2026-08-01T07:23:00Z,SED_003,82.4,32.0,36.6,17.7,95.7,5.0,54,awake,light
2026-08-01T07:24:00Z,SED_003,83.1,30.1,36.62,17.0,96.0,5.0,54,awake,light
2026-08-01T07:25:00Z,SED_003,79.8,34.5,36.5,18.1,95.5,5.0,54,awake,light
2026-08-01T07:26:00Z,SED_003,87.2,30.9,36.42,18.6,96.0,5.0,54,awake,light
2026-08-01T07:27:00Z,SED_003,86.1,34.4,36.37,17.7,95.8,5.0,54,awake,light
2026-08-01T07:28:00Z,SED_003,81.8,30.0,36.62,17.4,95.4,5.0,54,awake,light
2026-08-01T07:29:00Z,SED_003,88.8,24.9,36.63,18.5,95.9,5.0,54,awake,light
2026-08-01T07:30:00Z,SED_003,87.0,32.2,36.58,17.9,95.5,5.0,54,awake,light
2026-08-01T07:31:00Z,SED_003,85.5,26.9,36.66,18.7,95.8,5.0,54,awake,light
2026-08-01T07:32:00Z,SED_003,86.7,28.4,36.6,17.6,96.0,5.0,54,awake,light
2026-08-01T07:33:00Z,SED_003,86.9,29.7,36.64,17.9,96.0,5.0,54,awake,light
2026-08-01T07:34:00Z,SED_003,88.1,29.5,36.66,18.4,95.9,5.0,54,awake,light
2026-08-01T07:35:00Z,SED_003,83.8,32.0,36.43,17.0,95.9,5.0,54,awake,light
2026-08-01T07:36:00Z,SED_003,83.5,28.3,36.38,16.8,95.9,5.0,54,awake,light
2026-08-01T07:37:00Z,SED_003,84.4,28.9,36.67,17.8,95.9,5.0,54,awake,light
2026-08-01T07:38:00Z,SED_003,79.0,33.0,36.71,17.8,95.7,5.0,54,awake,light
2026-08-01T07:39:00Z,SED_003,91.1,30.3,36.77,18.0,95.8,5.0,54,awake,light
2026-08-01T07:40:00Z,SED_003,89.7,31.1,36.6,18.1,96.0,5.0,54,awake,light
2026-08-01T07:41:00Z,SED_003,90.3,28.0,36.78,18.4,95.9,5.0,54,awake,light
2026-08-01T07:42:00Z,SED_003,86.1,31.4,36.69,18.2,95.6,5.0,54,awake,light
2026-08-01T07:43:00Z,SED_003,84.0,28.2,36.65,17.6,95.9,5.0,54,awake,light
2026-08-01T07:44:00Z,SED_003,88.3,29.5,36.46,18.7,95.7,5.0,54,awake,light
2026-08-01T07:45:00Z,SED_003,82.1,29.9,36.77,17.6,95.6,5.0,54,awake,light
2026-08-01T07:46:00Z,SED_003,82.1,29.1,36.52,17.1,95.5,5.0,54,awake,light
2026-08-01T07:47:00Z,SED_003,89.3,27.1,36.59,18.2,95.4,5.0,54,awake,light
2026-08-01T07:48:00Z,SED_003,82.7,30.7,36.57,17.1,95.5,5.0,54,awake,light
2026-08-01T07:49:00Z,SED_003,81.5,30.3,36.66,16.9,95.5,5.0,54,awake,light
2026-08-01T07:50:00Z,SED_003,83.1,31.2,36.62,18.0,95.7,5.0,54,awake,light
2026-08-01T07:51:00Z,SED_003,84.5,30.5,36.71,17.6,95.7,5.0,54,awake,light
2026-08-01T07:52:00Z,SED_003,85.1,31.4,36.51,18.1,95.5,5.0,54,awake,light
2026-08-01T07:53:00Z,SED_003,82.0,29.5,36.53,17.2,95.6,5.0,54,awake,light
2026-08-01T07:54:00Z,SED_003,85.3,29.2,36.49,16.7,95.7,5.0,54,awake,light
2026-08-01T07:55:00Z,SED_003,84.6,27.5,36.81,17.0,95.7,5.0,54,awake,light
2026-08-01T07:56:00Z,SED_003,89.0,27.8,36.65,17.9,95.1,5.0,54,awake,light
2026-08-01T07:57:00Z,SED_003,81.8,27.7,36.57,17.9,95.8,5.0,54,awake,light
2026-08-01T07:58:00Z,SED_003,79.2,28.5,36.55,16.3,95.1,5.0,54,awake,light
2026-08-01T07:59:00Z,SED_003,85.9,32.4,36.7,17.8,96.0,5.0,54,awake,light
2026-08-01T08:00:00Z,SED_003,86.1,29.9,36.67,17.6,95.4,5.0,54,awake,light
2026-08-01T08:01:00Z,SED_003,90.5,31.2,36.5,18.9,95.8,5.0,54,awake,light
2026-08-01T08:02:00Z,SED_003,86.0,31.9,36.65,17.0,95.9,5.0,54,awake,light
2026-08-01T08:03:00Z,SED_003,86.1,28.8,36.54,18.0,95.9,5.0,54,awake,light
2026-08-01T08:04:00Z,SED_003,82.9,29.3,36.52,18.2,95.7,5.0,54,awake,light
2026-08-01T08:05:00Z,SED_003,83.6,32.6,36.63,17.9,95.4,5.0,54,awake,light
2026-08-01T08:06:00Z,SED_003,84.1,28.2,36.65,17.9,95.3,5.0,54,awake,light
2026-08-01T08:07:00Z,SED_003,85.3,31.0,36.62,18.3,95.9,5.0,54,awake,light
2026-08-01T08:08:00Z,SED_003,83.9,29.9,36.56,17.2,96.0,5.0,54,awake,light
2026-08-01T08:09:00Z,SED_003,83.9,29.3,36.56,17.0,95.7,5.0,54,awake,light
2026-08-01T08:10:00Z,SED_003,82.4,30.1,36.51,17.1,95.9,5.0,54,awake,light
2026-08-01T08:11:00Z,SED_003,86.6,30.4,36.53,18.0,95.2,5.0,54,awake,light
2026-08-01T08:12:00Z,SED_003,86.1,29.3,36.51,17.8,95.6,5.0,54,awake,light
2026-08-01T08:13:00Z,SED_003,81.8,35.0,36.53,17.8,95.8,5.0,54,awake,light
2026-08-01T08:14:00Z,SED_003,84.6,30.8,36.79,17.8,95.9,5.0,54,awake,light
2026-08-01T08:15:00Z,SED_003,80.5,30.5,36.54,17.8,95.7,5.0,54,awake,light
2026-08-01T08:16:00Z,SED_003,81.6,34.8,36.52,17.7,95.8,5.0,54,awake,light
2026-08-01T08:17:00Z,SED_003,86.8,29.8,36.44,18.1,95.7,5.0,54,awake,light
2026-08-01T08:18:00Z,SED_003,80.1,34.0,36.66,17.1,95.9,5.0,54,awake,light
2026-08-01T08:19:00Z,SED_003,84.1,30.6,36.68,18.1,96.0,5.0,54,awake,light
2026-08-01T08:20:00Z,SED_003,84.7,31.5,36.47,17.5,95.3,5.0,54,awake,light
2026-08-01T08:21:00Z,SED_003,82.9,29.3,36.61,18.4,95.8,5.0,54,awake,light
2026-08-01T08:22:00Z,SED_003,80.4,31.0,36.32,17.5,95.9,5.0,54,awake,light
2026-08-01T08:23:00Z,SED_003,87.7,25.2,36.56,17.6,95.5,5.0,54,awake,light
2026-08-01T08:24:00Z,SED_003,87.1,26.5,36.62,18.4,95.9,5.0,54,awake,light
2026-08-01T08:25:00Z,SED_003,81.3,35.4,36.6,16.8,95.9,5.0,54,awake,light
2026-08-01T08:26:00Z,SED_003,78.5,33.6,36.59,17.3,95.7,5.0,54,awake,light
2026-08-01T08:27:00Z,SED_003,90.6,29.0,36.52,18.5,95.9,5.0,54,awake,light
2026-08-01T08:28:00Z,SED_003,84.2,31.9,36.37,17.6,95.8,5.0,54,awake,light
2026-08-01T08:29:00Z,SED_003,86.4,27.5,36.51,17.7,95.2,5.0,54,awake,light
2026-08-01T08:30:00Z,SED_003,77.4,36.4,36.64,16.9,95.2,5.0,54,awake,light
2026-08-01T08:31:00Z,SED_003,87.8,29.8,36.66,17.9,95.8,5.0,54,awake,light
2026-08-01T08:32:00Z,SED_003,82.9,32.7,36.73,18.5,96.0,5.0,54,awake,light
2026-08-01T08:33:00Z,SED_003,84.4,32.4,36.68,17.1,95.8,5.0,54,awake,light
2026-08-01T08:34:00Z,SED_003,79.3,31.9,36.63,17.1,95.9,5.0,54,awake,light
2026-08-01T08:35:00Z,SED_003,86.5,29.0,36.45,18.1,95.3,5.0,54,awake,light
2026-08-01T08:36:00Z,SED_003,82.7,30.8,36.55,17.4,95.2,5.0,54,awake,light
2026-08-01T08:37:00Z,SED_003,81.3,30.8,36.6,17.4,95.4,5.0,54,awake,light
2026-08-01T08:38:00Z,SED_003,83.5,30.3,36.52,18.3,96.0,5.0,54,awake,light
2026-08-01T08:39:00Z,SED_003,84.1,29.5,36.46,17.5,95.4,5.0,54,awake,light
2026-08-01T08:40:00Z,SED_003,84.2,29.1,36.48,18.5,95.8,5.0,54,awake,light
2026-08-01T08:41:00Z,SED_003,85.0,29.9,36.56,18.2,95.9,5.0,54,awake,light
2026-08-01T08:42:00Z,SED_003,84.1,29.8,36.6,17.1,95.7,5.0,54,awake,light
2026-08-01T08:43:00Z,SED_003,87.3,29.1,36.63,17.3,95.8,5.0,54,awake,light
2026-08-01T08:44:00Z,SED_003,84.4,29.0,36.78,17.1,96.0,5.0,54,awake,light
2026-08-01T08:45:00Z,SED_003,89.1,30.0,36.5,17.7,95.9,5.0,54,awake,light
2026-08-01T08:46:00Z,SED_003,82.0,30.7,36.61,17.3,95.7,5.0,54,awake,light
2026-08-01T08:47:00Z,SED_003,84.5,29.5,36.37,16.9,96.0,5.0,54,awake,light
2026-08-01T08:48:00Z,SED_003,85.8,28.0,36.61,18.5,94.4,5.0,54,awake,light
2026-08-01T08:49:00Z,SED_003,79.9,32.1,36.67,16.8,95.4,5.0,54,awake,light
2026-08-01T08:50:00Z,SED_003,83.8,30.4,36.59,17.8,95.8,5.0,54,awake,light
2026-08-01T08:51:00Z,SED_003,83.6,32.3,36.7,17.2,95.2,5.0,54,awake,light
2026-08-01T08:52:00Z,SED_003,90.5,27.2,36.61,17.9,95.2,5.0,54,awake,light
2026-08-01T08:53:00Z,SED_003,82.6,31.3,36.74,17.8,95.5,5.0,54,awake,light
2026-08-01T08:54:00Z,SED_003,79.1,31.6,36.59,16.7,96.0,5.0,54,awake,light
2026-08-01T08:55:00Z,SED_003,81.9,28.4,36.48,17.5,95.5,5.0,54,awake,light
2026-08-01T08:56:00Z,SED_003,81.6,33.8,36.56,17.7,95.9,5.0,54,awake,light
2026-08-01T08:57:00Z,SED_003,87.0,32.5,36.67,17.0,95.8,5.0,54,awake,light
2026-08-01T08:58:00Z,SED_003,80.9,31.9,36.67,16.6,94.9,5.0,54,awake,light
2026-08-01T08:59:00Z,SED_003,84.7,28.3,36.62,16.5,95.5,5.0,54,awake,light
2026-08-01T09:00:00Z,SED_003,84.5,29.3,36.68,17.4,95.3,5.0,54,awake,light
2026-08-01T09:01:00Z,SED_003,86.2,29.5,36.7,17.6,95.7,5.0,54,awake,light
2026-08-01T09:02:00Z,SED_003,80.3,34.9,36.47,17.6,95.8,5.0,54,awake,light
2026-08-01T09:03:00Z,SED_003,82.4,34.5,36.5,17.2,96.0,5.0,54,awake,light
2026-08-01T09:04:00Z,SED_003,79.9,30.5,36.69,16.9,95.9,5.0,54,awake,light
2026-08-01T09:05:00Z,SED_003,88.0,29.3,36.65,18.3,95.7,5.0,54,awake,light
2026-08-01T09:06:00Z,SED_003,87.7,32.8,36.65,18.0,95.6,5.0,54,awake,light
2026-08-01T09:07:00Z,SED_003,85.9,30.9,36.53,17.4,95.7,5.0,54,awake,light
2026-08-01T09:08:00Z,SED_003,84.0,31.5,36.51,17.1,95.6,5.0,54,awake,light
2026-08-01T09:09:00Z,SED_003,79.4,30.9,36.71,17.1,95.8,5.0,54,awake,light
2026-08-01T09:10:00Z,SED_003,85.8,28.8,36.55,18.2,95.6,5.0,54,awake,light
2026-08-01T09:11:00Z,SED_003,83.3,29.4,36.6,17.8,95.9,5.0,54,awake,light
2026-08-01T09:12:00Z,SED_003,81.6,27.9,36.44,18.5,95.5,5.0,54,awake,light
2026-08-01T09:13:00Z,SED_003,80.1,30.2,36.71,16.9,96.0,5.0,54,awake,light
2026-08-01T09:14:00Z,SED_003,84.4,30.8,36.7,16.8,95.2,5.0,54,awake,light
2026-08-01T09:15:00Z,SED_003,79.8,34.9,36.68,17.0,95.9,5.0,54,awake,light
2026-08-01T09:16:00Z,SED_003,85.0,33.0,36.61,18.8,95.6,5.0,54,awake,light
2026-08-01T09:17:00Z,SED_003,81.7,33.8,36.67,17.4,95.4,5.0,54,awake,light
2026-08-01T09:18:00Z,SED_003,81.6,33.6,36.48,18.7,95.7,5.0,54,awake,light
2026-08-01T09:19:00Z,SED_003,83.6,28.7,36.42,17.5,95.7,5.0,54,awake,light
2026-08-01T09:20:00Z,SED_003,83.2,26.1,36.54,17.4,95.6,5.0,54,awake,light
2026-08-01T09:21:00Z,SED_003,84.7,28.3,36.64,17.9,95.1,5.0,54,awake,light
2026-08-01T09:22:00Z,SED_003,83.1,30.4,36.42,16.6,96.0,5.0,54,awake,light
2026-08-01T09:23:00Z,SED_003,78.7,34.9,36.54,16.8,95.4,5.0,54,awake,light
2026-08-01T09:24:00Z,SED_003,80.1,32.2,36.64,17.0,95.4,5.0,54,awake,light
2026-08-01T09:25:00Z,SED_003,84.4,30.9,36.72,17.6,95.6,5.0,54,awake,light
2026-08-01T09:26:00Z,SED_003,88.2,28.8,36.52,18.1,95.4,5.0,54,awake,light
2026-08-01T09:27:00Z,SED_003,84.5,28.5,36.75,17.4,95.9,5.0,54,awake,light
2026-08-01T09:28:00Z,SED_003,79.8,30.8,36.54,17.4,95.1,5.0,54,awake,light
2026-08-01T09:29:00Z,SED_003,82.8,30.1,36.66,17.4,95.7,5.0,54,awake,light
2026-08-01T09:30:00Z,SED_003,88.4,30.7,36.64,18.1,95.8,5.0,54,awake,light
2026-08-01T09:31:00Z,SED_003,80.3,31.1,36.63,17.6,95.6,5.0,54,awake,light
2026-08-01T09:32:00Z,SED_003,81.8,26.0,36.56,16.8,95.5,5.0,54,awake,light
2026-08-01T09:33:00Z,SED_003,78.4,32.2,36.66,16.8,96.0,5.0,54,awake,light
2026-08-01T09:34:00Z,SED_003,83.0,30.8,36.57,16.8,95.7,5.0,54,awake,light
2026-08-01T09:35:00Z,SED_003,82.8,34.2,36.69,18.5,95.1,5.0,54,awake,light
2026-08-01T09:36:00Z,SED_003,85.5,27.6,36.67,17.6,95.5,5.0,54,awake,light
2026-08-01T09:37:00Z,SED_003,85.4,28.2,36.54,17.8,95.7,5.0,54,awake,light
2026-08-01T09:38:00Z,SED_003,82.6,30.5,36.69,16.9,95.3,5.0,54,awake,light
2026-08-01T09:39:00Z,SED_003,83.8,33.3,36.56,18.2,95.3,5.0,54,awake,light
2026-08-01T09:40:00Z,SED_003,81.5,33.7,36.66,17.3,95.7,5.0,54,awake,light
2026-08-01T09:41:00Z,SED_003,81.5,29.6,36.62,16.3,95.8,5.0,54,awake,light
2026-08-01T09:42:00Z,SED_003,84.5,28.9,36.68,18.8,95.5,5.0,54,awake,light
2026-08-01T09:43:00Z,SED_003,79.2,32.9,36.49,17.2,95.4,5.0,54,awake,light
2026-08-01T09:44:00Z,SED_003,78.0,31.5,36.5,16.8,95.8,5.0,54,awake,light
2026-08-01T09:45:00Z,SED_003,85.1,26.4,36.67,17.0,95.7,5.0,54,awake,light
2026-08-01T09:46:00Z,SED_003,80.1,36.5,36.5,17.7,95.9,5.0,54,awake,light
2026-08-01T09:47:00Z,SED_003,87.2,32.1,36.57,17.8,95.7,5.0,54,awake,light
2026-08-01T09:48:00Z,SED_003,81.8,31.3,36.55,18.3,95.6,5.0,54,awake,light
2026-08-01T09:49:00Z,SED_003,88.6,28.5,36.64,18.9,95.8,5.0,54,awake,light
2026-08-01T09:50:00Z,SED_003,81.5,30.7,36.4,16.5,94.4,5.0,54,awake,light
2026-08-01T09:51:00Z,SED_003,84.2,31.2,36.57,17.6,95.8,5.0,54,awake,light
2026-08-01T09:52:00Z,SED_003,84.0,30.7,36.55,17.6,94.1,5.0,54,awake,light
2026-08-01T09:53:00Z,SED_003,81.3,33.9,36.58,17.0,95.9,5.0,54,awake,light
2026-08-01T09:54:00Z,SED_003,82.3,33.8,36.79,17.1,96.0,5.0,54,awake,light
2026-08-01T09:55:00Z,SED_003,82.4,31.3,36.79,18.0,95.8,5.0,54,awake,light
2026-08-01T09:56:00Z,SED_003,80.3,31.7,36.5,17.4,96.0,5.0,54,awake,light
2026-08-01T09:57:00Z,SED_003,80.7,34.4,36.48,16.6,95.4,5.0,54,awake,light
2026-08-01T09:58:00Z,SED_003,78.4,31.0,36.72,18.0,95.8,5.0,54,awake,light
2026-08-01T09:59:00Z,SED_003,85.2,31.6,36.57,18.2,95.9,5.0,54,awake,light
2026-08-01T10:00:00Z,SED_003,80.4,30.9,36.56,17.7,95.9,5.0,54,awake,light
2026-08-01T10:01:00Z,SED_003,85.8,28.8,36.57,17.1,95.7,5.0,54,awake,light
2026-08-01T10:02:00Z,SED_003,81.2,29.6,36.45,17.4,95.8,5.0,54,awake,light
2026-08-01T10:03:00Z,SED_003,83.2,28.1,36.42,17.4,95.9,5.0,54,awake,light
2026-08-01T10:04:00Z,SED_003,82.5,32.2,36.56,18.2,95.1,5.0,54,awake,light
2026-08-01T10:05:00Z,SED_003,84.4,29.9,36.36,17.3,95.5,5.0,54,awake,light
2026-08-01T10:06:00Z,SED_003,80.3,30.5,36.7,17.3,95.7,5.0,54,awake,light
2026-08-01T10:07:00Z,SED_003,78.9,34.4,36.62,17.1,95.6,5.0,54,awake,light
2026-08-01T10:08:00Z,SED_003,82.9,32.0,36.38,16.9,95.8,5.0,54,awake,light
2026-08-01T10:09:00Z,SED_003,83.0,31.1,36.56,17.3,95.9,5.0,54,awake,light
2026-08-01T10:10:00Z,SED_003,82.4,29.9,36.69,17.6,95.9,5.0,54,awake,light
2026-08-01T10:11:00Z,SED_003,82.3,28.0,36.62,17.9,94.7,5.0,54,awake,light
2026-08-01T10:12:00Z,SED_003,87.0,27.5,36.42,17.3,96.0,5.0,54,awake,light
2026-08-01T10:13:00Z,SED_003,80.9,25.0,36.46,17.7,95.7,5.0,54,awake,light
2026-08-01T10:14:00Z,SED_003,80.1,33.9,36.72,17.5,95.4,5.0,54,awake,light
2026-08-01T10:15:00Z,SED_003,81.0,31.1,36.65,16.4,95.9,5.0,54,awake,light
2026-08-01T10:16:00Z,SED_003,78.1,33.5,36.5,17.5,95.6,5.0,54,awake,light
2026-08-01T10:17:00Z,SED_003,86.7,26.9,36.78,17.9,96.0,5.0,54,awake,light
2026-08-01T10:18:00Z,SED_003,83.0,31.0,36.67,18.2,95.5,5.0,54,awake,light
2026-08-01T10:19:00Z,SED_003,78.6,31.2,36.64,17.2,95.4,5.0,54,awake,light
2026-08-01T10:20:00Z,SED_003,86.2,29.4,36.43,17.6,95.9,5.0,54,awake,light
2026-08-01T10:21:00Z,SED_003,82.4,30.6,36.66,17.9,95.2,5.0,54,awake,light
2026-08-01T10:22:00Z,SED_003,77.6,32.1,36.56,17.9,95.6,5.0,54,awake,light
2026-08-01T10:23:00Z,SED_003,74.9,30.2,36.51,16.2,95.9,5.0,54,awake,light
2026-08-01T10:24:00Z,SED_003,80.4,31.7,36.47,16.9,95.6,5.0,54,awake,light
2026-08-01T10:25:00Z,SED_003,82.3,32.2,36.48,16.8,95.6,5.0,54,awake,light
2026-08-01T10:26:00Z,SED_003,84.4,30.6,36.52,17.2,94.7,5.0,54,awake,light
2026-08-01T10:27:00Z,SED_003,84.2,31.4,36.51,17.7,95.5,5.0,54,awake,light
2026-08-01T10:28:00Z,SED_003,80.3,31.3,36.59,16.8,95.4,5.0,54,awake,light
2026-08-01T10:29:00Z,SED_003,80.8,29.6,36.71,17.5,95.6,5.0,54,awake,light
2026-08-01T10:30:00Z,SED_003,79.9,31.2,36.54,17.6,95.3,5.0,54,awake,light
2026-08-01T10:31:00Z,SED_003,83.3,32.2,36.49,18.0,95.4,5.0,54,awake,light
2026-08-01T10:32:00Z,SED_003,78.1,32.5,36.52,16.2,95.9,5.0,54,awake,light
2026-08-01T10:33:00Z,SED_003,81.0,27.9,36.55,18.2,95.9,5.0,54,awake,light
2026-08-01T10:34:00Z,SED_003,85.4,29.9,36.76,18.0,95.4,5.0,54,awake,light
2026-08-01T10:35:00Z,SED_003,79.5,34.2,36.54,16.9,95.5,5.0,54,awake,light
2026-08-01T10:36:00Z,SED_003,80.1,29.0,36.58,17.3,95.4,5.0,54,awake,light
2026-08-01T10:37:00Z,SED_003,78.1,29.6,36.65,16.9,95.1,5.0,54,awake,light
2026-08-01T10:38:00Z,SED_003,78.9,32.6,36.51,17.2,95.6,5.0,54,awake,light
2026-08-01T10:39:00Z,SED_003,79.8,31.2,36.7,17.4,95.8,5.0,54,awake,light
2026-08-01T10:40:00Z,SED_003,77.4,32.8,36.48,16.2,95.3,5.0,54,awake,light
2026-08-01T10:41:00Z,SED_003,81.0,30.3,36.61,16.7,95.7,5.0,54,awake,light
2026-08-01T10:42:00Z,SED_003,84.7,31.9,36.64,17.3,95.8,5.0,54,awake,light
2026-08-01T10:43:00Z,SED_003,80.1,35.5,36.73,17.0,95.9,5.0,54,awake,light
2026-08-01T10:44:00Z,SED_003,82.2,28.6,36.48,18.5,95.7,5.0,54,awake,light
2026-08-01T10:45:00Z,SED_003,80.0,32.5,36.63,16.3,95.4,5.0,54,awake,light
2026-08-01T10:46:00Z,SED_003,82.7,31.7,36.72,16.5,95.7,5.0,54,awake,light
2026-08-01T10:47:00Z,SED_003,85.1,27.4,36.66,17.6,95.9,5.0,54,awake,light
2026-08-01T10:48:00Z,SED_003,76.7,31.9,36.48,16.4,95.9,5.0,54,awake,light
2026-08-01T10:49:00Z,SED_003,75.7,34.5,36.48,16.7,95.7,5.0,54,awake,light
2026-08-01T10:50:00Z,SED_003,79.4,31.5,36.54,17.6,96.0,5.0,54,awake,light
2026-08-01T10:51:00Z,SED_003,75.6,34.7,36.55,18.0,96.0,5.0,54,awake,light
2026-08-01T10:52:00Z,SED_003,79.5,31.5,36.64,16.8,95.6,5.0,54,awake,light
2026-08-01T10:53:00Z,SED_003,74.9,31.5,36.83,15.8,95.5,5.0,54,awake,light
2026-08-01T10:54:00Z,SED_003,78.6,31.8,36.64,16.1,95.9,5.0,54,awake,light
2026-08-01T10:55:00Z,SED_003,79.1,26.3,36.58,17.3,95.7,5.0,54,awake,light
2026-08-01T10:56:00Z,SED_003,85.5,27.4,36.65,18.7,95.3,5.0,54,awake,light
2026-08-01T10:57:00Z,SED_003,88.1,29.8,36.56,17.8,95.6,5.0,54,awake,light
2026-08-01T10:58:00Z,SED_003,88.0,30.6,36.65,17.9,95.9,5.0,54,awake,light
2026-08-01T10:59:00Z,SED_003,79.5,32.3,36.59,16.5,95.8,5.0,54,awake,light
2026-08-01T11:00:00Z,SED_003,82.4,29.2,36.62,17.7,95.6,5.0,54,awake,light
2026-08-01T11:01:00Z,SED_003,80.2,34.3,36.56,17.3,95.5,5.0,54,awake,light
2026-08-01T11:02:00Z,SED_003,82.9,31.6,36.6,17.8,95.8,5.0,54,awake,light
2026-08-01T11:03:00Z,SED_003,78.9,30.6,36.59,16.5,96.0,5.0,54,awake,light
2026-08-01T11:04:00Z,SED_003,80.1,28.2,36.57,16.8,95.9,5.0,54,awake,light
2026-08-01T11:05:00Z,SED_003,75.0,30.7,36.64,17.4,95.5,5.0,54,awake,light
2026-08-01T11:06:00Z,SED_003,74.7,33.7,36.47,16.3,95.5,5.0,54,awake,light
2026-08-01T11:07:00Z,SED_003,80.0,32.0,36.65,17.2,95.6,5.0,54,awake,light
2026-08-01T11:08:00Z,SED_003,84.6,30.7,36.62,17.6,95.6,5.0,54,awake,light
2026-08-01T11:09:00Z,SED_003,80.9,30.2,36.6,17.5,95.4,5.0,54,awake,light
2026-08-01T11:10:00Z,SED_003,78.1,32.2,36.55,17.4,95.3,5.0,54,awake,light
2026-08-01T11:11:00Z,SED_003,81.4,29.4,36.61,17.9,95.9,5.0,54,awake,light
2026-08-01T11:12:00Z,SED_003,74.4,33.6,36.38,17.0,95.4,5.0,54,awake,light
2026-08-01T11:13:00Z,SED_003,80.9,29.4,36.65,17.4,95.5,5.0,54,awake,light
2026-08-01T11:14:00Z,SED_003,78.8,32.0,36.67,16.8,95.1,5.0,54,awake,light
2026-08-01T11:15:00Z,SED_003,75.9,29.6,36.8,16.8,95.5,5.0,54,awake,light
2026-08-01T11:16:00Z,SED_003,73.5,35.0,36.6,16.3,95.6,5.0,54,awake,light
2026-08-01T11:17:00Z,SED_003,85.0,31.7,36.37,18.6,95.8,5.0,54,awake,light
2026-08-01T11:18:00Z,SED_003,75.8,32.3,36.66,16.1,95.6,5.0,54,awake,light
2026-08-01T11:19:00Z,SED_003,80.6,28.7,36.74,18.0,96.0,5.0,54,awake,light
2026-08-01T11:20:00Z,SED_003,85.8,31.0,36.54,17.8,95.7,5.0,54,awake,light
2026-08-01T11:21:00Z,SED_003,78.3,30.2,36.59,16.6,96.0,5.0,54,awake,light
2026-08-01T11:22:00Z,SED_003,79.6,32.3,36.7,17.2,96.0,5.0,54,awake,light
2026-08-01T11:23:00Z,SED_003,82.9,29.1,36.76,18.5,94.8,5.0,54,awake,light
2026-08-01T11:24:00Z,SED_003,81.4,30.7,36.67,17.9,95.9,5.0,54,awake,light
2026-08-01T11:25:00Z,SED_003,78.3,32.7,36.64,17.0,95.9,5.0,54,awake,light
2026-08-01T11:26:00Z,SED_003,76.8,35.8,36.66,16.7,95.8,5.0,54,awake,light
2026-08-01T11:27:00Z,SED_003,80.3,36.4,36.63,17.7,95.1,5.0,54,awake,light
2026-08-01T11:28:00Z,SED_003,82.7,29.4,36.73,18.0,95.8,5.0,54,awake,light
2026-08-01T11:29:00Z,SED_003,83.6,28.3,36.74,16.7,95.8,5.0,54,awake,light
2026-08-01T11:30:00Z,SED_003,79.6,31.3,36.72,16.0,95.8,5.0,54,awake,light
2026-08-01T11:31:00Z,SED_003,82.8,30.1,36.78,17.5,95.4,5.0,54,awake,light
2026-08-01T11:32:00Z,SED_003,81.5,28.9,36.68,16.8,95.6,5.0,54,awake,light
2026-08-01T11:33:00Z,SED_003,81.3,29.0,36.57,17.6,95.9,5.0,54,awake,light
2026-08-01T11:34:00Z,SED_003,83.9,30.6,36.59,17.7,95.7,5.0,54,awake,light
2026-08-01T11:35:00Z,SED_003,75.8,29.5,36.79,16.2,95.8,5.0,54,awake,light
2026-08-01T11:36:00Z,SED_003,76.5,31.8,36.71,16.6,95.3,5.0,54,awake,light
2026-08-01T11:37:00Z,SED_003,85.3,31.5,36.69,17.5,95.7,5.0,54,awake,light
2026-08-01T11:38:00Z,SED_003,82.2,31.3,36.52,17.1,96.0,5.0,54,awake,light
2026-08-01T11:39:00Z,SED_003,76.4,28.7,36.52,17.1,95.1,5.0,54,awake,light
2026-08-01T11:40:00Z,SED_003,76.1,32.0,36.41,16.8,95.8,5.0,54,awake,light
2026-08-01T11:41:00Z,SED_003,78.9,31.9,36.59,18.1,96.0,5.0,54,awake,light
2026-08-01T11:42:00Z,SED_003,82.0,30.7,36.45,18.2,95.3,5.0,54,awake,light
2026-08-01T11:43:00Z,SED_003,77.3,32.1,36.39,16.6,95.2,5.0,54,awake,light
2026-08-01T11:44:00Z,SED_003,80.3,31.1,36.55,17.5,95.8,5.0,54,awake,light
2026-08-01T11:45:00Z,SED_003,76.1,31.1,36.57,17.0,95.5,5.0,54,awake,light
2026-08-01T11:46:00Z,SED_003,78.7,32.2,36.49,17.4,95.8,5.0,54,awake,light
2026-08-01T11:47:00Z,SED_003,80.6,31.8,36.66,16.9,95.5,5.0,54,awake,light
2026-08-01T11:48:00Z,SED_003,76.6,32.4,36.59,17.1,95.9,5.0,54,awake,light
2026-08-01T11:49:00Z,SED_003,81.5,31.3,36.5,17.7,95.9,5.0,54,awake,light
2026-08-01T11:50:00Z,SED_003,73.4,34.7,36.85,17.0,95.4,5.0,54,awake,light
2026-08-01T11:51:00Z,SED_003,86.5,29.9,36.53,18.1,95.7,5.0,54,awake,light
2026-08-01T11:52:00Z,SED_003,80.9,33.5,36.6,17.2,95.4,5.0,54,awake,light
2026-08-01T11:53:00Z,SED_003,77.0,31.2,36.53,16.0,95.5,5.0,54,awake,light
2026-08-01T11:54:00Z,SED_003,75.3,34.2,36.55,16.9,95.6,5.0,54,awake,light
2026-08-01T11:55:00Z,SED_003,75.7,32.1,36.49,17.2,94.8,5.0,54,awake,light
2026-08-01T11:56:00Z,SED_003,77.1,32.0,36.49,17.0,95.9,5.0,54,awake,light
2026-08-01T11:57:00Z,SED_003,72.2,30.4,36.72,16.4,95.8,5.0,54,awake,light
2026-08-01T11:58:00Z,SED_003,79.7,32.1,36.73,17.5,95.9,5.0,54,awake,light
2026-08-01T11:59:00Z,SED_003,82.2,32.8,36.46,17.5,95.6,5.0,54,awake,light
2026-08-01T12:00:00Z,SED_003,78.9,31.4,36.58,16.3,95.6,5.0,54,awake,light
2026-08-01T12:01:00Z,SED_003,75.9,33.2,36.59,16.7,96.0,5.0,54,awake,light
2026-08-01T12:02:00Z,SED_003,75.5,30.7,36.55,17.1,95.8,5.0,54,awake,light
2026-08-01T12:03:00Z,SED_003,76.5,34.0,36.62,17.0,95.8,5.0,54,awake,light
2026-08-01T12:04:00Z,SED_003,77.9,31.4,36.63,16.8,95.9,5.0,54,awake,light
2026-08-01T12:05:00Z,SED_003,76.8,29.7,36.63,17.0,95.7,5.0,54,awake,light
2026-08-01T12:06:00Z,SED_003,82.1,28.4,36.57,17.0,95.7,5.0,54,awake,light
2026-08-01T12:07:00Z,SED_003,78.1,30.2,36.46,16.9,95.6,5.0,54,awake,light
2026-08-01T12:08:00Z,SED_003,81.4,28.9,36.57,17.2,96.0,5.0,54,awake,light
2026-08-01T12:09:00Z,SED_003,81.1,30.5,36.77,16.7,96.0,5.0,54,awake,light
2026-08-01T12:10:00Z,SED_003,78.2,31.2,36.64,17.2,95.6,5.0,54,awake,light
2026-08-01T12:11:00Z,SED_003,77.6,32.3,36.69,17.1,95.3,5.0,54,awake,light
2026-08-01T12:12:00Z,SED_003,80.2,31.7,36.5,17.4,95.4,5.0,54,awake,light
2026-08-01T12:13:00Z,SED_003,79.8,27.2,36.66,17.4,95.2,5.0,54,awake,light
2026-08-01T12:14:00Z,SED_003,77.6,35.2,36.65,17.0,95.9,5.0,54,awake,light
2026-08-01T12:15:00Z,SED_003,76.4,29.9,36.71,17.0,95.7,5.0,54,awake,light
2026-08-01T12:16:00Z,SED_003,80.5,31.1,36.56,17.9,95.6,5.0,54,awake,light
2026-08-01T12:17:00Z,SED_003,78.8,32.0,36.59,15.8,95.7,5.0,54,awake,light
2026-08-01T12:18:00Z,SED_003,74.5,34.6,36.71,16.4,95.4,5.0,54,awake,light
2026-08-01T12:19:00Z,SED_003,84.0,32.7,36.76,17.2,95.5,5.0,54,awake,light
2026-08-01T12:20:00Z,SED_003,80.4,30.6,36.54,17.0,95.7,5.0,54,awake,light
2026-08-01T12:21:00Z,SED_003,75.5,33.5,36.66,18.0,95.3,5.0,54,awake,light
2026-08-01T12:22:00Z,SED_003,77.1,34.0,36.66,17.3,95.7,5.0,54,awake,light
2026-08-01T12:23:00Z,SED_003,78.4,30.8,36.69,17.4,94.3,5.0,54,awake,light
2026-08-01T12:24:00Z,SED_003,81.1,33.5,36.52,17.5,95.5,5.0,54,awake,light
2026-08-01T12:25:00Z,SED_003,79.4,35.5,36.68,16.9,95.9,5.0,54,awake,light
2026-08-01T12:26:00Z,SED_003,77.7,30.2,36.49,16.6,95.8,5.0,54,awake,light
2026-08-01T12:27:00Z,SED_003,77.4,30.8,36.54,16.6,95.9,5.0,54,awake,light
2026-08-01T12:28:00Z,SED_003,77.7,32.0,36.33,18.0,95.7,5.0,54,awake,light
2026-08-01T12:29:00Z,SED_003,77.9,31.0,36.65,18.0,95.8,5.0,54,awake,light
2026-08-01T12:30:00Z,SED_003,78.5,35.1,36.54,17.5,95.9,5.0,54,awake,light
2026-08-01T12:31:00Z,SED_003,77.2,29.2,36.64,16.5,95.7,5.0,54,awake,light
2026-08-01T12:32:00Z,SED_003,80.7,32.0,36.8,17.8,95.7,5.0,54,awake,light
2026-08-01T12:33:00Z,SED_003,78.5,31.1,36.56,16.5,95.5,5.0,54,awake,light
2026-08-01T12:34:00Z,SED_003,67.8,33.2,36.66,15.7,95.3,5.0,54,awake,light
2026-08-01T12:35:00Z,SED_003,73.4,32.4,36.41,16.4,95.1,5.0,54,awake,light
2026-08-01T12:36:00Z,SED_003,72.2,37.7,36.64,16.7,96.0,5.0,54,awake,light
2026-08-01T12:37:00Z,SED_003,73.7,33.6,36.84,17.1,95.9,5.0,54,awake,light
2026-08-01T12:38:00Z,SED_003,80.6,31.3,36.67,17.7,95.9,5.0,54,awake,light
2026-08-01T12:39:00Z,SED_003,80.2,27.1,36.54,17.4,95.8,5.0,54,awake,light
2026-08-01T12:40:00Z,SED_003,74.5,29.6,36.76,16.3,95.9,5.0,54,awake,light
2026-08-01T12:41:00Z,SED_003,76.2,33.8,36.65,17.2,95.9,5.0,54,awake,light
2026-08-01T12:42:00Z,SED_003,79.6,31.2,36.66,17.6,96.0,5.0,54,awake,light
2026-08-01T12:43:00Z,SED_003,79.3,30.8,36.71,16.8,95.5,5.0,54,awake,light
2026-08-01T12:44:00Z,SED_003,77.8,28.2,36.73,16.9,95.2,5.0,54,awake,light
2026-08-01T12:45:00Z,SED_003,67.2,36.3,36.81,16.1,95.6,5.0,54,awake,light
2026-08-01T12:46:00Z,SED_003,74.4,27.7,36.73,15.9,95.3,5.0,54,awake,light
2026-08-01T12:47:00Z,SED_003,80.1,34.3,36.66,17.8,95.6,5.0,54,awake,light
2026-08-01T12:48:00Z,SED_003,75.2,33.1,36.53,16.0,95.1,5.0,54,awake,light
2026-08-01T12:49:00Z,SED_003,76.2,34.5,36.51,17.0,96.0,5.0,54,awake,light
2026-08-01T12:50:00Z,SED_003,73.9,33.9,36.8,16.0,95.7,5.0,54,awake,light
2026-08-01T12:51:00Z,SED_003,75.8,31.5,36.5,16.5,95.5,5.0,54,awake,light
2026-08-01T12:52:00Z,SED_003,70.7,34.2,36.76,15.8,95.9,5.0,54,awake,light
2026-08-01T12:53:00Z,SED_003,72.0,36.1,36.53,16.7,95.7,5.0,54,awake,light
2026-08-01T12:54:00Z,SED_003,71.5,34.5,36.69,16.3,95.6,5.0,54,awake,light
2026-08-01T12:55:00Z,SED_003,73.1,32.7,36.62,16.2,95.6,5.0,54,awake,light
2026-08-01T12:56:00Z,SED_003,75.5,33.4,36.5,17.4,95.6,5.0,54,awake,light
2026-08-01T12:57:00Z,SED_003,73.5,27.4,36.56,16.3,95.7,5.0,54,awake,light
2026-08-01T12:58:00Z,SED_003,76.6,34.0,36.65,17.8,95.3,5.0,54,awake,light
2026-08-01T12:59:00Z,SED_003,76.1,32.1,36.6,17.1,95.3,5.0,54,awake,light
2026-08-01T13:00:00Z,SED_003,75.7,31.3,36.66,16.2,96.0,5.0,54,awake,light
2026-08-01T13:01:00Z,SED_003,76.2,33.6,36.63,16.6,95.2,5.0,54,awake,light
2026-08-01T13:02:00Z,SED_003,73.7,32.0,36.74,16.3,94.9,5.0,54,awake,light
2026-08-01T13:03:00Z,SED_003,75.3,33.9,36.55,16.6,95.7,5.0,54,awake,light
2026-08-01T13:04:00Z,SED_003,78.6,32.8,36.67,17.4,95.2,5.0,54,awake,light
2026-08-01T13:05:00Z,SED_003,77.1,31.7,36.59,17.2,95.6,5.0,54,awake,light
2026-08-01T13:06:00Z,SED_003,81.5,28.4,36.5,18.0,95.5,5.0,54,awake,light
2026-08-01T13:07:00Z,SED_003,74.6,31.9,36.58,16.0,95.9,5.0,54,awake,light
2026-08-01T13:08:00Z,SED_003,69.7,33.4,36.68,16.8,95.9,5.0,54,awake,light
2026-08-01T13:09:00Z,SED_003,71.5,37.6,36.64,17.0,95.6,5.0,54,awake,light
2026-08-01T13:10:00Z,SED_003,72.7,32.2,36.55,16.3,95.7,5.0,54,awake,light
2026-08-01T13:11:00Z,SED_003,74.1,33.3,36.6,16.4,96.0,5.0,54,awake,light
2026-08-01T13:12:00Z,SED_003,72.6,31.4,36.56,15.6,95.1,5.0,54,awake,light
2026-08-01T13:13:00Z,SED_003,75.4,29.1,36.66,17.0,95.7,5.0,54,awake,light
2026-08-01T13:14:00Z,SED_003,74.8,33.3,36.54,16.2,95.7,5.0,54,awake,light
2026-08-01T13:15:00Z,SED_003,73.0,34.0,36.32,16.4,95.7,5.0,54,awake,light
2026-08-01T13:16:00Z,SED_003,71.1,33.7,36.67,16.3,95.1,5.0,54,awake,light
2026-08-01T13:17:00Z,SED_003,79.7,33.0,36.55,16.9,95.8,5.0,54,awake,light
2026-08-01T13:18:00Z,SED_003,74.9,31.0,36.7,17.4,95.6,5.0,54,awake,light
2026-08-01T13:19:00Z,SED_003,77.7,29.1,36.43,16.6,95.9,5.0,54,awake,light
2026-08-01T13:20:00Z,SED_003,75.2,29.8,36.6,15.6,95.8,5.0,54,awake,light
2026-08-01T13:21:00Z,SED_003,78.2,34.0,36.77,15.7,95.6,5.0,54,awake,light
2026-08-01T13:22:00Z,SED_003,79.0,26.7,36.55,18.0,95.6,5.0,54,awake,light
2026-08-01T13:23:00Z,SED_003,66.9,35.3,36.56,14.3,95.4,5.0,54,awake,light
2026-08-01T13:24:00Z,SED_003,76.3,30.8,36.49,16.2,95.9,5.0,54,awake,light
2026-08-01T13:25:00Z,SED_003,75.2,28.5,36.7,17.4,95.7,5.0,54,awake,light
2026-08-01T13:26:00Z,SED_003,78.7,29.2,36.47,16.7,95.8,5.0,54,awake,light
2026-08-01T13:27:00Z,SED_003,76.6,32.1,36.58,16.2,95.7,5.0,54,awake,light
2026-08-01T13:28:00Z,SED_003,71.1,29.6,36.49,16.7,95.9,5.0,54,awake,light
2026-08-01T13:29:00Z,SED_003,80.7,33.3,36.63,17.4,95.7,5.0,54,awake,light
2026-08-01T13:30:00Z,SED_003,77.8,31.2,36.43,17.2,95.0,5.0,54,awake,light
2026-08-01T13:31:00Z,SED_003,77.2,34.1,36.45,16.0,96.0,5.0,54,awake,light
2026-08-01T13:32:00Z,SED_003,71.6,34.6,36.65,16.1,95.8,5.0,54,awake,light
2026-08-01T13:33:00Z,SED_003,78.6,30.0,36.68,17.0,94.7,5.0,54,awake,light
2026-08-01T13:34:00Z,SED_003,73.5,32.0,36.66,17.1,95.9,5.0,54,awake,light
2026-08-01T13:35:00Z,SED_003,71.6,36.0,36.57,16.8,95.4,5.0,54,awake,light
2026-08-01T13:36:00Z,SED_003,75.1,33.5,36.64,17.0,95.7,5.0,54,awake,light
2026-08-01T13:37:00Z,SED_003,66.8,34.2,36.56,15.4,95.5,5.0,54,awake,light
2026-08-01T13:38:00Z,SED_003,78.5,29.9,36.61,17.0,95.2,5.0,54,awake,light
2026-08-01T13:39:00Z,SED_003,72.6,33.0,36.77,16.7,95.6,5.0,54,awake,light
2026-08-01T13:40:00Z,SED_003,69.7,29.9,36.67,14.7,95.4,5.0,54,awake,light
2026-08-01T13:41:00Z,SED_003,72.7,33.8,36.58,16.4,95.6,5.0,54,awake,light
2026-08-01T13:42:00Z,SED_003,71.1,33.5,36.45,16.6,95.7,5.0,54,awake,light
2026-08-01T13:43:00Z,SED_003,78.3,29.5,36.71,16.7,95.9,5.0,54,awake,light
2026-08-01T13:44:00Z,SED_003,75.0,34.3,36.64,16.3,95.7,5.0,54,awake,light
2026-08-01T13:45:00Z,SED_003,65.3,39.2,36.64,16.5,95.3,5.0,54,awake,light
2026-08-01T13:46:00Z,SED_003,70.1,37.4,36.59,16.3,95.9,5.0,54,awake,light
2026-08-01T13:47:00Z,SED_003,72.9,30.4,36.66,15.9,95.9,5.0,54,awake,light
2026-08-01T13:48:00Z,SED_003,74.6,33.5,36.53,17.8,96.0,5.0,54,awake,light
2026-08-01T13:49:00Z,SED_003,77.4,31.9,36.69,16.7,95.2,5.0,54,awake,light
2026-08-01T13:50:00Z,SED_003,76.4,27.5,36.54,16.5,95.4,5.0,54,awake,light
2026-08-01T13:51:00Z,SED_003,71.8,33.2,36.5,17.0,95.8,5.0,54,awake,light
2026-08-01T13:52:00Z,SED_003,75.9,30.4,36.59,16.5,95.0,5.0,54,awake,light
2026-08-01T13:53:00Z,SED_003,74.5,34.3,36.59,16.5,96.0,5.0,54,awake,light
2026-08-01T13:54:00Z,SED_003,70.6,34.1,36.51,16.1,95.3,5.0,54,awake,light
2026-08-01T13:55:00Z,SED_003,74.4,33.6,36.57,17.1,95.9,5.0,54,awake,light
2026-08-01T13:56:00Z,SED_003,73.5,35.3,36.6,16.8,95.5,5.0,54,awake,light
2026-08-01T13:57:00Z,SED_003,73.3,32.7,36.44,16.2,95.7,5.0,54,awake,light
2026-08-01T13:58:00Z,SED_003,75.6,29.6,36.52,17.7,95.6,5.0,54,awake,light
2026-08-01T13:59:00Z,SED_003,76.3,29.1,36.58,15.8,95.8,5.0,54,awake,light
2026-08-01T14:00:00Z,SED_003,73.4,31.8,36.73,17.5,96.0,5.0,54,awake,light
2026-08-01T14:01:00Z,SED_003,76.6,30.6,36.73,16.7,95.3,5.0,54,awake,light
2026-08-01T14:02:00Z,SED_003,70.0,33.6,36.63,15.6,95.0,5.0,54,awake,light
2026-08-01T14:03:00Z,SED_003,76.7,31.7,36.51,16.9,95.7,5.0,54,awake,light
2026-08-01T14:04:00Z,SED_003,73.4,35.7,36.59,16.1,95.4,5.0,54,awake,light
2026-08-01T14:05:00Z,SED_003,71.7,35.0,36.58,16.6,95.3,5.0,54,awake,light
2026-08-01T14:06:00Z,SED_003,79.5,32.4,36.58,16.4,95.5,5.0,54,awake,light
2026-08-01T14:07:00Z,SED_003,74.7,33.1,36.54,17.0,95.5,5.0,54,awake,light
2026-08-01T14:08:00Z,SED_003,72.4,33.0,36.69,16.1,95.6,5.0,54,awake,light
2026-08-01T14:09:00Z,SED_003,75.9,32.0,36.7,16.7,95.6,5.0,54,awake,light
2026-08-01T14:10:00Z,SED_003,74.0,34.1,36.54,16.3,95.3,5.0,54,awake,light
2026-08-01T14:11:00Z,SED_003,75.8,35.6,36.59,17.0,95.5,5.0,54,awake,light
2026-08-01T14:12:00Z,SED_003,75.5,31.1,36.52,16.3,95.8,5.0,54,awake,light
2026-08-01T14:13:00Z,SED_003,77.5,32.2,36.78,16.9,96.0,5.0,54,awake,light
2026-08-01T14:14:00Z,SED_003,71.4,31.2,36.42,16.4,95.9,5.0,54,awake,light
2026-08-01T14:15:00Z,SED_003,71.4,31.6,36.71,16.9,95.5,5.0,54,awake,light
2026-08-01T14:16:00Z,SED_003,73.4,34.3,36.44,16.5,95.1,5.0,54,awake,light
2026-08-01T14:17:00Z,SED_003,71.8,38.6,36.61,16.2,95.8,5.0,54,awake,light
2026-08-01T14:18:00Z,SED_003,75.0,32.8,36.71,17.0,95.7,5.0,54,awake,light
2026-08-01T14:19:00Z,SED_003,72.2,32.3,36.54,17.2,95.6,5.0,54,awake,light
2026-08-01T14:20:00Z,SED_003,73.2,33.6,36.61,18.1,95.7,5.0,54,awake,light
2026-08-01T14:21:00Z,SED_003,73.3,36.3,36.3,16.9,95.6,5.0,54,awake,light
2026-08-01T14:22:00Z,SED_003,72.4,34.3,36.74,16.2,95.8,5.0,54,awake,light
2026-08-01T14:23:00Z,SED_003,72.0,31.2,36.58,17.4,95.7,5.0,54,awake,light
2026-08-01T14:24:00Z,SED_003,77.5,30.9,36.49,17.5,95.0,5.0,54,awake,light
2026-08-01T14:25:00Z,SED_003,72.5,34.1,36.38,16.2,95.9,5.0,54,awake,light
2026-08-01T14:26:00Z,SED_003,73.5,33.6,36.65,16.9,95.9,5.0,54,awake,light
2026-08-01T14:27:00Z,SED_003,76.1,31.0,36.51,16.6,95.7,5.0,54,awake,light
2026-08-01T14:28:00Z,SED_003,70.7,34.5,36.39,15.9,95.7,5.0,54,awake,light
2026-08-01T14:29:00Z,SED_003,75.2,28.6,36.6,17.2,95.9,5.0,54,awake,light
2026-08-01T14:30:00Z,SED_003,77.8,31.1,36.57,16.8,95.8,5.0,54,awake,light
2026-08-01T14:31:00Z,SED_003,70.9,34.6,36.65,16.4,95.7,5.0,54,awake,light
2026-08-01T14:32:00Z,SED_003,73.5,33.5,36.55,16.7,95.2,5.0,54,awake,light
2026-08-01T14:33:00Z,SED_003,69.3,34.5,36.62,17.0,95.5,5.0,54,awake,light
2026-08-01T14:34:00Z,SED_003,72.1,34.2,36.53,16.8,95.9,5.0,54,awake,light
2026-08-01T14:35:00Z,SED_003,76.3,33.5,36.55,16.6,95.3,5.0,54,awake,light
2026-08-01T14:36:00Z,SED_003,78.3,32.2,36.67,18.0,95.2,5.0,54,awake,light
2026-08-01T14:37:00Z,SED_003,73.8,32.7,36.65,16.2,95.5,5.0,54,awake,light
2026-08-01T14:38:00Z,SED_003,72.4,34.3,36.48,16.6,95.5,5.0,54,awake,light
2026-08-01T14:39:00Z,SED_003,73.3,30.0,36.26,16.6,95.3,5.0,54,awake,light
2026-08-01T14:40:00Z,SED_003,71.6,33.9,36.63,17.2,95.9,5.0,54,awake,light
2026-08-01T14:41:00Z,SED_003,68.1,33.6,36.64,15.4,95.2,5.0,54,awake,light
2026-08-01T14:42:00Z,SED_003,65.4,35.1,36.6,17.1,95.5,5.0,54,awake,light
2026-08-01T14:43:00Z,SED_003,74.0,33.9,36.56,16.3,95.3,5.0,54,awake,light
2026-08-01T14:44:00Z,SED_003,77.2,31.6,36.7,16.7,95.8,5.0,54,awake,light
2026-08-01T14:45:00Z,SED_003,75.5,33.9,36.72,17.5,95.8,5.0,54,awake,light
2026-08-01T14:46:00Z,SED_003,73.0,34.7,36.63,15.8,95.4,5.0,54,awake,light
2026-08-01T14:47:00Z,SED_003,72.1,34.2,36.55,15.5,95.6,5.0,54,awake,light
2026-08-01T14:48:00Z,SED_003,75.1,34.3,36.64,16.9,95.3,5.0,54,awake,light
2026-08-01T14:49:00Z,SED_003,65.9,41.5,36.62,16.4,95.2,5.0,54,awake,light
2026-08-01T14:50:00Z,SED_003,71.7,29.0,36.68,16.1,96.0,5.0,54,awake,light
2026-08-01T14:51:00Z,SED_003,79.5,34.9,36.51,17.5,96.0,5.0,54,awake,light
2026-08-01T14:52:00Z,SED_003,70.1,31.5,36.68,16.0,95.7,5.0,54,awake,light
2026-08-01T14:53:00Z,SED_003,78.7,28.3,36.59,16.6,95.6,5.0,54,awake,light
2026-08-01T14:54:00Z,SED_003,69.9,34.3,36.55,15.7,95.8,5.0,54,awake,light
2026-08-01T14:55:00Z,SED_003,70.9,34.3,36.63,16.6,95.7,5.0,54,awake,light
2026-08-01T14:56:00Z,SED_003,72.7,31.3,36.62,17.2,95.7,5.0,54,awake,light
2026-08-01T14:57:00Z,SED_003,74.7,32.9,36.67,16.9,95.0,5.0,54,awake,light
2026-08-01T14:58:00Z,SED_003,74.6,33.0,36.7,17.2,95.0,5.0,54,awake,light
2026-08-01T14:59:00Z,SED_003,74.8,33.1,36.61,16.6,95.0,5.0,54,awake,light
2026-08-01T15:00:00Z,SED_003,76.5,33.4,36.56,17.6,94.9,5.0,54,awake,light
2026-08-01T15:01:00Z,SED_003,76.7,27.6,36.49,17.6,95.6,5.0,54,awake,light
2026-08-01T15:02:00Z,SED_003,73.3,32.5,36.72,16.9,95.9,5.0,54,awake,light
2026-08-01T15:03:00Z,SED_003,71.8,33.8,36.62,16.4,96.0,5.0,54,awake,light
2026-08-01T15:04:00Z,SED_003,72.2,36.3,36.52,17.0,95.9,5.0,54,awake,light
2026-08-01T15:05:00Z,SED_003,74.9,36.4,36.63,16.2,95.4,5.0,54,awake,light
2026-08-01T15:06:00Z,SED_003,70.6,35.9,36.55,16.5,95.3,5.0,54,awake,light
2026-08-01T15:07:00Z,SED_003,66.5,34.8,36.75,16.6,95.8,5.0,54,awake,light
2026-08-01T15:08:00Z,SED_003,77.6,31.8,36.96,16.5,95.4,5.0,54,awake,light
2026-08-01T15:09:00Z,SED_003,73.6,33.0,36.56,17.3,95.5,5.0,54,awake,light
2026-08-01T15:10:00Z,SED_003,65.6,32.4,36.52,15.9,95.5,5.0,54,awake,light
2026-08-01T15:11:00Z,SED_003,71.1,33.7,36.54,15.9,95.7,5.0,54,awake,light
2026-08-01T15:12:00Z,SED_003,70.8,31.8,36.68,16.6,95.8,5.0,54,awake,light
2026-08-01T15:13:00Z,SED_003,72.6,36.0,36.68,16.3,95.6,5.0,54,awake,light
2026-08-01T15:14:00Z,SED_003,70.8,35.3,36.45,16.4,95.6,5.0,54,awake,light
2026-08-01T15:15:00Z,SED_003,70.6,34.8,36.44,16.5,96.0,5.0,54,awake,light
2026-08-01T15:16:00Z,SED_003,71.0,32.0,36.62,16.0,95.3,5.0,54,awake,light
2026-08-01T15:17:00Z,SED_003,73.4,32.0,36.64,16.3,95.9,5.0,54,awake,light
2026-08-01T15:18:00Z,SED_003,69.7,33.1,36.56,17.4,94.8,5.0,54,awake,light
2026-08-01T15:19:00Z,SED_003,71.4,28.7,36.79,16.6,95.3,5.0,54,awake,light
2026-08-01T15:20:00Z,SED_003,74.3,34.0,36.81,17.1,95.8,5.0,54,awake,light
2026-08-01T15:21:00Z,SED_003,75.1,31.8,36.66,16.6,95.9,5.0,54,awake,light
2026-08-01T15:22:00Z,SED_003,73.3,37.6,36.38,16.8,95.6,5.0,54,awake,light
2026-08-01T15:23:00Z,SED_003,69.7,35.4,36.5,16.6,95.8,5.0,54,awake,light
2026-08-01T15:24:00Z,SED_003,73.9,31.3,36.78,16.5,95.8,5.0,54,awake,light
2026-08-01T15:25:00Z,SED_003,75.4,33.6,36.78,16.8,95.5,5.0,54,awake,light
2026-08-01T15:26:00Z,SED_003,75.0,31.8,36.67,17.0,95.8,5.0,54,awake,light
2026-08-01T15:27:00Z,SED_003,76.7,32.1,36.51,16.7,95.5,5.0,54,awake,light
2026-08-01T15:28:00Z,SED_003,76.0,30.4,36.61,16.9,95.5,5.0,54,awake,light
2026-08-01T15:29:00Z,SED_003,75.4,31.0,36.55,16.8,95.9,5.0,54,awake,light
2026-08-01T15:30:00Z,SED_003,70.9,36.9,36.59,16.9,94.7,5.0,54,awake,light
2026-08-01T15:31:00Z,SED_003,72.5,33.2,36.53,16.8,95.8,5.0,54,awake,light
2026-08-01T15:32:00Z,SED_003,70.9,35.2,36.71,15.3,95.6,5.0,54,awake,light
2026-08-01T15:33:00Z,SED_003,69.9,34.1,36.65,16.7,95.8,5.0,54,awake,light
2026-08-01T15:34:00Z,SED_003,69.9,35.6,36.54,15.9,95.9,5.0,54,awake,light
2026-08-01T15:35:00Z,SED_003,67.5,33.4,36.75,16.1,95.0,5.0,54,awake,light
2026-08-01T15:36:00Z,SED_003,70.3,36.4,36.55,16.2,95.4,5.0,54,awake,light
2026-08-01T15:37:00Z,SED_003,73.3,33.7,36.61,15.9,95.8,5.0,54,awake,light
2026-08-01T15:38:00Z,SED_003,71.3,32.4,36.5,15.8,94.9,5.0,54,awake,light
2026-08-01T15:39:00Z,SED_003,72.1,32.7,36.62,16.2,95.7,5.0,54,awake,light
2026-08-01T15:40:00Z,SED_003,71.5,35.9,36.72,16.3,95.6,5.0,54,awake,light
2026-08-01T15:41:00Z,SED_003,70.9,34.7,36.64,16.5,95.0,5.0,54,awake,light
2026-08-01T15:42:00Z,SED_003,68.0,36.2,36.72,16.4,95.2,5.0,54,awake,light
2026-08-01T15:43:00Z,SED_003,67.7,33.7,36.59,16.0,95.5,5.0,54,awake,light
2026-08-01T15:44:00Z,SED_003,70.2,35.0,36.59,17.1,95.5,5.0,54,awake,light
2026-08-01T15:45:00Z,SED_003,69.9,32.2,36.5,15.9,95.9,5.0,54,awake,light
2026-08-01T15:46:00Z,SED_003,71.5,36.6,36.4,17.3,95.4,5.0,54,awake,light
2026-08-01T15:47:00Z,SED_003,69.8,36.2,36.29,15.7,95.5,5.0,54,awake,light
2026-08-01T15:48:00Z,SED_003,70.8,36.8,36.44,16.8,95.9,5.0,54,awake,light
2026-08-01T15:49:00Z,SED_003,72.3,33.1,36.49,16.3,95.9,5.0,54,awake,light
2026-08-01T15:50:00Z,SED_003,68.7,35.3,36.79,16.1,95.7,5.0,54,awake,light
2026-08-01T15:51:00Z,SED_003,71.3,38.5,36.51,17.1,95.7,5.0,54,awake,light
2026-08-01T15:52:00Z,SED_003,73.7,34.6,36.72,17.0,95.5,5.0,54,awake,light
2026-08-01T15:53:00Z,SED_003,69.2,34.2,36.7,15.9,95.4,5.0,54,awake,light
2026-08-01T15:54:00Z,SED_003,71.0,31.8,36.61,15.5,95.6,5.0,54,awake,light
2026-08-01T15:55:00Z,SED_003,71.7,32.2,36.51,16.8,95.7,5.0,54,awake,light
2026-08-01T15:56:00Z,SED_003,69.5,38.2,36.74,15.3,95.9,5.0,54,awake,light
2026-08-01T15:57:00Z,SED_003,74.3,32.7,36.66,17.3,95.1,5.0,54,awake,light
2026-08-01T15:58:00Z,SED_003,68.0,34.4,36.65,15.6,95.3,5.0,54,awake,light
2026-08-01T15:59:00Z,SED_003,72.8,37.6,36.53,16.9,95.8,5.0,54,awake,light
2026-08-01T16:00:00Z,SED_003,73.5,35.5,36.49,16.8,96.0,5.0,54,awake,light
2026-08-01T16:01:00Z,SED_003,70.6,35.9,36.42,15.8,95.7,5.0,54,awake,light
2026-08-01T16:02:00Z,SED_003,65.6,35.6,36.4,15.6,95.3,5.0,54,awake,light
2026-08-01T16:03:00Z,SED_003,75.4,32.0,36.61,17.7,95.8,5.0,54,awake,light
2026-08-01T16:04:00Z,SED_003,70.3,33.4,36.67,16.3,95.5,5.0,54,awake,light
2026-08-01T16:05:00Z,SED_003,69.0,35.1,36.57,16.6,95.8,5.0,54,awake,light
2026-08-01T16:06:00Z,SED_003,72.7,34.6,36.61,17.2,95.8,5.0,54,awake,light
2026-08-01T16:07:00Z,SED_003,72.6,30.5,36.56,16.0,96.0,5.0,54,awake,light
2026-08-01T16:08:00Z,SED_003,69.1,36.8,36.47,15.9,95.3,5.0,54,awake,light
2026-08-01T16:09:00Z,SED_003,67.4,34.2,36.65,16.4,95.4,5.0,54,awake,light
2026-08-01T16:10:00Z,SED_003,66.1,35.6,36.68,15.0,95.1,5.0,54,awake,light
2026-08-01T16:11:00Z,SED_003,69.6,33.4,36.36,16.5,95.8,5.0,54,awake,light
2026-08-01T16:12:00Z,SED_003,76.3,28.5,36.45,16.2,95.8,5.0,54,awake,light
2026-08-01T16:13:00Z,SED_003,68.1,34.6,36.52,15.9,95.6,5.0,54,awake,light
2026-08-01T16:14:00Z,SED_003,69.7,31.4,36.59,16.4,95.9,5.0,54,awake,light
2026-08-01T16:15:00Z,SED_003,76.2,34.3,36.58,17.3,95.9,5.0,54,awake,light
2026-08-01T16:16:00Z,SED_003,71.1,32.2,36.65,16.2,95.6,5.0,54,awake,light
2026-08-01T16:17:00Z,SED_003,68.4,34.1,36.52,16.3,95.9,5.0,54,awake,light
2026-08-01T16:18:00Z,SED_003,71.6,36.4,36.63,17.1,95.9,5.0,54,awake,light
2026-08-01T16:19:00Z,SED_003,67.7,33.2,36.62,15.7,95.8,5.0,54,awake,light
2026-08-01T16:20:00Z,SED_003,72.9,34.8,36.52,17.1,95.1,5.0,54,awake,light
2026-08-01T16:21:00Z,SED_003,67.1,33.5,36.7,16.7,95.5,5.0,54,awake,light
2026-08-01T16:22:00Z,SED_003,71.1,32.5,36.67,17.5,95.7,5.0,54,awake,light
2026-08-01T16:23:00Z,SED_003,72.0,37.9,36.53,16.2,95.8,5.0,54,awake,light
2026-08-01T16:24:00Z,SED_003,71.2,31.4,36.55,16.5,95.7,5.0,54,awake,light
2026-08-01T16:25:00Z,SED_003,69.0,32.5,36.75,16.0,96.0,5.0,54,awake,light
2026-08-01T16:26:00Z,SED_003,73.3,35.6,36.7,15.9,96.0,5.0,54,awake,light
2026-08-01T16:27:00Z,SED_003,68.7,32.2,36.68,15.9,95.7,5.0,54,awake,light
2026-08-01T16:28:00Z,SED_003,71.6,33.2,36.67,16.0,95.5,5.0,54,awake,light
2026-08-01T16:29:00Z,SED_003,69.2,38.6,36.58,16.1,95.6,5.0,54,awake,light
2026-08-01T16:30:00Z,SED_003,66.7,39.6,36.58,16.1,95.5,5.0,54,awake,light
2026-08-01T16:31:00Z,SED_003,71.1,32.1,36.49,16.1,95.9,5.0,54,awake,light
2026-08-01T16:32:00Z,SED_003,70.2,36.7,36.63,16.2,95.4,5.0,54,awake,light
2026-08-01T16:33:00Z,SED_003,71.7,35.6,36.65,16.5,95.4,5.0,54,awake,light
2026-08-01T16:34:00Z,SED_003,73.9,36.7,36.6,16.6,95.0,5.0,54,awake,light
2026-08-01T16:35:00Z,SED_003,75.2,28.1,36.58,17.3,96.0,5.0,54,awake,light
2026-08-01T16:36:00Z,SED_003,69.8,32.6,36.68,16.0,95.8,5.0,54,awake,light
2026-08-01T16:37:00Z,SED_003,77.1,31.8,36.59,17.8,95.7,5.0,54,awake,light
2026-08-01T16:38:00Z,SED_003,74.0,31.7,36.83,16.6,95.8,5.0,54,awake,light
2026-08-01T16:39:00Z,SED_003,73.0,31.7,36.57,16.1,96.0,5.0,54,awake,light
2026-08-01T16:40:00Z,SED_003,69.5,31.5,36.64,15.1,95.2,5.0,54,awake,light
2026-08-01T16:41:00Z,SED_003,70.2,33.4,36.64,16.3,94.9,5.0,54,awake,light
2026-08-01T16:42:00Z,SED_003,69.5,33.0,36.61,16.8,95.9,5.0,54,awake,light
2026-08-01T16:43:00Z,SED_003,63.9,37.4,36.62,16.0,95.6,5.0,54,awake,light
2026-08-01T16:44:00Z,SED_003,72.2,36.4,36.6,16.7,95.9,5.0,54,awake,light
2026-08-01T16:45:00Z,SED_003,72.4,33.4,36.63,17.3,95.6,5.0,54,awake,light
2026-08-01T16:46:00Z,SED_003,69.8,34.5,36.42,16.5,96.0,5.0,54,awake,light
2026-08-01T16:47:00Z,SED_003,68.3,39.3,36.64,15.2,95.8,5.0,54,awake,light
2026-08-01T16:48:00Z,SED_003,70.3,33.4,36.58,15.8,95.9,5.0,54,awake,light
2026-08-01T16:49:00Z,SED_003,73.6,35.5,36.73,16.5,96.0,5.0,54,awake,light
2026-08-01T16:50:00Z,SED_003,68.8,35.3,36.57,15.4,95.9,5.0,54,awake,light
2026-08-01T16:51:00Z,SED_003,67.9,37.8,36.7,15.6,96.0,5.0,54,awake,light
2026-08-01T16:52:00Z,SED_003,70.7,32.3,36.61,15.8,95.5,5.0,54,awake,light
2026-08-01T16:53:00Z,SED_003,62.3,36.2,36.62,16.2,95.7,5.0,54,awake,light
2026-08-01T16:54:00Z,SED_003,72.1,33.7,36.46,16.5,95.9,5.0,54,awake,light
2026-08-01T16:55:00Z,SED_003,71.2,32.4,36.62,16.1,95.8,5.0,54,awake,light
2026-08-01T16:56:00Z,SED_003,73.4,35.7,36.71,16.4,95.2,5.0,54,awake,light
2026-08-01T16:57:00Z,SED_003,74.2,30.7,36.59,16.9,95.7,5.0,54,awake,light
2026-08-01T16:58:00Z,SED_003,69.4,34.4,36.73,16.0,95.9,5.0,54,awake,light
2026-08-01T16:59:00Z,SED_003,73.8,37.3,36.73,16.4,95.0,5.0,54,awake,light
2026-08-01T17:00:00Z,SED_003,76.3,37.6,36.71,16.9,96.0,5.0,54,awake,light
2026-08-01T17:01:00Z,SED_003,68.0,34.0,36.62,16.9,95.7,5.0,54,awake,light
2026-08-01T17:02:00Z,SED_003,67.3,33.1,36.61,15.3,95.0,5.0,54,awake,light
2026-08-01T17:03:00Z,SED_003,65.4,35.4,36.51,16.1,95.5,5.0,54,awake,light
2026-08-01T17:04:00Z,SED_003,69.0,30.5,36.59,15.9,95.5,5.0,54,awake,light
2026-08-01T17:05:00Z,SED_003,69.7,31.2,36.52,16.0,95.3,5.0,54,awake,light
2026-08-01T17:06:00Z,SED_003,72.5,33.9,36.61,16.7,95.1,5.0,54,awake,light
2026-08-01T17:07:00Z,SED_003,67.2,32.1,36.68,14.8,95.3,5.0,54,awake,light
2026-08-01T17:08:00Z,SED_003,73.1,33.1,36.58,17.3,95.6,5.0,54,awake,light
2026-08-01T17:09:00Z,SED_003,67.1,35.2,36.71,16.2,95.7,5.0,54,awake,light
2026-08-01T17:10:00Z,SED_003,69.4,31.4,36.64,16.5,95.6,5.0,54,awake,light
2026-08-01T17:11:00Z,SED_003,67.4,33.9,36.41,16.2,95.6,5.0,54,awake,light
2026-08-01T17:12:00Z,SED_003,74.1,34.6,36.56,15.4,95.5,5.0,54,awake,light
2026-08-01T17:13:00Z,SED_003,71.1,38.8,36.64,16.3,95.7,5.0,54,awake,light
2026-08-01T17:14:00Z,SED_003,70.3,33.9,36.69,16.7,95.6,5.0,54,awake,light
2026-08-01T17:15:00Z,SED_003,67.1,35.4,36.49,15.3,95.8,5.0,54,awake,light
2026-08-01T17:16:00Z,SED_003,73.5,31.1,36.45,17.3,95.4,5.0,54,awake,light
2026-08-01T17:17:00Z,SED_003,68.9,36.0,36.64,16.4,95.4,5.0,54,awake,light
2026-08-01T17:18:00Z,SED_003,68.3,34.3,36.57,15.8,95.8,5.0,54,awake,light
2026-08-01T17:19:00Z,SED_003,76.2,33.9,36.58,16.6,95.9,5.0,54,awake,light
2026-08-01T17:20:00Z,SED_003,68.7,33.9,36.64,16.9,95.7,5.0,54,awake,light
2026-08-01T17:21:00Z,SED_003,69.1,37.6,36.62,16.4,95.4,5.0,54,awake,light
2026-08-01T17:22:00Z,SED_003,69.1,34.1,36.54,15.8,95.6,5.0,54,awake,light
2026-08-01T17:23:00Z,SED_003,72.8,32.7,36.7,16.5,95.4,5.0,54,awake,light
2026-08-01T17:24:00Z,SED_003,65.9,36.0,36.6,15.4,95.6,5.0,54,awake,light
2026-08-01T17:25:00Z,SED_003,72.4,33.6,36.75,17.2,95.4,5.0,54,awake,light
2026-08-01T17:26:00Z,SED_003,69.4,36.8,36.6,16.7,95.6,5.0,54,awake,light
2026-08-01T17:27:00Z,SED_003,65.7,35.1,36.7,15.5,95.5,5.0,54,awake,light
2026-08-01T17:28:00Z,SED_003,68.1,34.7,36.66,15.7,95.5,5.0,54,awake,light
2026-08-01T17:29:00Z,SED_003,71.9,33.3,36.6,17.0,95.8,5.0,54,awake,light
2026-08-01T17:30:00Z,SED_003,74.1,31.8,36.5,16.5,94.8,5.0,54,awake,light
2026-08-01T17:31:00Z,SED_003,70.9,34.4,36.61,17.1,95.5,5.0,54,awake,light
2026-08-01T17:32:00Z,SED_003,72.1,35.2,36.67,16.0,95.7,5.0,54,awake,light
2026-08-01T17:33:00Z,SED_003,66.0,37.7,36.46,15.8,95.9,5.0,54,awake,light
2026-08-01T17:34:00Z,SED_003,68.7,32.4,36.47,15.9,95.9,5.0,54,awake,light
2026-08-01T17:35:00Z,SED_003,69.5,35.2,36.51,16.3,95.4,5.0,54,awake,light
2026-08-01T17:36:00Z,SED_003,74.1,31.6,36.8,16.5,95.9,5.0,54,awake,light
2026-08-01T17:37:00Z,SED_003,75.8,35.0,36.52,17.4,95.5,5.0,54,awake,light
2026-08-01T17:38:00Z,SED_003,70.1,37.2,36.58,17.5,95.8,5.0,54,awake,light
2026-08-01T17:39:00Z,SED_003,66.6,39.5,36.58,15.4,95.9,5.0,54,awake,light
2026-08-01T17:40:00Z,SED_003,71.8,35.1,36.8,16.2,95.1,5.0,54,awake,light
2026-08-01T17:41:00Z,SED_003,67.0,38.0,36.5,16.1,95.8,5.0,54,awake,light
2026-08-01T17:42:00Z,SED_003,73.8,34.4,36.61,16.3,95.9,5.0,54,awake,light
2026-08-01T17:43:00Z,SED_003,66.6,35.7,36.52,15.5,96.0,5.0,54,awake,light
2026-08-01T17:44:00Z,SED_003,70.9,33.1,36.53,14.8,95.7,5.0,54,awake,light
2026-08-01T17:45:00Z,SED_003,63.3,38.3,36.55,15.1,96.0,5.0,54,awake,light
2026-08-01T17:46:00Z,SED_003,74.3,29.0,36.62,16.5,95.9,5.0,54,awake,light
2026-08-01T17:47:00Z,SED_003,72.9,34.4,36.72,16.3,95.5,5.0,54,awake,light
2026-08-01T17:48:00Z,SED_003,72.3,36.1,36.61,15.5,95.9,5.0,54,awake,light
2026-08-01T17:49:00Z,SED_003,65.9,35.6,36.53,16.2,95.7,5.0,54,awake,light
2026-08-01T17:50:00Z,SED_003,69.3,37.5,36.67,15.3,95.8,5.0,54,awake,light
2026-08-01T17:51:00Z,SED_003,69.4,34.2,36.68,15.6,95.6,5.0,54,awake,light
2026-08-01T17:52:00Z,SED_003,66.5,37.7,36.67,15.3,95.0,5.0,54,awake,light
2026-08-01T17:53:00Z,SED_003,68.9,32.3,36.7,16.8,94.6,5.0,54,awake,light
2026-08-01T17:54:00Z,SED_003,67.1,35.4,36.63,16.2,95.9,5.0,54,awake,light
2026-08-01T17:55:00Z,SED_003,73.0,32.6,36.48,16.8,94.9,5.0,54,awake,light
2026-08-01T17:56:00Z,SED_003,66.2,33.0,36.57,16.1,95.7,5.0,54,awake,light
2026-08-01T17:57:00Z,SED_003,64.9,39.0,36.48,15.9,95.6,5.0,54,awake,light
2026-08-01T17:58:00Z,SED_003,69.3,33.6,36.61,16.1,95.7,5.0,54,awake,light
2026-08-01T17:59:00Z,SED_003,74.8,31.8,36.5,16.5,95.1,5.0,54,awake,light
2026-08-01T18:00:00Z,SED_003,70.3,36.1,36.78,15.8,95.4,5.0,54,awake,light
2026-08-01T18:01:00Z,SED_003,73.2,33.8,36.49,16.7,95.8,5.0,54,awake,light
2026-08-01T18:02:00Z,SED_003,69.2,37.0,36.65,16.5,95.9,5.0,54,awake,light
2026-08-01T18:03:00Z,SED_003,68.6,35.8,36.53,15.7,95.9,5.0,54,awake,light
2026-08-01T18:04:00Z,SED_003,67.4,35.9,36.67,16.2,95.6,5.0,54,awake,light
2026-08-01T18:05:00Z,SED_003,70.6,35.3,36.6,15.7,95.6,5.0,54,awake,light
2026-08-01T18:06:00Z,SED_003,71.6,33.2,36.68,16.3,95.4,5.0,54,awake,light
2026-08-01T18:07:00Z,SED_003,74.5,32.6,36.65,16.7,96.0,5.0,54,awake,light
2026-08-01T18:08:00Z,SED_003,74.0,31.5,36.45,17.1,95.6,5.0,54,awake,light
2026-08-01T18:09:00Z,SED_003,69.9,34.4,36.46,15.7,95.7,5.0,54,awake,light
2026-08-01T18:10:00Z,SED_003,70.1,39.0,36.82,17.2,95.6,5.0,54,awake,light
2026-08-01T18:11:00Z,SED_003,66.5,35.0,36.6,16.3,95.4,5.0,54,awake,light
2026-08-01T18:12:00Z,SED_003,70.5,34.6,36.61,16.8,95.7,5.0,54,awake,light
2026-08-01T18:13:00Z,SED_003,67.1,34.0,36.61,15.4,95.3,5.0,54,awake,light
2026-08-01T18:14:00Z,SED_003,73.9,32.9,36.53,16.7,94.7,5.0,54,awake,light
2026-08-01T18:15:00Z,SED_003,75.4,34.0,36.65,15.8,94.6,5.0,54,awake,light
2026-08-01T18:16:00Z,SED_003,66.0,34.6,36.73,16.4,95.7,5.0,54,awake,light
2026-08-01T18:17:00Z,SED_003,67.4,34.4,36.72,16.3,95.6,5.0,54,awake,light
2026-08-01T18:18:00Z,SED_003,68.1,37.2,36.76,15.5,95.7,5.0,54,awake,light
2026-08-01T18:19:00Z,SED_003,71.3,34.3,36.55,16.3,95.7,5.0,54,awake,light
2026-08-01T18:20:00Z,SED_003,69.5,37.3,36.55,16.2,95.5,5.0,54,awake,light
2026-08-01T18:21:00Z,SED_003,70.9,35.2,36.62,17.4,95.8,5.0,54,awake,light
2026-08-01T18:22:00Z,SED_003,67.0,35.5,36.4,14.9,95.5,5.0,54,awake,light
2026-08-01T18:23:00Z,SED_003,67.3,37.2,36.45,15.7,95.4,5.0,54,awake,light
2026-08-01T18:24:00Z,SED_003,68.3,37.5,36.4,15.6,95.5,5.0,54,awake,light
2026-08-01T18:25:00Z,SED_003,66.9,33.8,36.53,16.0,95.6,5.0,54,awake,light
2026-08-01T18:26:00Z,SED_003,75.2,30.4,36.37,16.4,95.8,5.0,54,awake,light
2026-08-01T18:27:00Z,SED_003,69.2,34.5,36.64,16.4,95.4,5.0,54,awake,light
2026-08-01T18:28:00Z,SED_003,67.3,32.2,36.69,15.4,95.4,5.0,54,awake,light
2026-08-01T18:29:00Z,SED_003,76.0,32.4,36.57,16.8,95.7,5.0,54,awake,light
2026-08-01T18:30:00Z,SED_003,70.3,38.5,36.63,15.7,95.1,5.0,54,awake,light
2026-08-01T18:31:00Z,SED_003,70.0,36.0,36.59,15.8,95.1,5.0,54,awake,light
2026-08-01T18:32:00Z,SED_003,68.9,35.2,36.47,16.5,94.9,5.0,54,awake,light
2026-08-01T18:33:00Z,SED_003,69.8,36.4,36.62,16.0,95.3,5.0,54,awake,light
2026-08-01T18:34:00Z,SED_003,69.7,33.6,36.55,16.8,95.5,5.0,54,awake,light
2026-08-01T18:35:00Z,SED_003,70.0,30.1,36.42,15.7,95.9,5.0,54,awake,light
2026-08-01T18:36:00Z,SED_003,68.4,35.8,36.8,16.3,95.4,5.0,54,awake,light
2026-08-01T18:37:00Z,SED_003,71.5,32.1,36.59,15.6,95.9,5.0,54,awake,light
2026-08-01T18:38:00Z,SED_003,71.4,35.9,36.57,16.6,95.6,5.0,54,awake,light
2026-08-01T18:39:00Z,SED_003,69.7,34.8,36.69,15.8,95.8,5.0,54,awake,light
2026-08-01T18:40:00Z,SED_003,71.3,34.1,36.35,15.3,95.9,5.0,54,awake,light
2026-08-01T18:41:00Z,SED_003,68.2,38.8,36.78,16.3,94.9,5.0,54,awake,light
2026-08-01T18:42:00Z,SED_003,75.9,32.8,36.59,16.7,95.8,5.0,54,awake,light
2026-08-01T18:43:00Z,SED_003,76.0,29.3,36.6,16.2,96.0,5.0,54,awake,light
2026-08-01T18:44:00Z,SED_003,76.0,32.7,36.71,16.7,95.9,5.0,54,awake,light
2026-08-01T18:45:00Z,SED_003,63.8,36.0,36.53,16.2,95.2,5.0,54,awake,light
2026-08-01T18:46:00Z,SED_003,69.1,34.6,36.63,16.4,95.4,5.0,54,awake,light
2026-08-01T18:47:00Z,SED_003,68.3,38.7,36.57,16.2,95.9,5.0,54,awake,light
2026-08-01T18:48:00Z,SED_003,66.2,35.7,36.6,16.2,95.6,5.0,54,awake,light
2026-08-01T18:49:00Z,SED_003,66.1,37.9,36.63,15.8,95.5,5.0,54,awake,light
2026-08-01T18:50:00Z,SED_003,71.3,35.4,36.59,15.4,95.6,5.0,54,awake,light
2026-08-01T18:51:00Z,SED_003,67.7,35.2,36.58,15.8,95.4,5.0,54,awake,light
2026-08-01T18:52:00Z,SED_003,68.0,37.6,36.55,15.7,95.2,5.0,54,awake,light
2026-08-01T18:53:00Z,SED_003,70.5,33.1,36.69,16.8,95.4,5.0,54,awake,light
2026-08-01T18:54:00Z,SED_003,69.9,33.0,36.49,17.0,95.8,5.0,54,awake,light
2026-08-01T18:55:00Z,SED_003,73.2,32.8,36.53,15.7,95.3,5.0,54,awake,light
2026-08-01T18:56:00Z,SED_003,74.2,32.2,36.48,17.0,95.7,5.0,54,awake,light
2026-08-01T18:57:00Z,SED_003,70.6,34.8,36.56,16.9,95.3,5.0,54,awake,light
2026-08-01T18:58:00Z,SED_003,60.5,38.2,36.54,14.8,95.6,5.0,54,awake,light
2026-08-01T18:59:00Z,SED_003,74.5,35.4,36.55,16.4,95.6,5.0,54,awake,light
2026-08-01T19:00:00Z,SED_003,69.0,32.6,36.53,16.5,95.5,5.0,54,awake,light
2026-08-01T19:01:00Z,SED_003,67.7,35.7,36.6,15.3,95.2,5.0,54,awake,light
2026-08-01T19:02:00Z,SED_003,71.0,36.0,36.79,15.9,96.0,5.0,54,awake,light
2026-08-01T19:03:00Z,SED_003,67.8,32.5,36.7,15.3,96.0,5.0,54,awake,light
2026-08-01T19:04:00Z,SED_003,71.3,31.7,36.4,16.4,95.4,5.0,54,awake,light
2026-08-01T19:05:00Z,SED_003,71.2,34.6,36.57,16.9,95.7,5.0,54,awake,light
2026-08-01T19:06:00Z,SED_003,73.0,34.8,36.39,16.4,95.8,5.0,54,awake,light
2026-08-01T19:07:00Z,SED_003,66.0,35.0,36.88,15.9,95.9,5.0,54,awake,light
2026-08-01T19:08:00Z,SED_003,70.9,32.9,36.46,16.5,96.0,5.0,54,awake,light
2026-08-01T19:09:00Z,SED_003,73.4,33.1,36.65,16.4,95.9,5.0,54,awake,light
2026-08-01T19:10:00Z,SED_003,69.6,38.1,36.76,15.3,96.0,5.0,54,awake,light
2026-08-01T19:11:00Z,SED_003,71.1,32.1,36.46,16.1,95.8,5.0,54,awake,light
2026-08-01T19:12:00Z,SED_003,69.2,33.7,36.77,15.5,95.8,5.0,54,awake,light
2026-08-01T19:13:00Z,SED_003,68.0,30.2,36.54,16.2,95.4,5.0,54,awake,light
2026-08-01T19:14:00Z,SED_003,70.8,34.3,36.62,15.6,95.8,5.0,54,awake,light
2026-08-01T19:15:00Z,SED_003,68.9,35.6,36.56,17.1,96.0,5.0,54,awake,light
2026-08-01T19:16:00Z,SED_003,71.6,31.0,36.53,16.2,95.2,5.0,54,awake,light
2026-08-01T19:17:00Z,SED_003,67.6,32.2,36.6,16.2,95.1,5.0,54,awake,light
2026-08-01T19:18:00Z,SED_003,72.2,33.4,36.6,15.5,95.4,5.0,54,awake,light
2026-08-01T19:19:00Z,SED_003,69.1,34.7,36.7,16.4,95.7,5.0,54,awake,light
2026-08-01T19:20:00Z,SED_003,67.4,36.1,36.45,15.9,95.7,5.0,54,awake,light
2026-08-01T19:21:00Z,SED_003,72.1,34.3,36.5,16.2,95.4,5.0,54,awake,light
2026-08-01T19:22:00Z,SED_003,69.5,33.3,36.67,15.5,95.9,5.0,54,awake,light
2026-08-01T19:23:00Z,SED_003,73.9,31.5,36.47,16.7,95.9,5.0,54,awake,light
2026-08-01T19:24:00Z,SED_003,68.5,36.1,36.64,15.9,95.5,5.0,54,awake,light
2026-08-01T19:25:00Z,SED_003,67.1,38.1,36.7,15.6,94.6,5.0,54,awake,light
2026-08-01T19:26:00Z,SED_003,66.2,34.1,36.51,15.4,96.0,5.0,54,awake,light
2026-08-01T19:27:00Z,SED_003,69.5,31.9,36.82,15.6,95.5,5.0,54,awake,light
2026-08-01T19:28:00Z,SED_003,73.6,36.2,36.72,16.7,95.8,5.0,54,awake,light
2026-08-01T19:29:00Z,SED_003,69.9,34.4,36.64,16.6,95.0,5.0,54,awake,light
2026-08-01T19:30:00Z,SED_003,74.2,33.0,36.3,16.3,95.8,5.0,54,awake,light
2026-08-01T19:31:00Z,SED_003,70.6,34.4,36.5,15.6,95.5,5.0,54,awake,light
2026-08-01T19:32:00Z,SED_003,74.3,34.5,36.59,16.5,95.9,5.0,54,awake,light
2026-08-01T19:33:00Z,SED_003,71.4,33.3,36.67,16.0,95.4,5.0,54,awake,light
2026-08-01T19:34:00Z,SED_003,69.3,34.6,36.76,16.2,95.9,5.0,54,awake,light
2026-08-01T19:35:00Z,SED_003,73.6,33.7,36.48,16.4,95.5,5.0,54,awake,light
2026-08-01T19:36:00Z,SED_003,65.7,38.3,36.64,15.6,95.5,5.0,54,awake,light
2026-08-01T19:37:00Z,SED_003,72.0,34.3,36.45,16.9,95.8,5.0,54,awake,light
2026-08-01T19:38:00Z,SED_003,70.8,32.6,36.6,16.1,95.9,5.0,54,awake,light
2026-08-01T19:39:00Z,SED_003,71.8,36.5,36.68,16.3,95.1,5.0,54,awake,light
2026-08-01T19:40:00Z,SED_003,70.4,36.3,36.68,16.4,95.1,5.0,54,awake,light
2026-08-01T19:41:00Z,SED_003,69.3,33.5,36.47,15.3,95.9,5.0,54,awake,light
2026-08-01T19:42:00Z,SED_003,64.3,32.7,36.43,15.9,95.9,5.0,54,awake,light
2026-08-01T19:43:00Z,SED_003,71.0,31.8,36.68,16.6,95.5,5.0,54,awake,light
2026-08-01T19:44:00Z,SED_003,71.6,34.6,36.65,17.3,95.8,5.0,54,awake,light
2026-08-01T19:45:00Z,SED_003,70.5,34.2,36.52,17.2,95.9,5.0,54,awake,light
2026-08-01T19:46:00Z,SED_003,73.7,32.1,36.52,16.8,95.8,5.0,54,awake,light
2026-08-01T19:47:00Z,SED_003,65.7,34.3,36.49,15.6,94.5,5.0,54,awake,light
2026-08-01T19:48:00Z,SED_003,67.8,34.3,36.6,16.3,95.8,5.0,54,awake,light
2026-08-01T19:49:00Z,SED_003,75.5,34.2,36.75,16.9,95.8,5.0,54,awake,light
2026-08-01T19:50:00Z,SED_003,68.1,32.3,36.54,16.2,95.1,5.0,54,awake,light
2026-08-01T19:51:00Z,SED_003,70.9,32.4,36.55,16.0,95.7,5.0,54,awake,light
2026-08-01T19:52:00Z,SED_003,70.4,33.1,36.73,16.6,95.3,5.0,54,awake,light
2026-08-01T19:53:00Z,SED_003,74.1,33.7,36.74,15.8,96.0,5.0,54,awake,light
2026-08-01T19:54:00Z,SED_003,68.1,39.2,36.65,16.7,95.8,5.0,54,awake,light
2026-08-01T19:55:00Z,SED_003,73.9,34.8,36.53,17.3,96.0,5.0,54,awake,light
2026-08-01T19:56:00Z,SED_003,72.0,31.9,36.58,17.3,94.7,5.0,54,awake,light
2026-08-01T19:57:00Z,SED_003,71.6,31.8,36.53,16.1,95.7,5.0,54,awake,light
2026-08-01T19:58:00Z,SED_003,71.9,34.0,36.49,15.0,95.7,5.0,54,awake,light
2026-08-01T19:59:00Z,SED_003,68.8,39.1,36.72,16.3,95.6,5.0,54,awake,light
2026-08-01T20:00:00Z,SED_003,74.8,35.1,36.62,16.7,95.5,5.0,54,awake,light
2026-08-01T20:01:00Z,SED_003,66.9,36.3,36.5,14.9,95.9,5.0,54,awake,light
2026-08-01T20:02:00Z,SED_003,74.2,32.1,36.56,16.8,95.4,5.0,54,awake,light
2026-08-01T20:03:00Z,SED_003,68.3,34.8,36.59,16.1,95.2,5.0,54,awake,light
2026-08-01T20:04:00Z,SED_003,66.3,36.6,36.8,16.1,96.0,5.0,54,awake,light
2026-08-01T20:05:00Z,SED_003,75.6,28.1,36.57,17.5,95.8,5.0,54,awake,light
2026-08-01T20:06:00Z,SED_003,69.5,35.4,36.69,16.0,95.1,5.0,54,awake,light
2026-08-01T20:07:00Z,SED_003,72.3,33.6,36.69,16.6,95.8,5.0,54,awake,light
2026-08-01T20:08:00Z,SED_003,70.6,35.8,36.49,16.2,95.8,5.0,54,awake,light
2026-08-01T20:09:00Z,SED_003,73.4,32.9,36.52,16.9,95.6,5.0,54,awake,light
2026-08-01T20:10:00Z,SED_003,74.0,31.2,36.6,15.8,96.0,5.0,54,awake,light
2026-08-01T20:11:00Z,SED_003,73.4,32.3,36.53,16.7,96.0,5.0,54,awake,light
2026-08-01T20:12:00Z,SED_003,75.1,32.6,36.68,16.7,95.3,5.0,54,awake,light
2026-08-01T20:13:00Z,SED_003,72.4,33.1,36.63,16.1,95.5,5.0,54,awake,light
2026-08-01T20:14:00Z,SED_003,70.9,35.1,36.63,15.8,94.9,5.0,54,awake,light
2026-08-01T20:15:00Z,SED_003,71.8,29.9,36.56,15.9,95.3,5.0,54,awake,light
2026-08-01T20:16:00Z,SED_003,68.3,32.8,36.86,16.0,95.9,5.0,54,awake,light
2026-08-01T20:17:00Z,SED_003,69.9,34.8,36.61,16.2,95.9,5.0,54,awake,light
2026-08-01T20:18:00Z,SED_003,77.6,31.3,36.62,17.3,95.7,5.0,54,awake,light
2026-08-01T20:19:00Z,SED_003,66.7,36.2,36.66,16.0,95.6,5.0,54,awake,light
2026-08-01T20:20:00Z,SED_003,70.5,29.1,36.61,16.1,95.4,5.0,54,awake,light
2026-08-01T20:21:00Z,SED_003,74.2,32.0,36.65,17.1,95.9,5.0,54,awake,light
2026-08-01T20:22:00Z,SED_003,72.6,33.4,36.53,17.0,95.6,5.0,54,awake,light
2026-08-01T20:23:00Z,SED_003,71.8,32.6,36.6,16.2,95.6,5.0,54,awake,light
2026-08-01T20:24:00Z,SED_003,68.7,35.8,36.65,16.0,95.5,5.0,54,awake,light
2026-08-01T20:25:00Z,SED_003,72.1,35.9,36.58,16.1,95.4,5.0,54,awake,light
2026-08-01T20:26:00Z,SED_003,67.0,36.2,36.55,16.3,95.6,5.0,54,awake,light
2026-08-01T20:27:00Z,SED_003,68.5,31.6,36.71,15.6,95.9,5.0,54,awake,light
2026-08-01T20:28:00Z,SED_003,76.5,34.3,36.42,17.2,95.5,5.0,54,awake,light
2026-08-01T20:29:00Z,SED_003,66.1,35.8,36.51,16.0,95.8,5.0,54,awake,light
2026-08-01T20:30:00Z,SED_003,72.4,31.9,36.59,17.1,94.9,5.0,54,awake,light
2026-08-01T20:31:00Z,SED_003,72.8,36.4,36.72,17.0,95.8,5.0,54,awake,light
2026-08-01T20:32:00Z,SED_003,71.4,36.3,36.46,16.0,94.7,5.0,54,awake,light
2026-08-01T20:33:00Z,SED_003,73.5,35.0,36.71,16.8,95.8,5.0,54,awake,light
2026-08-01T20:34:00Z,SED_003,69.4,34.0,36.52,15.6,95.5,5.0,54,awake,light
2026-08-01T20:35:00Z,SED_003,68.9,34.8,36.61,16.7,95.1,5.0,54,awake,light
2026-08-01T20:36:00Z,SED_003,72.1,36.2,36.67,17.0,95.7,5.0,54,awake,light
2026-08-01T20:37:00Z,SED_003,70.7,36.6,36.59,16.0,95.7,5.0,54,awake,light
2026-08-01T20:38:00Z,SED_003,67.2,36.5,36.83,15.2,95.4,5.0,54,awake,light
2026-08-01T20:39:00Z,SED_003,70.3,32.2,36.64,17.1,96.0,5.0,54,awake,light
2026-08-01T20:40:00Z,SED_003,76.0,32.4,36.58,16.6,95.9,5.0,54,awake,light
2026-08-01T20:41:00Z,SED_003,67.6,39.4,36.64,15.6,95.7,5.0,54,awake,light
2026-08-01T20:42:00Z,SED_003,69.4,38.8,36.59,16.0,95.4,5.0,54,awake,light
2026-08-01T20:43:00Z,SED_003,65.7,31.7,36.63,15.8,96.0,5.0,54,awake,light
2026-08-01T20:44:00Z,SED_003,72.1,32.1,36.77,16.8,95.6,5.0,54,awake,light
2026-08-01T20:45:00Z,SED_003,65.1,35.1,36.66,15.9,95.7,5.0,54,awake,light
2026-08-01T20:46:00Z,SED_003,73.9,34.7,36.63,16.4,95.7,5.0,54,awake,light
2026-08-01T20:47:00Z,SED_003,72.2,33.8,36.58,16.5,95.9,5.0,54,awake,light
2026-08-01T20:48:00Z,SED_003,72.3,34.8,36.6,16.2,95.9,5.0,54,awake,light
2026-08-01T20:49:00Z,SED_003,72.0,32.2,36.64,16.7,95.7,5.0,54,awake,light
2026-08-01T20:50:00Z,SED_003,73.0,32.3,36.64,16.8,95.9,5.0,54,awake,light
2026-08-01T20:51:00Z,SED_003,70.4,30.7,36.54,15.7,96.0,5.0,54,awake,light
2026-08-01T20:52:00Z,SED_003,75.5,34.1,36.73,17.5,95.4,5.0,54,awake,light
2026-08-01T20:53:00Z,SED_003,71.9,34.2,36.62,16.4,95.8,5.0,54,awake,light
2026-08-01T20:54:00Z,SED_003,66.4,34.2,36.6,16.0,95.6,5.0,54,awake,light
2026-08-01T20:55:00Z,SED_003,67.2,34.8,36.44,16.0,95.3,5.0,54,awake,light
2026-08-01T20:56:00Z,SED_003,68.8,34.1,36.65,15.5,94.9,5.0,54,awake,light
2026-08-01T20:57:00Z,SED_003,66.7,34.3,36.67,15.4,95.9,5.0,54,awake,light
2026-08-01T20:58:00Z,SED_003,69.7,36.8,36.67,17.1,95.4,5.0,54,awake,light
2026-08-01T20:59:00Z,SED_003,74.6,35.5,36.63,16.2,95.8,5.0,54,awake,light
2026-08-01T21:00:00Z,SED_003,66.3,35.9,36.39,15.7,95.7,5.0,54,awake,light
2026-08-01T21:01:00Z,SED_003,76.5,31.3,36.58,16.9,95.7,5.0,54,awake,light
2026-08-01T21:02:00Z,SED_003,70.9,33.6,36.54,17.3,95.3,5.0,54,awake,light
2026-08-01T21:03:00Z,SED_003,73.3,37.0,36.42,15.8,95.7,5.0,54,awake,light
2026-08-01T21:04:00Z,SED_003,68.2,37.1,36.6,15.7,95.0,5.0,54,awake,light
2026-08-01T21:05:00Z,SED_003,67.5,34.0,36.63,14.9,96.0,5.0,54,awake,light
2026-08-01T21:06:00Z,SED_003,68.9,33.1,36.58,15.9,95.1,5.0,54,awake,light
2026-08-01T21:07:00Z,SED_003,71.4,37.1,36.55,16.3,95.5,5.0,54,awake,light
2026-08-01T21:08:00Z,SED_003,72.6,32.8,36.63,16.0,95.6,5.0,54,awake,light
2026-08-01T21:09:00Z,SED_003,72.8,35.6,36.71,15.8,95.7,5.0,54,awake,light
2026-08-01T21:10:00Z,SED_003,74.7,28.3,36.55,17.0,95.6,5.0,54,awake,light
2026-08-01T21:11:00Z,SED_003,73.7,35.0,36.61,16.4,95.3,5.0,54,awake,light
2026-08-01T21:12:00Z,SED_003,72.3,34.3,36.63,16.8,94.6,5.0,54,awake,light
2026-08-01T21:13:00Z,SED_003,72.4,36.2,36.77,16.7,94.8,5.0,54,awake,light
2026-08-01T21:14:00Z,SED_003,69.0,37.6,36.47,15.8,95.8,5.0,54,awake,light
2026-08-01T21:15:00Z,SED_003,74.3,31.7,36.66,15.8,95.6,5.0,54,awake,light
2026-08-01T21:16:00Z,SED_003,76.0,31.7,36.64,16.6,95.7,5.0,54,awake,light
2026-08-01T21:17:00Z,SED_003,74.7,33.0,36.58,16.3,95.9,5.0,54,awake,light
2026-08-01T21:18:00Z,SED_003,76.2,34.3,36.66,16.7,95.5,5.0,54,awake,light
2026-08-01T21:19:00Z,SED_003,72.6,33.1,36.61,16.1,95.6,5.0,54,awake,light
2026-08-01T21:20:00Z,SED_003,72.6,31.2,36.71,16.9,95.8,5.0,54,awake,light
2026-08-01T21:21:00Z,SED_003,75.7,35.5,36.71,16.7,95.6,5.0,54,awake,light
2026-08-01T21:22:00Z,SED_003,78.3,31.1,36.62,18.2,95.9,5.0,54,awake,light
2026-08-01T21:23:00Z,SED_003,70.9,31.4,36.49,16.3,96.0,5.0,54,awake,light
2026-08-01T21:24:00Z,SED_003,73.1,31.7,36.54,16.8,95.9,5.0,54,awake,light
2026-08-01T21:25:00Z,SED_003,67.9,36.6,36.74,15.3,95.2,5.0,54,awake,light
2026-08-01T21:26:00Z,SED_003,71.2,34.0,36.53,16.4,96.0,5.0,54,awake,light
2026-08-01T21:27:00Z,SED_003,74.3,34.1,36.62,15.9,95.8,5.0,54,awake,light
2026-08-01T21:28:00Z,SED_003,73.8,33.5,36.54,17.1,95.0,5.0,54,awake,light
2026-08-01T21:29:00Z,SED_003,71.9,33.7,36.83,16.0,95.9,5.0,54,awake,light
2026-08-01T21:30:00Z,SED_003,71.4,34.1,36.51,16.5,95.1,5.0,54,awake,light
2026-08-01T21:31:00Z,SED_003,75.5,30.9,36.69,16.2,94.5,5.0,54,awake,light
2026-08-01T21:32:00Z,SED_003,69.4,35.9,36.51,16.6,95.5,5.0,54,awake,light
2026-08-01T21:33:00Z,SED_003,72.7,33.4,36.58,17.0,95.5,5.0,54,awake,light
2026-08-01T21:34:00Z,SED_003,70.5,33.3,36.59,16.9,95.9,5.0,54,awake,light
2026-08-01T21:35:00Z,SED_003,75.1,29.0,36.52,16.4,95.5,5.0,54,awake,light
2026-08-01T21:36:00Z,SED_003,70.9,35.3,36.66,15.3,94.9,5.0,54,awake,light
2026-08-01T21:37:00Z,SED_003,72.1,34.7,36.51,16.2,95.2,5.0,54,awake,light
2026-08-01T21:38:00Z,SED_003,74.3,34.7,36.69,16.0,95.9,5.0,54,awake,light
2026-08-01T21:39:00Z,SED_003,71.3,33.7,36.56,15.9,95.3,5.0,54,awake,light
2026-08-01T21:40:00Z,SED_003,76.1,28.5,36.56,16.6,95.5,5.0,54,awake,light
2026-08-01T21:41:00Z,SED_003,77.1,29.8,36.54,16.6,95.3,5.0,54,awake,light
2026-08-01T21:42:00Z,SED_003,70.8,34.9,36.43,16.9,95.7,5.0,54,awake,light
2026-08-01T21:43:00Z,SED_003,77.7,33.0,36.6,17.4,95.4,5.0,54,awake,light
2026-08-01T21:44:00Z,SED_003,76.6,33.7,36.83,16.6,94.7,5.0,54,awake,light
2026-08-01T21:45:00Z,SED_003,68.5,32.2,36.6,16.1,96.0,5.0,54,awake,light
2026-08-01T21:46:00Z,SED_003,77.5,28.3,36.6,17.7,95.6,5.0,54,awake,light
2026-08-01T21:47:00Z,SED_003,73.0,36.5,36.5,16.9,95.4,5.0,54,awake,light
2026-08-01T21:48:00Z,SED_003,73.7,33.4,36.62,15.9,96.0,5.0,54,awake,light
2026-08-01T21:49:00Z,SED_003,70.9,32.1,36.67,16.2,95.9,5.0,54,awake,light
2026-08-01T21:50:00Z,SED_003,72.2,34.2,36.63,16.6,94.4,5.0,54,awake,light
2026-08-01T21:51:00Z,SED_003,75.6,31.1,36.59,15.9,95.7,5.0,54,awake,light
2026-08-01T21:52:00Z,SED_003,72.4,31.9,36.68,16.6,95.0,5.0,54,awake,light
2026-08-01T21:53:00Z,SED_003,75.0,37.6,36.57,16.2,95.8,5.0,54,awake,light
2026-08-01T21:54:00Z,SED_003,78.2,32.6,36.51,17.5,94.6,5.0,54,awake,light
2026-08-01T21:55:00Z,SED_003,78.2,33.2,36.83,16.6,95.1,5.0,54,awake,light
2026-08-01T21:56:00Z,SED_003,72.3,36.6,36.5,17.3,95.6,5.0,54,awake,light
2026-08-01T21:57:00Z,SED_003,75.6,33.5,36.53,16.7,95.3,5.0,54,awake,light
2026-08-01T21:58:00Z,SED_003,74.8,34.9,36.6,16.4,96.0,5.0,54,awake,light
2026-08-01T21:59:00Z,SED_003,71.6,32.3,36.57,16.9,95.9,5.0,54,awake,light
2026-08-01T22:00:00Z,SED_003,78.6,35.0,36.56,17.0,95.7,5.0,54,awake,light
2026-08-01T22:01:00Z,SED_003,70.9,32.1,36.62,17.2,96.0,5.0,54,awake,light
2026-08-01T22:02:00Z,SED_003,83.9,30.4,36.71,17.8,95.6,5.0,54,awake,light
2026-08-01T22:03:00Z,SED_003,73.6,36.3,36.58,16.4,95.6,5.0,54,awake,light
2026-08-01T22:04:00Z,SED_003,73.0,33.7,36.65,17.4,96.0,5.0,54,awake,light
2026-08-01T22:05:00Z,SED_003,74.3,32.8,36.57,17.0,95.8,5.0,54,awake,light
2026-08-01T22:06:00Z,SED_003,69.7,34.9,36.59,16.2,95.2,5.0,54,awake,light
2026-08-01T22:07:00Z,SED_003,76.4,32.7,36.56,17.2,95.4,5.0,54,awake,light
2026-08-01T22:08:00Z,SED_003,75.7,33.9,36.68,16.2,95.8,5.0,54,awake,light
2026-08-01T22:09:00Z,SED_003,73.0,31.9,36.74,15.5,95.8,5.0,54,awake,light
2026-08-01T22:10:00Z,SED_003,75.8,34.2,36.7,16.6,95.5,5.0,54,awake,light
2026-08-01T22:11:00Z,SED_003,79.6,30.3,36.31,17.0,95.3,5.0,54,awake,light
2026-08-01T22:12:00Z,SED_003,78.8,30.7,36.62,16.8,95.6,5.0,54,awake,light
2026-08-01T22:13:00Z,SED_003,73.6,35.1,36.73,16.7,96.0,5.0,54,awake,light
2026-08-01T22:14:00Z,SED_003,74.4,32.1,36.5,16.5,95.7,5.0,54,awake,light
2026-08-01T22:15:00Z,SED_003,70.9,32.1,36.59,15.5,95.5,5.0,54,awake,light
2026-08-01T22:16:00Z,SED_003,72.6,33.8,36.73,16.9,95.9,5.0,54,awake,light
2026-08-01T22:17:00Z,SED_003,73.8,33.3,36.65,16.6,95.4,5.0,54,awake,light
2026-08-01T22:18:00Z,SED_003,80.1,29.8,36.57,16.8,95.6,5.0,54,awake,light
2026-08-01T22:19:00Z,SED_003,75.1,32.1,36.66,16.5,95.8,5.0,54,awake,light
2026-08-01T22:20:00Z,SED_003,70.4,37.3,36.54,15.2,95.7,5.0,54,awake,light
2026-08-01T22:21:00Z,SED_003,71.9,29.7,36.55,16.2,95.8,5.0,54,awake,light
2026-08-01T22:22:00Z,SED_003,75.4,31.1,36.54,17.3,95.5,5.0,54,awake,light
2026-08-01T22:23:00Z,SED_003,75.7,30.3,36.46,15.9,95.5,5.0,54,awake,light
2026-08-01T22:24:00Z,SED_003,74.0,33.9,36.68,17.1,96.0,5.0,54,awake,light
2026-08-01T22:25:00Z,SED_003,73.2,36.4,36.51,16.6,95.7,5.0,54,awake,light
2026-08-01T22:26:00Z,SED_003,71.2,34.1,36.73,16.3,95.6,5.0,54,awake,light
2026-08-01T22:27:00Z,SED_003,72.0,34.9,36.4,16.6,95.7,5.0,54,awake,light
2026-08-01T22:28:00Z,SED_003,83.7,27.8,36.6,18.5,95.6,5.0,54,awake,light
2026-08-01T22:29:00Z,SED_003,76.2,35.5,36.67,17.7,95.4,5.0,54,awake,light
2026-08-01T22:30:00Z,SED_003,73.9,31.8,36.68,17.4,96.0,5.0,54,awake,light
2026-08-01T22:31:00Z,SED_003,77.5,31.9,36.77,15.7,95.6,5.0,54,awake,light
2026-08-01T22:32:00Z,SED_003,79.7,32.6,36.56,17.7,95.5,5.0,54,awake,light
2026-08-01T22:33:00Z,SED_003,77.8,33.1,36.62,16.9,95.5,5.0,54,awake,light
2026-08-01T22:34:00Z,SED_003,76.3,31.5,36.69,16.7,95.7,5.0,54,awake,light
2026-08-01T22:35:00Z,SED_003,74.2,34.6,36.46,16.6,95.7,5.0,54,awake,light
2026-08-01T22:36:00Z,SED_003,77.2,29.3,36.27,16.8,95.5,5.0,54,awake,light
2026-08-01T22:37:00Z,SED_003,70.0,32.8,36.46,16.6,95.4,5.0,54,awake,light
2026-08-01T22:38:00Z,SED_003,75.8,32.0,36.44,17.1,96.0,5.0,54,awake,light
2026-08-01T22:39:00Z,SED_003,75.1,31.4,36.57,16.7,95.4,5.0,54,awake,light
2026-08-01T22:40:00Z,SED_003,76.8,31.2,36.68,17.0,95.9,5.0,54,awake,light
2026-08-01T22:41:00Z,SED_003,75.5,33.6,36.48,17.0,95.4,5.0,54,awake,light
2026-08-01T22:42:00Z,SED_003,69.5,37.3,36.65,15.3,95.9,5.0,54,awake,light
2026-08-01T22:43:00Z,SED_003,77.4,29.2,36.55,16.5,95.8,5.0,54,awake,light
2026-08-01T22:44:00Z,SED_003,77.3,32.8,36.54,16.8,95.8,5.0,54,awake,light
2026-08-01T22:45:00Z,SED_003,73.0,32.0,36.56,17.3,95.4,5.0,54,awake,light
2026-08-01T22:46:00Z,SED_003,77.7,33.3,36.55,16.2,95.6,5.0,54,awake,light
2026-08-01T22:47:00Z,SED_003,75.7,33.0,36.61,17.3,95.2,5.0,54,awake,light
2026-08-01T22:48:00Z,SED_003,71.9,34.4,36.67,15.6,95.7,5.0,54,awake,light
2026-08-01T22:49:00Z,SED_003,75.6,34.5,36.47,17.4,95.2,5.0,54,awake,light
2026-08-01T22:50:00Z,SED_003,77.9,34.7,36.53,16.5,95.8,5.0,54,awake,light
2026-08-01T22:51:00Z,SED_003,75.3,31.7,36.65,15.4,95.8,5.0,54,awake,light
2026-08-01T22:52:00Z,SED_003,77.2,33.9,36.69,17.2,95.6,5.0,54,awake,light
2026-08-01T22:53:00Z,SED_003,71.5,35.9,36.68,15.6,95.8,5.0,54,awake,light
2026-08-01T22:54:00Z,SED_003,76.8,32.6,36.66,17.4,95.4,5.0,54,awake,light
2026-08-01T22:55:00Z,SED_003,71.8,33.1,36.62,16.3,95.1,5.0,54,awake,light
2026-08-01T22:56:00Z,SED_003,75.0,29.4,36.56,16.3,95.4,5.0,54,awake,light
2026-08-01T22:57:00Z,SED_003,79.0,28.1,36.56,17.6,95.7,5.0,54,awake,light
2026-08-01T22:58:00Z,SED_003,79.1,33.4,36.48,17.2,95.1,5.0,54,awake,light
2026-08-01T22:59:00Z,SED_003,80.2,33.6,36.54,18.0,95.1,5.0,54,awake,light
2026-08-01T23:00:00Z,SED_003,77.2,31.6,36.57,17.4,95.6,5.0,54,light_sleep,resting
2026-08-01T23:01:00Z,SED_003,73.6,32.4,36.67,16.4,95.9,5.0,54,light_sleep,resting
2026-08-01T23:02:00Z,SED_003,70.9,32.7,36.51,16.0,95.9,5.0,54,light_sleep,resting
2026-08-01T23:03:00Z,SED_003,73.9,36.9,36.58,17.4,95.6,5.0,54,light_sleep,resting
2026-08-01T23:04:00Z,SED_003,74.4,31.7,36.5,16.2,94.7,5.0,54,light_sleep,resting
2026-08-01T23:05:00Z,SED_003,75.7,30.2,36.39,16.4,95.9,5.0,54,light_sleep,resting
2026-08-01T23:06:00Z,SED_003,76.2,30.4,36.53,16.3,95.8,5.0,54,light_sleep,resting
2026-08-01T23:07:00Z,SED_003,76.5,30.3,36.52,16.9,94.9,5.0,54,light_sleep,resting
2026-08-01T23:08:00Z,SED_003,71.7,33.5,36.66,15.7,95.5,5.0,54,light_sleep,resting
2026-08-01T23:09:00Z,SED_003,74.0,36.6,36.55,17.6,95.8,5.0,54,light_sleep,resting
2026-08-01T23:10:00Z,SED_003,75.5,33.4,36.57,16.8,95.8,5.0,54,light_sleep,resting
2026-08-01T23:11:00Z,SED_003,79.1,30.2,36.72,17.5,95.9,5.0,54,light_sleep,resting
2026-08-01T23:12:00Z,SED_003,74.8,35.3,36.55,15.6,95.8,5.0,54,light_sleep,resting
2026-08-01T23:13:00Z,SED_003,77.5,31.0,36.71,17.3,95.7,5.0,54,light_sleep,resting
2026-08-01T23:14:00Z,SED_003,76.5,32.3,36.63,17.2,95.9,5.0,54,light_sleep,resting
2026-08-01T23:15:00Z,SED_003,79.9,30.5,36.48,18.6,95.6,5.0,54,light_sleep,resting
2026-08-01T23:16:00Z,SED_003,75.6,32.2,36.73,16.4,96.0,5.0,54,light_sleep,resting
2026-08-01T23:17:00Z,SED_003,80.0,31.7,36.66,17.0,95.3,5.0,54,light_sleep,resting
2026-08-01T23:18:00Z,SED_003,73.7,30.8,36.69,16.0,95.6,5.0,54,light_sleep,resting
2026-08-01T23:19:00Z,SED_003,73.2,33.6,36.51,16.6,95.9,5.0,54,light_sleep,resting
2026-08-01T23:20:00Z,SED_003,72.5,34.2,36.51,16.5,95.8,5.0,54,light_sleep,resting
2026-08-01T23:21:00Z,SED_003,76.1,31.1,36.66,16.5,95.6,5.0,54,light_sleep,resting
2026-08-01T23:22:00Z,SED_003,77.8,33.1,36.61,16.9,95.4,5.0,54,light_sleep,resting
2026-08-01T23:23:00Z,SED_003,76.4,28.9,36.69,16.5,95.0,5.0,54,light_sleep,resting
2026-08-01T23:24:00Z,SED_003,78.3,30.9,36.58,17.0,95.8,5.0,54,light_sleep,resting
2026-08-01T23:25:00Z,SED_003,77.4,32.1,36.63,16.6,95.6,5.0,54,light_sleep,resting
2026-08-01T23:26:00Z,SED_003,67.8,36.9,36.64,15.8,96.0,5.0,54,light_sleep,resting
2026-08-01T23:27:00Z,SED_003,82.0,28.9,36.63,17.4,95.7,5.0,54,light_sleep,resting
2026-08-01T23:28:00Z,SED_003,75.2,31.4,36.58,17.1,95.5,5.0,54,light_sleep,resting
2026-08-01T23:29:00Z,SED_003,76.3,35.7,36.53,16.3,95.8,5.0,54,light_sleep,resting
2026-08-01T23:30:00Z,SED_003,81.5,27.9,36.72,16.9,95.5,5.0,54,light_sleep,resting
2026-08-01T23:31:00Z,SED_003,80.4,28.1,36.65,17.9,95.6,5.0,54,light_sleep,resting
2026-08-01T23:32:00Z,SED_003,76.2,28.3,36.49,16.4,95.5,5.0,54,light_sleep,resting
2026-08-01T23:33:00Z,SED_003,71.3,37.0,36.64,15.4,95.8,5.0,54,light_sleep,resting
2026-08-01T23:34:00Z,SED_003,78.3,30.8,36.59,17.1,96.0,5.0,54,light_sleep,resting
2026-08-01T23:35:00Z,SED_003,73.3,32.9,36.84,16.5,95.9,5.0,54,light_sleep,resting
2026-08-01T23:36:00Z,SED_003,77.9,32.6,36.67,17.3,95.3,5.0,54,light_sleep,resting
2026-08-01T23:37:00Z,SED_003,75.6,30.7,36.68,16.1,95.0,5.0,54,light_sleep,resting
2026-08-01T23:38:00Z,SED_003,76.4,33.3,36.68,16.9,94.7,5.0,54,light_sleep,resting
2026-08-01T23:39:00Z,SED_003,72.1,33.3,36.5,15.9,95.7,5.0,54,light_sleep,resting
2026-08-01T23:40:00Z,SED_003,80.8,26.9,36.82,17.8,95.8,5.0,54,light_sleep,resting
2026-08-01T23:41:00Z,SED_003,72.6,35.1,36.64,17.0,95.5,5.0,54,light_sleep,resting
2026-08-01T23:42:00Z,SED_003,78.2,31.6,36.72,16.9,95.3,5.0,54,light_sleep,resting
2026-08-01T23:43:00Z,SED_003,77.3,30.4,36.58,16.6,95.0,5.0,54,light_sleep,resting
2026-08-01T23:44:00Z,SED_003,79.4,32.0,36.53,16.7,95.5,5.0,54,light_sleep,resting
2026-08-01T23:45:00Z,SED_003,82.1,30.8,36.54,18.1,95.3,5.0,54,light_sleep,resting
2026-08-01T23:46:00Z,SED_003,72.7,34.7,36.62,16.1,95.3,5.0,54,light_sleep,resting
2026-08-01T23:47:00Z,SED_003,77.2,33.1,36.56,16.8,95.5,5.0,54,light_sleep,resting
2026-08-01T23:48:00Z,SED_003,75.7,33.2,36.65,17.5,95.5,5.0,54,light_sleep,resting
2026-08-01T23:49:00Z,SED_003,83.4,31.6,36.65,18.0,95.7,5.0,54,light_sleep,resting
2026-08-01T23:50:00Z,SED_003,80.0,34.0,36.49,17.5,95.8,5.0,54,light_sleep,resting
2026-08-01T23:51:00Z,SED_003,76.9,32.9,36.69,17.8,95.2,5.0,54,light_sleep,resting
2026-08-01T23:52:00Z,SED_003,74.8,31.7,36.76,16.1,95.9,5.0,54,light_sleep,resting
2026-08-01T23:53:00Z,SED_003,78.0,30.9,36.55,17.0,96.0,5.0,54,light_sleep,resting
2026-08-01T23:54:00Z,SED_003,79.6,32.1,36.48,16.7,96.0,5.0,54,light_sleep,resting
2026-08-01T23:55:00Z,SED_003,76.8,32.1,36.7,17.1,95.5,5.0,54,light_sleep,resting
2026-08-01T23:56:00Z,SED_003,79.1,30.2,36.79,17.1,95.7,5.0,54,light_sleep,resting
2026-08-01T23:57:00Z,SED_003,76.9,32.6,36.53,18.0,95.9,5.0,54,light_sleep,resting
2026-08-01T23:58:00Z,SED_003,75.4,32.3,36.53,16.8,95.8,5.0,54,light_sleep,resting
2026-08-01T23:59:00Z,SED_003,79.7,29.9,36.54,17.0,96.0,5.0,54,light_sleep,resting
2026-08-02T00:00:00Z,SED_003,73.9,34.2,36.66,17.9,95.6,5.0,54,light_sleep,resting
2026-08-02T00:01:00Z,SED_003,80.0,33.4,36.64,17.8,96.0,5.0,54,light_sleep,resting
2026-08-02T00:02:00Z,SED_003,79.9,28.4,36.46,17.2,95.9,5.0,54,light_sleep,resting
2026-08-02T00:03:00Z,SED_003,80.2,28.5,36.71,17.0,95.5,5.0,54,light_sleep,resting
2026-08-02T00:04:00Z,SED_003,73.7,32.9,36.7,16.2,95.8,5.0,54,light_sleep,resting
2026-08-02T00:05:00Z,SED_003,78.3,33.0,36.49,17.5,95.6,5.0,54,light_sleep,resting
2026-08-02T00:06:00Z,SED_003,80.4,33.2,36.74,17.5,95.6,5.0,54,light_sleep,resting
2026-08-02T00:07:00Z,SED_003,83.8,28.3,36.63,17.3,95.7,5.0,54,light_sleep,resting
2026-08-02T00:08:00Z,SED_003,72.6,31.7,36.66,16.4,95.9,5.0,54,light_sleep,resting
2026-08-02T00:09:00Z,SED_003,74.3,30.1,36.43,16.2,95.2,5.0,54,light_sleep,resting
2026-08-02T00:10:00Z,SED_003,77.7,31.9,36.54,16.5,95.6,5.0,54,light_sleep,resting
2026-08-02T00:11:00Z,SED_003,75.4,31.4,36.54,16.2,96.0,5.0,54,light_sleep,resting
2026-08-02T00:12:00Z,SED_003,79.8,33.6,36.71,17.1,94.9,5.0,54,light_sleep,resting
2026-08-02T00:13:00Z,SED_003,78.8,31.3,36.51,17.6,95.6,5.0,54,light_sleep,resting
2026-08-02T00:14:00Z,SED_003,77.4,27.9,36.56,17.3,95.8,5.0,54,light_sleep,resting
2026-08-02T00:15:00Z,SED_003,78.6,33.0,36.41,16.6,95.9,5.0,54,light_sleep,resting
2026-08-02T00:16:00Z,SED_003,78.1,30.0,36.65,16.7,95.7,5.0,54,light_sleep,resting
2026-08-02T00:17:00Z,SED_003,79.5,35.8,36.64,17.6,96.0,5.0,54,light_sleep,resting
2026-08-02T00:18:00Z,SED_003,79.4,28.7,36.8,16.2,95.8,5.0,54,light_sleep,resting
2026-08-02T00:19:00Z,SED_003,77.6,31.5,36.46,17.3,95.8,5.0,54,light_sleep,resting
2026-08-02T00:20:00Z,SED_003,78.1,32.0,36.53,17.7,95.6,5.0,54,light_sleep,resting
2026-08-02T00:21:00Z,SED_003,78.2,32.8,36.71,16.8,95.8,5.0,54,light_sleep,resting
2026-08-02T00:22:00Z,SED_003,77.4,30.8,36.82,16.9,95.8,5.0,54,light_sleep,resting
2026-08-02T00:23:00Z,SED_003,74.9,30.4,36.56,16.9,95.8,5.0,54,light_sleep,resting
2026-08-02T00:24:00Z,SED_003,76.0,31.5,36.51,16.1,95.2,5.0,54,light_sleep,resting
2026-08-02T00:25:00Z,SED_003,77.1,37.5,36.71,17.5,96.0,5.0,54,light_sleep,resting
2026-08-02T00:26:00Z,SED_003,77.1,32.0,36.55,17.0,95.7,5.0,54,light_sleep,resting
2026-08-02T00:27:00Z,SED_003,75.3,36.1,36.61,16.1,95.2,5.0,54,light_sleep,resting
2026-08-02T00:28:00Z,SED_003,76.2,32.2,36.66,16.8,95.5,5.0,54,light_sleep,resting
2026-08-02T00:29:00Z,SED_003,80.7,30.4,36.79,17.0,95.4,5.0,54,light_sleep,resting
2026-08-02T00:30:00Z,SED_003,78.2,30.7,36.54,16.7,96.0,5.0,54,light_sleep,resting
2026-08-02T00:31:00Z,SED_003,82.5,31.1,36.41,18.0,95.4,5.0,54,light_sleep,resting
2026-08-02T00:32:00Z,SED_003,86.0,28.9,36.71,18.4,95.5,5.0,54,light_sleep,resting
2026-08-02T00:33:00Z,SED_003,74.8,33.3,36.58,16.6,95.8,5.0,54,light_sleep,resting
2026-08-02T00:34:00Z,SED_003,78.1,36.5,36.86,17.2,95.4,5.0,54,light_sleep,resting
2026-08-02T00:35:00Z,SED_003,79.5,35.8,36.62,16.4,95.8,5.0,54,light_sleep,resting
2026-08-02T00:36:00Z,SED_003,76.7,29.9,36.79,16.5,95.9,5.0,54,light_sleep,resting
2026-08-02T00:37:00Z,SED_003,78.3,34.8,36.62,17.1,95.5,5.0,54,light_sleep,resting
2026-08-02T00:38:00Z,SED_003,83.1,27.9,36.66,17.0,95.9,5.0,54,light_sleep,resting
2026-08-02T00:39:00Z,SED_003,80.6,33.5,36.32,16.9,95.4,5.0,54,light_sleep,resting
2026-08-02T00:40:00Z,SED_003,76.6,31.6,36.69,17.0,96.0,5.0,54,light_sleep,resting
2026-08-02T00:41:00Z,SED_003,81.2,30.6,36.48,18.0,95.9,5.0,54,light_sleep,resting
2026-08-02T00:42:00Z,SED_003,79.9,29.4,36.71,17.9,96.0,5.0,54,light_sleep,resting
2026-08-02T00:43:00Z,SED_003,76.4,35.0,36.62,16.4,95.6,5.0,54,light_sleep,resting
2026-08-02T00:44:00Z,SED_003,82.1,29.0,36.54,16.3,96.0,5.0,54,light_sleep,resting
2026-08-02T00:45:00Z,SED_003,81.8,33.6,36.61,16.5,95.9,5.0,54,light_sleep,resting
2026-08-02T00:46:00Z,SED_003,80.1,28.8,36.66,17.4,95.3,5.0,54,light_sleep,resting
2026-08-02T00:47:00Z,SED_003,81.3,31.8,36.48,17.9,95.0,5.0,54,light_sleep,resting
2026-08-02T00:48:00Z,SED_003,77.4,34.6,36.59,17.8,95.8,5.0,54,light_sleep,resting
2026-08-02T00:49:00Z,SED_003,80.1,33.2,36.75,17.9,95.5,5.0,54,light_sleep,resting
2026-08-02T00:50:00Z,SED_003,78.5,35.8,36.75,16.4,95.0,5.0,54,light_sleep,resting
2026-08-02T00:51:00Z,SED_003,78.5,34.2,36.61,16.2,95.9,5.0,54,light_sleep,resting
2026-08-02T00:52:00Z,SED_003,86.9,29.6,36.58,17.9,95.9,5.0,54,light_sleep,resting
2026-08-02T00:53:00Z,SED_003,81.3,32.5,36.61,17.7,96.0,5.0,54,light_sleep,resting
2026-08-02T00:54:00Z,SED_003,80.9,32.1,36.7,16.4,96.0,5.0,54,light_sleep,resting
2026-08-02T00:55:00Z,SED_003,79.5,31.4,36.53,17.5,94.7,5.0,54,light_sleep,resting
2026-08-02T00:56:00Z,SED_003,79.7,30.4,36.69,16.8,95.8,5.0,54,light_sleep,resting
2026-08-02T00:57:00Z,SED_003,78.6,31.2,36.6,16.8,95.5,5.0,54,light_sleep,resting
2026-08-02T00:58:00Z,SED_003,77.7,35.3,36.57,16.8,95.8,5.0,54,light_sleep,resting
2026-08-02T00:59:00Z,SED_003,75.3,31.6,36.56,17.3,95.6,5.0,54,light_sleep,resting
2026-08-02T01:00:00Z,SED_003,81.3,31.9,36.55,18.1,95.3,5.0,54,light_sleep,resting
2026-08-02T01:01:00Z,SED_003,76.8,32.0,36.57,17.2,95.9,5.0,54,light_sleep,resting
2026-08-02T01:02:00Z,SED_003,79.8,31.1,36.55,17.6,95.9,5.0,54,light_sleep,resting
2026-08-02T01:03:00Z,SED_003,83.4,28.2,36.74,17.1,95.9,5.0,54,light_sleep,resting
2026-08-02T01:04:00Z,SED_003,83.7,28.7,36.59,16.9,95.4,5.0,54,light_sleep,resting
2026-08-02T01:05:00Z,SED_003,77.9,31.9,36.61,16.9,95.4,5.0,54,light_sleep,resting
2026-08-02T01:06:00Z,SED_003,74.2,30.8,36.45,16.1,95.3,5.0,54,light_sleep,resting
2026-08-02T01:07:00Z,SED_003,82.6,32.9,36.81,18.9,95.8,5.0,54,light_sleep,resting
2026-08-02T01:08:00Z,SED_003,79.3,30.8,36.51,18.4,95.6,5.0,54,light_sleep,resting
2026-08-02T01:09:00Z,SED_003,83.7,34.7,36.42,17.2,95.4,5.0,54,light_sleep,resting
2026-08-02T01:10:00Z,SED_003,79.4,33.1,36.57,17.1,95.8,5.0,54,light_sleep,resting
2026-08-02T01:11:00Z,SED_003,78.0,30.4,36.58,17.0,95.9,5.0,54,light_sleep,resting
2026-08-02T01:12:00Z,SED_003,77.7,29.8,36.54,16.3,95.7,5.0,54,light_sleep,resting
2026-08-02T01:13:00Z,SED_003,84.6,31.5,36.78,17.9,95.9,5.0,54,light_sleep,resting
2026-08-02T01:14:00Z,SED_003,82.1,32.1,36.63,17.8,95.9,5.0,54,light_sleep,resting
2026-08-02T01:15:00Z,SED_003,77.0,36.1,36.4,17.1,95.8,5.0,54,light_sleep,resting
2026-08-02T01:16:00Z,SED_003,78.5,29.9,36.69,17.3,96.0,5.0,54,light_sleep,resting
2026-08-02T01:17:00Z,SED_003,76.9,32.0,36.65,17.4,95.9,5.0,54,light_sleep,resting
2026-08-02T01:18:00Z,SED_003,83.9,29.9,36.52,17.3,95.4,5.0,54,light_sleep,resting
2026-08-02T01:19:00Z,SED_003,75.9,32.7,36.67,16.6,95.8,5.0,54,light_sleep,resting
2026-08-02T01:20:00Z,SED_003,84.8,28.2,36.56,17.7,95.9,5.0,54,light_sleep,resting
2026-08-02T01:21:00Z,SED_003,82.8,31.4,36.74,17.3,95.3,5.0,54,light_sleep,resting
2026-08-02T01:22:00Z,SED_003,89.0,29.7,36.7,17.4,95.7,5.0,54,light_sleep,resting
2026-08-02T01:23:00Z,SED_003,87.5,28.2,36.62,17.5,95.6,5.0,54,light_sleep,resting
2026-08-02T01:24:00Z,SED_003,81.9,30.5,36.44,15.9,95.9,5.0,54,light_sleep,resting
2026-08-02T01:25:00Z,SED_003,82.2,29.1,36.64,17.3,95.3,5.0,54,light_sleep,resting
2026-08-02T01:26:00Z,SED_003,82.4,33.4,36.5,18.0,95.3,5.0,54,light_sleep,resting
2026-08-02T01:27:00Z,SED_003,82.6,30.1,36.47,17.3,95.7,5.0,54,light_sleep,resting
2026-08-02T01:28:00Z,SED_003,78.9,32.0,36.5,17.2,95.8,5.0,54,light_sleep,resting
2026-08-02T01:29:00Z,SED_003,80.1,32.1,36.53,17.3,95.3,5.0,54,light_sleep,resting
2026-08-02T01:30:00Z,SED_003,83.7,31.3,36.53,18.4,95.6,5.0,54,light_sleep,resting
2026-08-02T01:31:00Z,SED_003,79.6,30.9,36.62,17.7,95.7,5.0,54,light_sleep,resting
2026-08-02T01:32:00Z,SED_003,73.3,32.6,36.67,15.4,95.8,5.0,54,light_sleep,resting
2026-08-02T01:33:00Z,SED_003,80.3,33.8,36.56,18.2,95.8,5.0,54,light_sleep,resting
2026-08-02T01:34:00Z,SED_003,81.3,26.9,36.71,17.2,95.5,5.0,54,light_sleep,resting
2026-08-02T01:35:00Z,SED_003,80.1,33.3,36.57,17.1,95.0,5.0,54,light_sleep,resting
2026-08-02T01:36:00Z,SED_003,78.7,31.5,36.4,17.5,95.7,5.0,54,light_sleep,resting
2026-08-02T01:37:00Z,SED_003,77.5,31.8,36.52,16.6,95.4,5.0,54,light_sleep,resting
2026-08-02T01:38:00Z,SED_003,82.1,31.4,36.8,17.0,95.9,5.0,54,light_sleep,resting
2026-08-02T01:39:00Z,SED_003,73.8,32.5,36.59,16.5,94.9,5.0,54,light_sleep,resting
2026-08-02T01:40:00Z,SED_003,83.6,30.4,36.69,17.2,95.9,5.0,54,light_sleep,resting
2026-08-02T01:41:00Z,SED_003,82.0,27.4,36.72,17.7,95.2,5.0,54,light_sleep,resting
2026-08-02T01:42:00Z,SED_003,86.4,32.0,36.42,17.3,95.7,5.0,54,light_sleep,resting
2026-08-02T01:43:00Z,SED_003,81.7,32.6,36.6,17.5,96.0,5.0,54,light_sleep,resting
2026-08-02T01:44:00Z,SED_003,80.5,30.6,36.61,16.9,95.5,5.0,54,light_sleep,resting
2026-08-02T01:45:00Z,SED_003,76.4,33.7,36.69,17.0,95.9,5.0,54,light_sleep,resting
2026-08-02T01:46:00Z,SED_003,82.8,35.7,36.56,17.1,95.7,5.0,54,light_sleep,resting
2026-08-02T01:47:00Z,SED_003,83.3,30.8,36.58,17.8,95.3,5.0,54,light_sleep,resting
2026-08-02T01:48:00Z,SED_003,82.5,31.2,36.54,18.0,95.9,5.0,54,light_sleep,resting
2026-08-02T01:49:00Z,SED_003,82.2,29.9,36.61,16.7,95.3,5.0,54,light_sleep,resting
2026-08-02T01:50:00Z,SED_003,84.6,29.7,36.85,17.2,95.5,5.0,54,light_sleep,resting
2026-08-02T01:51:00Z,SED_003,79.2,34.1,36.4,17.6,95.7,5.0,54,light_sleep,resting
2026-08-02T01:52:00Z,SED_003,83.1,31.4,36.81,17.3,95.4,5.0,54,light_sleep,resting
2026-08-02T01:53:00Z,SED_003,82.6,32.7,36.5,17.4,95.6,5.0,54,light_sleep,resting
2026-08-02T01:54:00Z,SED_003,84.0,27.4,36.44,17.3,95.3,5.0,54,light_sleep,resting
2026-08-02T01:55:00Z,SED_003,82.2,33.2,36.63,17.8,95.7,5.0,54,light_sleep,resting
2026-08-02T01:56:00Z,SED_003,82.2,33.0,36.48,17.0,94.8,5.0,54,light_sleep,resting
2026-08-02T01:57:00Z,SED_003,81.3,29.1,36.57,17.8,95.5,5.0,54,light_sleep,resting
2026-08-02T01:58:00Z,SED_003,76.6,32.7,36.77,15.5,95.9,5.0,54,light_sleep,resting
2026-08-02T01:59:00Z,SED_003,81.5,32.0,36.58,17.4,95.2,5.0,54,light_sleep,resting
2026-08-02T02:00:00Z,SED_003,77.5,31.4,36.54,17.8,95.5,5.0,54,light_sleep,resting
2026-08-02T02:01:00Z,SED_003,81.4,31.4,36.56,17.6,95.7,5.0,54,light_sleep,resting
2026-08-02T02:02:00Z,SED_003,81.1,31.1,36.5,17.6,95.6,5.0,54,light_sleep,resting
2026-08-02T02:03:00Z,SED_003,78.5,33.3,36.55,17.3,95.9,5.0,54,light_sleep,resting
2026-08-02T02:04:00Z,SED_003,79.0,34.1,36.56,17.5,95.6,5.0,54,light_sleep,resting
2026-08-02T02:05:00Z,SED_003,80.3,34.4,36.62,17.3,95.9,5.0,54,light_sleep,resting
2026-08-02T02:06:00Z,SED_003,77.9,30.3,36.54,17.0,95.6,5.0,54,light_sleep,resting
2026-08-02T02:07:00Z,SED_003,86.7,30.8,36.52,16.9,95.9,5.0,54,light_sleep,resting
2026-08-02T02:08:00Z,SED_003,82.1,33.4,36.74,17.7,95.5,5.0,54,light_sleep,resting
2026-08-02T02:09:00Z,SED_003,83.0,33.0,36.64,17.8,95.7,5.0,54,light_sleep,resting
2026-08-02T02:10:00Z,SED_003,82.8,28.7,36.66,17.5,95.7,5.0,54,light_sleep,resting
2026-08-02T02:11:00Z,SED_003,76.7,32.7,36.71,15.5,95.9,5.0,54,light_sleep,resting
2026-08-02T02:12:00Z,SED_003,81.9,30.7,36.45,17.3,95.9,5.0,54,light_sleep,resting
2026-08-02T02:13:00Z,SED_003,82.5,25.1,36.34,18.1,95.3,5.0,54,light_sleep,resting
2026-08-02T02:14:00Z,SED_003,80.6,27.4,36.57,18.0,95.7,5.0,54,light_sleep,resting
2026-08-02T02:15:00Z,SED_003,79.8,32.1,36.54,16.5,94.2,5.0,54,light_sleep,resting
2026-08-02T02:16:00Z,SED_003,80.4,31.5,36.78,17.1,95.7,5.0,54,light_sleep,resting
2026-08-02T02:17:00Z,SED_003,82.5,31.7,36.49,16.3,95.6,5.0,54,light_sleep,resting
2026-08-02T02:18:00Z,SED_003,73.6,31.6,36.53,17.0,95.8,5.0,54,light_sleep,resting
2026-08-02T02:19:00Z,SED_003,88.4,28.0,36.51,16.6,95.9,5.0,54,light_sleep,resting
2026-08-02T02:20:00Z,SED_003,78.6,31.6,36.49,17.4,95.9,5.0,54,light_sleep,resting
2026-08-02T02:21:00Z,SED_003,85.9,30.0,36.4,17.6,95.6,5.0,54,light_sleep,resting
2026-08-02T02:22:00Z,SED_003,82.2,28.8,36.67,17.2,95.9,5.0,54,light_sleep,resting
2026-08-02T02:23:00Z,SED_003,82.9,32.4,36.57,18.0,95.7,5.0,54,light_sleep,resting
2026-08-02T02:24:00Z,SED_003,85.4,29.5,36.66,17.1,95.9,5.0,54,light_sleep,resting
2026-08-02T02:25:00Z,SED_003,80.3,34.3,36.75,17.3,95.6,5.0,54,light_sleep,resting
2026-08-02T02:26:00Z,SED_003,75.3,32.8,36.55,17.4,95.9,5.0,54,light_sleep,resting
2026-08-02T02:27:00Z,SED_003,77.8,30.2,36.52,16.8,95.8,5.0,54,light_sleep,resting
2026-08-02T02:28:00Z,SED_003,84.3,31.6,36.79,17.9,95.7,5.0,54,light_sleep,resting
2026-08-02T02:29:00Z,SED_003,80.8,32.7,36.45,17.0,95.8,5.0,54,light_sleep,resting
2026-08-02T02:30:00Z,SED_003,82.3,31.7,36.79,17.5,95.4,5.0,54,light_sleep,resting
2026-08-02T02:31:00Z,SED_003,83.2,29.8,36.45,17.7,95.7,5.0,54,light_sleep,resting
2026-08-02T02:32:00Z,SED_003,81.1,27.7,36.6,17.3,95.6,5.0,54,light_sleep,resting
2026-08-02T02:33:00Z,SED_003,82.7,32.2,36.64,18.5,95.4,5.0,54,light_sleep,resting
2026-08-02T02:34:00Z,SED_003,84.1,30.9,36.58,18.2,95.8,5.0,54,light_sleep,resting
2026-08-02T02:35:00Z,SED_003,84.3,29.9,36.62,17.7,95.9,5.0,54,light_sleep,resting
2026-08-02T02:36:00Z,SED_003,84.5,26.6,36.55,18.1,95.8,5.0,54,light_sleep,resting
2026-08-02T02:37:00Z,SED_003,78.5,31.3,36.57,16.9,95.6,5.0,54,light_sleep,resting
2026-08-02T02:38:00Z,SED_003,85.6,30.8,36.5,18.1,95.7,5.0,54,light_sleep,resting
2026-08-02T02:39:00Z,SED_003,88.9,29.1,36.59,18.3,95.5,5.0,54,light_sleep,resting
2026-08-02T02:40:00Z,SED_003,82.9,31.4,36.68,17.8,95.6,5.0,54,light_sleep,resting
2026-08-02T02:41:00Z,SED_003,81.6,32.6,36.68,16.8,94.5,5.0,54,light_sleep,resting
2026-08-02T02:42:00Z,SED_003,80.1,32.0,36.55,17.8,95.3,5.0,54,light_sleep,resting
2026-08-02T02:43:00Z,SED_003,77.5,33.0,36.61,17.2,95.9,5.0,54,light_sleep,resting
2026-08-02T02:44:00Z,SED_003,86.2,29.8,36.56,17.5,96.0,5.0,54,light_sleep,resting
2026-08-02T02:45:00Z,SED_003,86.2,31.6,36.51,17.8,95.5,5.0,54,light_sleep,resting
2026-08-02T02:46:00Z,SED_003,86.8,26.0,36.73,17.9,95.5,5.0,54,light_sleep,resting
2026-08-02T02:47:00Z,SED_003,84.7,30.6,36.63,17.7,95.7,5.0,54,light_sleep,resting
2026-08-02T02:48:00Z,SED_003,78.9,27.6,36.48,16.6,95.9,5.0,54,light_sleep,resting
2026-08-02T02:49:00Z,SED_003,90.1,26.5,36.56,17.9,95.7,5.0,54,light_sleep,resting
2026-08-02T02:50:00Z,SED_003,85.1,29.1,36.65,16.9,95.4,5.0,54,light_sleep,resting
2026-08-02T02:51:00Z,SED_003,82.6,29.5,36.46,17.7,95.6,5.0,54,light_sleep,resting
2026-08-02T02:52:00Z,SED_003,84.7,30.8,36.8,17.8,95.5,5.0,54,light_sleep,resting
2026-08-02T02:53:00Z,SED_003,80.0,34.1,36.71,17.0,95.9,5.0,54,light_sleep,resting
2026-08-02T02:54:00Z,SED_003,86.2,27.3,36.66,18.2,95.6,5.0,54,light_sleep,resting
2026-08-02T02:55:00Z,SED_003,86.4,29.0,36.52,17.9,95.8,5.0,54,light_sleep,resting
2026-08-02T02:56:00Z,SED_003,79.2,28.8,36.55,16.6,95.9,5.0,54,light_sleep,resting
2026-08-02T02:57:00Z,SED_003,80.3,32.9,36.41,17.2,95.8,5.0,54,light_sleep,resting
2026-08-02T02:58:00Z,SED_003,78.1,30.3,36.5,17.5,95.6,5.0,54,light_sleep,resting
2026-08-02T02:59:00Z,SED_003,91.0,29.7,36.5,18.9,95.9,5.0,54,light_sleep,resting
2026-08-02T03:00:00Z,SED_003,79.7,30.1,36.64,17.1,95.6,5.0,54,light_sleep,resting
2026-08-02T03:01:00Z,SED_003,89.2,26.9,36.67,16.8,95.9,5.0,54,light_sleep,resting
2026-08-02T03:02:00Z,SED_003,81.8,29.9,36.63,16.7,95.5,5.0,54,light_sleep,resting
2026-08-02T03:03:00Z,SED_003,82.3,27.8,36.52,17.1,95.5,5.0,54,light_sleep,resting
2026-08-02T03:04:00Z,SED_003,81.8,29.0,36.67,16.7,95.8,5.0,54,light_sleep,resting
2026-08-02T03:05:00Z,SED_003,80.6,29.7,36.61,16.5,95.8,5.0,54,light_sleep,resting
2026-08-02T03:06:00Z,SED_003,87.4,30.9,36.62,17.5,95.6,5.0,54,light_sleep,resting
2026-08-02T03:07:00Z,SED_003,82.0,31.8,36.53,17.6,95.4,5.0,54,light_sleep,resting
2026-08-02T03:08:00Z,SED_003,84.6,29.9,36.46,18.3,95.9,5.0,54,light_sleep,resting
2026-08-02T03:09:00Z,SED_003,87.7,26.5,36.73,17.3,95.4,5.0,54,light_sleep,resting
2026-08-02T03:10:00Z,SED_003,85.2,31.1,36.71,17.6,95.3,5.0,54,light_sleep,resting
2026-08-02T03:11:00Z,SED_003,83.3,29.0,36.66,17.5,95.3,5.0,54,light_sleep,resting
2026-08-02T03:12:00Z,SED_003,79.6,31.6,36.62,17.1,95.7,5.0,54,light_sleep,resting
2026-08-02T03:13:00Z,SED_003,87.1,26.2,36.43,18.0,95.3,5.0,54,light_sleep,resting
2026-08-02T03:14:00Z,SED_003,85.2,30.1,36.63,18.6,95.3,5.0,54,light_sleep,resting
2026-08-02T03:15:00Z,SED_003,83.8,32.0,36.81,18.5,95.8,5.0,54,light_sleep,resting
2026-08-02T03:16:00Z,SED_003,80.7,28.4,36.7,16.3,95.9,5.0,54,light_sleep,resting
2026-08-02T03:17:00Z,SED_003,81.7,30.7,36.79,17.7,95.9,5.0,54,light_sleep,resting
2026-08-02T03:18:00Z,SED_003,83.4,32.3,36.45,17.8,95.9,5.0,54,light_sleep,resting
2026-08-02T03:19:00Z,SED_003,80.0,32.7,36.72,16.7,95.3,5.0,54,light_sleep,resting
2026-08-02T03:20:00Z,SED_003,85.9,29.9,36.66,18.7,95.3,5.0,54,light_sleep,resting
2026-08-02T03:21:00Z,SED_003,83.8,28.6,36.61,16.9,95.7,5.0,54,light_sleep,resting
2026-08-02T03:22:00Z,SED_003,85.2,33.4,36.68,18.0,95.0,5.0,54,light_sleep,resting
2026-08-02T03:23:00Z,SED_003,90.8,24.9,36.74,17.7,95.9,5.0,54,light_sleep,resting
2026-08-02T03:24:00Z,SED_003,89.4,28.5,36.74,17.8,95.7,5.0,54,light_sleep,resting
2026-08-02T03:25:00Z,SED_003,86.1,29.6,36.56,19.0,95.8,5.0,54,light_sleep,resting
2026-08-02T03:26:00Z,SED_003,81.0,30.4,36.54,16.9,95.5,5.0,54,light_sleep,resting
2026-08-02T03:27:00Z,SED_003,85.1,25.2,36.47,17.7,95.9,5.0,54,light_sleep,resting
2026-08-02T03:28:00Z,SED_003,84.7,29.2,36.63,18.4,95.1,5.0,54,light_sleep,resting
2026-08-02T03:29:00Z,SED_003,87.0,28.3,36.79,17.8,96.0,5.0,54,light_sleep,resting
2026-08-02T03:30:00Z,SED_003,86.8,26.7,36.69,18.1,96.0,5.0,54,light_sleep,resting
2026-08-02T03:31:00Z,SED_003,82.0,31.4,36.59,16.9,95.8,5.0,54,light_sleep,resting
2026-08-02T03:32:00Z,SED_003,79.2,33.7,36.74,17.0,95.6,5.0,54,light_sleep,resting
2026-08-02T03:33:00Z,SED_003,80.7,30.7,36.41,17.6,96.0,5.0,54,light_sleep,resting
2026-08-02T03:34:00Z,SED_003,86.0,29.8,36.65,17.3,95.3,5.0,54,light_sleep,resting
2026-08-02T03:35:00Z,SED_003,83.8,32.2,36.65,18.7,95.9,5.0,54,light_sleep,resting
2026-08-02T03:36:00Z,SED_003,86.2,25.7,36.52,16.9,95.6,5.0,54,light_sleep,resting
2026-08-02T03:37:00Z,SED_003,82.0,30.4,36.84,16.8,95.5,5.0,54,light_sleep,resting
2026-08-02T03:38:00Z,SED_003,83.7,31.3,36.69,17.3,95.8,5.0,54,light_sleep,resting
2026-08-02T03:39:00Z,SED_003,83.6,30.2,36.71,17.5,95.8,5.0,54,light_sleep,resting
2026-08-02T03:40:00Z,SED_003,83.5,30.3,36.61,16.9,95.8,5.0,54,light_sleep,resting
2026-08-02T03:41:00Z,SED_003,85.4,31.0,36.73,18.7,95.4,5.0,54,light_sleep,resting
2026-08-02T03:42:00Z,SED_003,86.0,29.7,36.62,18.0,96.0,5.0,54,light_sleep,resting
2026-08-02T03:43:00Z,SED_003,82.5,32.2,36.62,17.3,95.7,5.0,54,light_sleep,resting
2026-08-02T03:44:00Z,SED_003,78.8,34.9,36.6,17.8,95.8,5.0,54,light_sleep,resting
2026-08-02T03:45:00Z,SED_003,81.2,31.5,36.62,16.5,95.9,5.0,54,light_sleep,resting
2026-08-02T03:46:00Z,SED_003,81.9,30.4,36.53,18.0,95.4,5.0,54,light_sleep,resting
2026-08-02T03:47:00Z,SED_003,84.9,30.0,36.61,17.6,95.4,5.0,54,light_sleep,resting
2026-08-02T03:48:00Z,SED_003,80.7,32.1,36.57,16.9,95.6,5.0,54,light_sleep,resting
2026-08-02T03:49:00Z,SED_003,84.0,30.2,36.62,17.5,95.8,5.0,54,light_sleep,resting
2026-08-02T03:50:00Z,SED_003,84.6,28.9,36.57,17.7,95.8,5.0,54,light_sleep,resting
2026-08-02T03:51:00Z,SED_003,85.3,29.9,36.52,17.7,95.9,5.0,54,light_sleep,resting
2026-08-02T03:52:00Z,SED_003,84.9,29.5,36.49,18.1,95.3,5.0,54,light_sleep,resting
2026-08-02T03:53:00Z,SED_003,87.6,32.7,36.41,17.6,95.7,5.0,54,light_sleep,resting
2026-08-02T03:54:00Z,SED_003,83.6,27.5,36.47,18.0,95.6,5.0,54,light_sleep,resting
2026-08-02T03:55:00Z,SED_003,76.8,30.2,36.6,16.8,96.0,5.0,54,light_sleep,resting
2026-08-02T03:56:00Z,SED_003,84.5,29.0,36.66,18.3,95.3,5.0,54,light_sleep,resting
2026-08-02T03:57:00Z,SED_003,82.2,29.0,36.73,17.2,95.3,5.0,54,light_sleep,resting
2026-08-02T03:58:00Z,SED_003,91.8,28.5,36.56,17.9,95.3,5.0,54,light_sleep,resting
2026-08-02T03:59:00Z,SED_003,82.6,28.4,36.71,17.1,95.8,5.0,54,light_sleep,resting
2026-08-02T04:00:00Z,SED_003,87.7,31.8,36.41,17.2,95.6,5.0,54,light_sleep,resting
2026-08-02T04:01:00Z,SED_003,88.3,29.7,36.75,18.7,95.5,5.0,54,light_sleep,resting
2026-08-02T04:02:00Z,SED_003,84.0,32.1,36.63,18.7,95.3,5.0,54,light_sleep,resting
2026-08-02T04:03:00Z,SED_003,86.5,30.3,36.6,18.5,95.9,5.0,54,light_sleep,resting
2026-08-02T04:04:00Z,SED_003,89.6,29.7,36.72,17.8,95.0,5.0,54,light_sleep,resting
2026-08-02T04:05:00Z,SED_003,83.4,29.0,36.8,18.1,95.8,5.0,54,light_sleep,resting
2026-08-02T04:06:00Z,SED_003,83.5,31.7,36.42,17.7,96.0,5.0,54,light_sleep,resting
2026-08-02T04:07:00Z,SED_003,88.4,24.7,36.6,18.5,95.6,5.0,54,light_sleep,resting
2026-08-02T04:08:00Z,SED_003,79.3,32.1,36.6,18.1,95.8,5.0,54,light_sleep,resting
2026-08-02T04:09:00Z,SED_003,89.4,24.4,36.67,17.7,95.6,5.0,54,light_sleep,resting
2026-08-02T04:10:00Z,SED_003,84.6,28.8,36.75,18.2,94.9,5.0,54,light_sleep,resting
2026-08-02T04:11:00Z,SED_003,86.4,30.2,36.55,16.9,95.7,5.0,54,light_sleep,resting
2026-08-02T04:12:00Z,SED_003,91.0,27.0,36.58,18.3,96.0,5.0,54,light_sleep,resting
2026-08-02T04:13:00Z,SED_003,88.1,31.8,36.67,17.8,96.0,5.0,54,light_sleep,resting
2026-08-02T04:14:00Z,SED_003,82.0,26.3,36.65,16.8,95.9,5.0,54,light_sleep,resting
2026-08-02T04:15:00Z,SED_003,81.7,34.9,36.76,17.7,95.6,5.0,54,light_sleep,resting
2026-08-02T04:16:00Z,SED_003,84.2,26.9,36.55,17.3,95.6,5.0,54,light_sleep,resting
2026-08-02T04:17:00Z,SED_003,87.6,29.3,36.51,18.3,95.6,5.0,54,light_sleep,resting
2026-08-02T04:18:00Z,SED_003,89.6,29.8,36.68,17.9,95.9,5.0,54,light_sleep,resting
2026-08-02T04:19:00Z,SED_003,84.9,26.8,36.51,18.5,95.2,5.0,54,light_sleep,resting
2026-08-02T04:20:00Z,SED_003,89.5,31.3,36.61,17.3,95.4,5.0,54,light_sleep,resting
2026-08-02T04:21:00Z,SED_003,87.0,25.8,36.54,17.4,95.8,5.0,54,light_sleep,resting
2026-08-02T04:22:00Z,SED_003,84.6,30.8,36.52,18.1,95.8,5.0,54,light_sleep,resting
2026-08-02T04:23:00Z,SED_003,86.9,27.6,36.67,17.4,95.8,5.0,54,light_sleep,resting
2026-08-02T04:24:00Z,SED_003,86.0,28.4,36.56,17.5,95.9,5.0,54,light_sleep,resting
2026-08-02T04:25:00Z,SED_003,87.0,24.2,36.74,17.6,94.9,5.0,54,light_sleep,resting
2026-08-02T04:26:00Z,SED_003,87.5,29.9,36.67,17.5,95.9,5.0,54,light_sleep,resting
2026-08-02T04:27:00Z,SED_003,85.0,30.4,36.6,17.3,95.2,5.0,54,light_sleep,resting
2026-08-02T04:28:00Z,SED_003,81.5,28.6,36.69,17.4,95.6,5.0,54,light_sleep,resting
2026-08-02T04:29:00Z,SED_003,85.1,31.7,36.54,18.0,95.1,5.0,54,light_sleep,resting
2026-08-02T04:30:00Z,SED_003,81.7,32.0,36.73,17.9,96.0,5.0,54,light_sleep,resting
2026-08-02T04:31:00Z,SED_003,82.3,30.7,36.48,17.0,96.0,5.0,54,light_sleep,resting
2026-08-02T04:32:00Z,SED_003,80.8,31.2,36.35,17.6,95.5,5.0,54,light_sleep,resting
2026-08-02T04:33:00Z,SED_003,84.4,30.0,36.68,18.0,95.6,5.0,54,light_sleep,resting
2026-08-02T04:34:00Z,SED_003,87.0,32.4,36.6,17.1,95.8,5.0,54,light_sleep,resting
2026-08-02T04:35:00Z,SED_003,90.0,27.8,36.72,19.1,95.8,5.0,54,light_sleep,resting
2026-08-02T04:36:00Z,SED_003,83.0,32.0,36.51,16.8,95.7,5.0,54,light_sleep,resting
2026-08-02T04:37:00Z,SED_003,90.3,26.3,36.65,18.9,95.7,5.0,54,light_sleep,resting
2026-08-02T04:38:00Z,SED_003,84.3,31.3,36.45,17.7,94.9,5.0,54,light_sleep,resting
2026-08-02T04:39:00Z,SED_003,83.2,33.0,36.47,17.4,96.0,5.0,54,light_sleep,resting
2026-08-02T04:40:00Z,SED_003,83.4,31.5,36.79,17.7,96.0,5.0,54,light_sleep,resting
2026-08-02T04:41:00Z,SED_003,82.8,30.5,36.65,17.1,95.8,5.0,54,light_sleep,resting
2026-08-02T04:42:00Z,SED_003,84.4,33.2,36.69,18.1,95.8,5.0,54,light_sleep,resting
2026-08-02T04:43:00Z,SED_003,85.2,31.0,36.67,17.8,95.4,5.0,54,light_sleep,resting
2026-08-02T04:44:00Z,SED_003,84.2,29.1,36.59,18.1,95.7,5.0,54,light_sleep,resting
2026-08-02T04:45:00Z,SED_003,82.7,26.0,36.66,16.9,95.8,5.0,54,light_sleep,resting
2026-08-02T04:46:00Z,SED_003,82.5,31.5,36.43,17.6,95.8,5.0,54,light_sleep,resting
2026-08-02T04:47:00Z,SED_003,87.1,27.9,36.74,18.3,95.7,5.0,54,light_sleep,resting
2026-08-02T04:48:00Z,SED_003,84.3,31.3,36.55,17.9,94.9,5.0,54,light_sleep,resting
2026-08-02T04:49:00Z,SED_003,84.3,28.8,36.54,17.8,95.7,5.0,54,light_sleep,resting
2026-08-02T04:50:00Z,SED_003,88.0,29.9,36.51,17.2,95.3,5.0,54,light_sleep,resting
2026-08-02T04:51:00Z,SED_003,86.1,28.7,36.48,17.4,95.7,5.0,54,light_sleep,resting
2026-08-02T04:52:00Z,SED_003,86.2,32.3,36.61,17.0,95.6,5.0,54,light_sleep,resting
2026-08-02T04:53:00Z,SED_003,88.7,25.3,36.54,18.4,95.9,5.0,54,light_sleep,resting
2026-08-02T04:54:00Z,SED_003,90.7,25.2,36.59,17.6,95.5,5.0,54,light_sleep,resting
2026-08-02T04:55:00Z,SED_003,87.9,28.4,36.36,17.9,95.3,5.0,54,light_sleep,resting
2026-08-02T04:56:00Z,SED_003,86.0,30.7,36.44,17.8,96.0,5.0,54,light_sleep,resting
2026-08-02T04:57:00Z,SED_003,91.9,26.6,36.63,17.9,95.2,5.0,54,light_sleep,resting
2026-08-02T04:58:00Z,SED_003,83.1,29.4,36.53,17.0,95.5,5.0,54,light_sleep,resting
2026-08-02T04:59:00Z,SED_003,86.0,32.4,36.57,18.2,95.3,5.0,54,light_sleep,resting
2026-08-02T05:00:00Z,SED_003,86.8,32.5,36.48,17.9,95.6,5.0,54,light_sleep,resting
2026-08-02T05:01:00Z,SED_003,82.2,32.3,36.5,17.2,95.5,5.0,54,light_sleep,resting
2026-08-02T05:02:00Z,SED_003,85.1,29.0,36.35,17.8,95.1,5.0,54,light_sleep,resting
2026-08-02T05:03:00Z,SED_003,89.8,26.7,36.45,17.8,95.6,5.0,54,light_sleep,resting
2026-08-02T05:04:00Z,SED_003,89.4,28.7,36.63,17.1,95.8,5.0,54,light_sleep,resting
2026-08-02T05:05:00Z,SED_003,85.7,30.6,36.75,18.3,95.8,5.0,54,light_sleep,resting
2026-08-02T05:06:00Z,SED_003,87.9,32.8,36.59,17.7,95.8,5.0,54,light_sleep,resting
2026-08-02T05:07:00Z,SED_003,85.7,30.5,36.53,18.1,95.7,5.0,54,light_sleep,resting
2026-08-02T05:08:00Z,SED_003,86.3,28.1,36.7,17.3,95.9,5.0,54,light_sleep,resting
2026-08-02T05:09:00Z,SED_003,84.8,28.0,36.62,17.4,96.0,5.0,54,light_sleep,resting
2026-08-02T05:10:00Z,SED_003,83.2,30.3,36.52,17.2,95.7,5.0,54,light_sleep,resting
2026-08-02T05:11:00Z,SED_003,83.5,32.5,36.59,17.8,96.0,5.0,54,light_sleep,resting
2026-08-02T05:12:00Z,SED_003,88.8,31.4,36.64,17.4,95.8,5.0,54,light_sleep,resting
2026-08-02T05:13:00Z,SED_003,86.5,28.1,36.75,18.1,95.8,5.0,54,light_sleep,resting
2026-08-02T05:14:00Z,SED_003,89.5,31.7,36.65,17.6,96.0,5.0,54,light_sleep,resting
2026-08-02T05:15:00Z,SED_003,81.7,30.6,36.4,16.4,95.6,5.0,54,light_sleep,resting
2026-08-02T05:16:00Z,SED_003,84.4,27.1,36.53,17.0,95.8,5.0,54,light_sleep,resting
2026-08-02T05:17:00Z,SED_003,85.4,30.2,36.59,18.6,95.5,5.0,54,light_sleep,resting
2026-08-02T05:18:00Z,SED_003,88.1,27.9,36.63,17.5,95.6,5.0,54,light_sleep,resting
2026-08-02T05:19:00Z,SED_003,86.3,29.1,36.62,17.6,96.0,5.0,54,light_sleep,resting
2026-08-02T05:20:00Z,SED_003,86.2,28.8,36.67,18.2,95.7,5.0,54,light_sleep,resting
2026-08-02T05:21:00Z,SED_003,88.8,28.3,36.49,17.8,95.2,5.0,54,light_sleep,resting
2026-08-02T05:22:00Z,SED_003,87.1,27.4,36.81,17.3,95.4,5.0,54,light_sleep,resting
2026-08-02T05:23:00Z,SED_003,87.9,32.7,36.76,17.7,95.5,5.0,54,light_sleep,resting
2026-08-02T05:24:00Z,SED_003,79.5,33.2,36.63,16.7,95.8,5.0,54,light_sleep,resting
2026-08-02T05:25:00Z,SED_003,84.1,32.2,36.84,17.1,95.5,5.0,54,light_sleep,resting
2026-08-02T05:26:00Z,SED_003,85.1,26.0,36.62,18.2,95.8,5.0,54,light_sleep,resting
2026-08-02T05:27:00Z,SED_003,86.1,31.8,36.56,18.0,95.2,5.0,54,light_sleep,resting
2026-08-02T05:28:00Z,SED_003,83.7,32.0,36.49,17.4,95.3,5.0,54,light_sleep,resting
2026-08-02T05:29:00Z,SED_003,84.4,31.0,36.69,17.8,95.5,5.0,54,light_sleep,resting
2026-08-02T05:30:00Z,SED_003,86.2,30.5,36.43,17.4,96.0,5.0,54,light_sleep,resting
2026-08-02T05:31:00Z,SED_003,89.5,32.0,36.64,18.4,95.3,5.0,54,light_sleep,resting
2026-08-02T05:32:00Z,SED_003,84.0,30.5,36.69,18.1,95.7,5.0,54,light_sleep,resting
2026-08-02T05:33:00Z,SED_003,86.0,27.2,36.46,18.0,95.8,5.0,54,light_sleep,resting
2026-08-02T05:34:00Z,SED_003,83.2,34.2,36.74,17.6,95.5,5.0,54,light_sleep,resting
2026-08-02T05:35:00Z,SED_003,86.2,30.5,36.56,18.0,95.6,5.0,54,light_sleep,resting
2026-08-02T05:36:00Z,SED_003,83.2,30.8,36.76,17.1,95.7,5.0,54,light_sleep,resting
2026-08-02T05:37:00Z,SED_003,85.6,29.8,36.65,18.2,95.3,5.0,54,light_sleep,resting
2026-08-02T05:38:00Z,SED_003,85.9,27.8,36.75,18.6,95.8,5.0,54,light_sleep,resting
2026-08-02T05:39:00Z,SED_003,85.2,33.9,36.61,17.2,95.8,5.0,54,light_sleep,resting
2026-08-02T05:40:00Z,SED_003,83.4,29.5,36.6,17.5,95.8,5.0,54,light_sleep,resting
2026-08-02T05:41:00Z,SED_003,88.3,30.7,36.44,17.7,95.5,5.0,54,light_sleep,resting
2026-08-02T05:42:00Z,SED_003,81.9,33.2,36.49,17.8,95.8,5.0,54,light_sleep,resting
2026-08-02T05:43:00Z,SED_003,83.1,33.0,36.55,17.3,95.8,5.0,54,light_sleep,resting
2026-08-02T05:44:00Z,SED_003,87.9,25.7,36.71,17.3,95.6,5.0,54,light_sleep,resting
2026-08-02T05:45:00Z,SED_003,84.4,28.7,36.6,17.1,95.5,5.0,54,light_sleep,resting
2026-08-02T05:46:00Z,SED_003,85.6,32.0,36.76,17.7,95.9,5.0,54,light_sleep,resting
2026-08-02T05:47:00Z,SED_003,87.6,29.4,36.55,18.8,95.9,5.0,54,light_sleep,resting
2026-08-02T05:48:00Z,SED_003,86.7,26.5,36.46,17.4,96.0,5.0,54,light_sleep,resting
2026-08-02T05:49:00Z,SED_003,82.4,32.5,36.37,17.2,95.9,5.0,54,light_sleep,resting
2026-08-02T05:50:00Z,SED_003,87.4,29.8,36.62,17.6,95.9,5.0,54,light_sleep,resting
2026-08-02T05:51:00Z,SED_003,84.1,31.5,36.6,17.4,95.9,5.0,54,light_sleep,resting
2026-08-02T05:52:00Z,SED_003,87.5,31.1,36.55,17.5,95.8,5.0,54,light_sleep,resting
2026-08-02T05:53:00Z,SED_003,89.1,25.3,36.47,17.4,95.7,5.0,54,light_sleep,resting
2026-08-02T05:54:00Z,SED_003,81.4,29.2,36.39,17.4,95.6,5.0,54,light_sleep,resting
2026-08-02T05:55:00Z,SED_003,83.8,32.6,36.46,18.5,95.3,5.0,54,light_sleep,resting
2026-08-02T05:56:00Z,SED_003,81.9,30.7,36.56,17.5,95.2,5.0,54,light_sleep,resting
2026-08-02T05:57:00Z,SED_003,88.6,28.9,36.62,18.2,95.5,5.0,54,light_sleep,resting
2026-08-02T05:58:00Z,SED_003,88.6,26.8,36.63,17.1,95.9,5.0,54,light_sleep,resting
2026-08-02T05:59:00Z,SED_003,91.0,28.8,36.67,18.2,95.2,5.0,54,light_sleep,resting
2026-08-02T06:00:00Z,SED_003,83.1,32.2,36.7,17.4,96.0,5.0,54,light_sleep,resting
2026-08-02T06:01:00Z,SED_003,85.8,27.3,36.68,17.8,95.6,5.0,54,light_sleep,resting
2026-08-02T06:02:00Z,SED_003,80.2,29.8,36.6,17.8,94.9,5.0,54,light_sleep,resting
2026-08-02T06:03:00Z,SED_003,87.3,27.4,36.65,17.5,95.9,5.0,54,light_sleep,resting
2026-08-02T06:04:00Z,SED_003,90.3,25.7,36.76,17.6,95.5,5.0,54,light_sleep,resting
2026-08-02T06:05:00Z,SED_003,86.3,31.1,36.81,18.4,95.7,5.0,54,light_sleep,resting
2026-08-02T06:06:00Z,SED_003,86.2,30.8,36.56,17.8,95.7,5.0,54,light_sleep,resting
2026-08-02T06:07:00Z,SED_003,85.0,29.0,36.52,17.7,95.0,5.0,54,light_sleep,resting
2026-08-02T06:08:00Z,SED_003,87.4,29.3,36.5,18.0,96.0,5.0,54,light_sleep,resting
2026-08-02T06:09:00Z,SED_003,84.0,29.0,36.67,17.3,95.8,5.0,54,light_sleep,resting
2026-08-02T06:10:00Z,SED_003,82.4,32.5,36.57,17.1,95.8,5.0,54,light_sleep,resting
2026-08-02T06:11:00Z,SED_003,84.7,29.0,36.54,18.1,95.8,5.0,54,light_sleep,resting
2026-08-02T06:12:00Z,SED_003,83.2,34.7,36.68,18.2,96.0,5.0,54,light_sleep,resting
2026-08-02T06:13:00Z,SED_003,79.9,31.3,36.67,16.6,95.9,5.0,54,light_sleep,resting
2026-08-02T06:14:00Z,SED_003,83.3,33.2,36.5,17.7,95.6,5.0,54,light_sleep,resting
2026-08-02T06:15:00Z,SED_003,84.2,32.8,36.69,17.6,95.9,5.0,54,light_sleep,resting
2026-08-02T06:16:00Z,SED_003,78.8,31.4,36.58,16.3,95.6,5.0,54,light_sleep,resting
2026-08-02T06:17:00Z,SED_003,85.0,31.1,36.45,17.8,95.7,5.0,54,light_sleep,resting
2026-08-02T06:18:00Z,SED_003,81.5,32.4,36.49,17.0,95.3,5.0,54,light_sleep,resting
2026-08-02T06:19:00Z,SED_003,91.1,28.6,36.57,17.6,95.3,5.0,54,light_sleep,resting
2026-08-02T06:20:00Z,SED_003,86.8,27.0,36.6,18.0,95.2,5.0,54,light_sleep,resting
2026-08-02T06:21:00Z,SED_003,84.2,29.8,36.68,17.0,95.6,5.0,54,light_sleep,resting
2026-08-02T06:22:00Z,SED_003,80.0,31.3,36.57,16.7,95.4,5.0,54,light_sleep,resting
2026-08-02T06:23:00Z,SED_003,84.0,28.9,36.45,17.7,95.9,5.0,54,light_sleep,resting
2026-08-02T06:24:00Z,SED_003,86.0,27.9,36.38,17.9,95.9,5.0,54,light_sleep,resting
2026-08-02T06:25:00Z,SED_003,87.1,28.3,36.54,18.0,95.6,5.0,54,light_sleep,resting
2026-08-02T06:26:00Z,SED_003,80.0,32.1,36.55,15.8,95.6,5.0,54,light_sleep,resting
2026-08-02T06:27:00Z,SED_003,87.3,30.3,36.51,17.8,95.9,5.0,54,light_sleep,resting
2026-08-02T06:28:00Z,SED_003,90.8,29.3,36.55,18.0,95.1,5.0,54,light_sleep,resting
2026-08-02T06:29:00Z,SED_003,85.4,25.8,36.66,17.3,96.0,5.0,54,light_sleep,resting
2026-08-02T06:30:00Z,SED_003,83.9,33.7,36.37,17.8,95.6,5.0,54,light_sleep,resting
2026-08-02T06:31:00Z,SED_003,85.6,29.3,36.55,18.1,96.0,5.0,54,light_sleep,resting
2026-08-02T06:32:00Z,SED_003,83.3,27.2,36.59,17.1,95.7,5.0,54,light_sleep,resting
2026-08-02T06:33:00Z,SED_003,86.9,30.5,36.6,17.6,95.3,5.0,54,light_sleep,resting
2026-08-02T06:34:00Z,SED_003,82.9,27.9,36.54,17.6,95.7,5.0,54,light_sleep,resting
2026-08-02T06:35:00Z,SED_003,85.9,29.7,36.39,17.5,95.7,5.0,54,light_sleep,resting
2026-08-02T06:36:00Z,SED_003,78.3,33.5,36.67,16.5,95.4,5.0,54,light_sleep,resting
2026-08-02T06:37:00Z,SED_003,92.1,26.2,36.49,18.5,95.7,5.0,54,light_sleep,resting
2026-08-02T06:38:00Z,SED_003,82.9,31.3,36.73,18.1,95.8,5.0,54,light_sleep,resting
2026-08-02T06:39:00Z,SED_003,93.6,29.3,36.53,19.2,95.2,5.0,54,light_sleep,resting
2026-08-02T06:40:00Z,SED_003,86.2,29.3,36.63,18.0,95.6,5.0,54,light_sleep,resting
2026-08-02T06:41:00Z,SED_003,82.9,32.0,36.57,18.6,95.7,5.0,54,light_sleep,resting
2026-08-02T06:42:00Z,SED_003,77.9,29.3,36.48,16.9,95.8,5.0,54,light_sleep,resting
2026-08-02T06:43:00Z,SED_003,84.7,26.2,36.69,18.6,95.4,5.0,54,light_sleep,resting
2026-08-02T06:44:00Z,SED_003,90.3,26.6,36.68,18.3,95.1,5.0,54,light_sleep,resting
2026-08-02T06:45:00Z,SED_003,91.3,26.6,36.54,19.0,95.6,5.0,54,light_sleep,resting
2026-08-02T06:46:00Z,SED_003,86.8,31.0,36.66,17.8,95.5,5.0,54,light_sleep,resting
2026-08-02T06:47:00Z,SED_003,83.1,30.2,36.57,17.3,95.7,5.0,54,light_sleep,resting
2026-08-02T06:48:00Z,SED_003,81.4,32.0,36.5,17.9,95.9,5.0,54,light_sleep,resting
2026-08-02T06:49:00Z,SED_003,86.7,29.6,36.51,17.2,95.0,5.0,54,light_sleep,resting
2026-08-02T06:50:00Z,SED_003,86.0,28.0,36.59,18.0,95.5,5.0,54,light_sleep,resting
2026-08-02T06:51:00Z,SED_003,85.4,30.8,36.57,17.3,95.9,5.0,54,light_sleep,resting
2026-08-02T06:52:00Z,SED_003,87.7,25.6,36.34,17.6,95.4,5.0,54,light_sleep,resting
2026-08-02T06:53:00Z,SED_003,89.1,28.0,36.6,18.7,95.9,5.0,54,light_sleep,resting
2026-08-02T06:54:00Z,SED_003,86.1,29.8,36.42,18.6,95.6,5.0,54,light_sleep,resting
2026-08-02T06:55:00Z,SED_003,92.1,27.8,36.52,18.5,96.0,5.0,54,light_sleep,resting
2026-08-02T06:56:00Z,SED_003,87.5,30.1,36.63,18.1,95.7,5.0,54,light_sleep,resting
2026-08-02T06:57:00Z,SED_003,87.4,29.8,36.49,17.6,95.5,5.0,54,light_sleep,resting
2026-08-02T06:58:00Z,SED_003,84.9,30.2,36.73,17.5,95.8,5.0,54,light_sleep,resting
2026-08-02T06:59:00Z,SED_003,84.3,29.7,36.82,18.0,95.4,5.0,54,light_sleep,resting
2026-08-02T07:00:00Z,SED_003,88.5,23.1,36.53,18.8,95.3,5.0,54,awake,light
2026-08-02T07:01:00Z,SED_003,81.8,28.3,36.79,17.4,95.9,5.0,54,awake,light
2026-08-02T07:02:00Z,SED_003,86.9,32.5,36.7,18.2,95.9,5.0,54,awake,light
2026-08-02T07:03:00Z,SED_003,85.6,27.3,36.48,18.3,95.9,5.0,54,awake,light
2026-08-02T07:04:00Z,SED_003,80.2,29.9,36.53,17.0,95.7,5.0,54,awake,light
2026-08-02T07:05:00Z,SED_003,88.6,29.8,36.53,19.2,95.5,5.0,54,awake,light
2026-08-02T07:06:00Z,SED_003,84.8,27.8,36.6,16.9,95.9,5.0,54,awake,light
2026-08-02T07:07:00Z,SED_003,86.4,32.5,36.62,17.7,95.2,5.0,54,awake,light
2026-08-02T07:08:00Z,SED_003,88.7,32.4,36.68,18.1,95.4,5.0,54,awake,light
2026-08-02T07:09:00Z,SED_003,90.6,27.0,36.36,17.7,95.7,5.0,54,awake,light
2026-08-02T07:10:00Z,SED_003,83.9,33.4,36.56,17.6,95.8,5.0,54,awake,light
2026-08-02T07:11:00Z,SED_003,82.5,29.0,36.54,17.7,95.8,5.0,54,awake,light
2026-08-02T07:12:00Z,SED_003,81.8,32.3,36.57,17.0,94.9,5.0,54,awake,light
2026-08-02T07:13:00Z,SED_003,85.7,31.0,36.58,17.9,95.8,5.0,54,awake,light
2026-08-02T07:14:00Z,SED_003,82.9,29.2,36.65,18.5,95.9,5.0,54,awake,light
2026-08-02T07:15:00Z,SED_003,93.5,25.3,36.77,17.9,95.6,5.0,54,awake,light
2026-08-02T07:16:00Z,SED_003,88.2,29.2,36.6,18.2,95.3,5.0,54,awake,light
2026-08-02T07:17:00Z,SED_003,82.2,32.3,36.64,16.9,95.5,5.0,54,awake,light
2026-08-02T07:18:00Z,SED_003,79.2,30.9,36.36,17.4,95.6,5.0,54,awake,light
2026-08-02T07:19:00Z,SED_003,85.4,29.5,36.57,17.4,95.7,5.0,54,awake,light
2026-08-02T07:20:00Z,SED_003,83.2,26.7,36.79,17.8,95.9,5.0,54,awake,light
2026-08-02T07:21:00Z,SED_003,82.2,29.6,36.66,16.6,95.6,5.0,54,awake,light
2026-08-02T07:22:00Z,SED_003,83.8,30.2,36.72,17.6,94.8,5.0,54,awake,light
2026-08-02T07:23:00Z,SED_003,87.8,31.7,36.51,18.1,95.1,5.0,54,awake,light
2026-08-02T07:24:00Z,SED_003,83.9,31.0,36.41,17.2,95.3,5.0,54,awake,light
2026-08-02T07:25:00Z,SED_003,82.9,27.6,36.65,17.4,95.7,5.0,54,awake,light
2026-08-02T07:26:00Z,SED_003,83.1,27.9,36.78,17.4,95.7,5.0,54,awake,light
2026-08-02T07:27:00Z,SED_003,85.3,27.3,36.62,16.5,95.7,5.0,54,awake,light
2026-08-02T07:28:00Z,SED_003,79.1,33.2,36.53,17.7,95.8,5.0,54,awake,light
2026-08-02T07:29:00Z,SED_003,87.9,27.3,36.65,18.6,95.2,5.0,54,awake,light
2026-08-02T07:30:00Z,SED_003,85.1,30.1,36.62,16.8,95.8,5.0,54,awake,light
2026-08-02T07:31:00Z,SED_003,91.6,24.7,36.67,18.5,96.0,5.0,54,awake,light
2026-08-02T07:32:00Z,SED_003,80.8,29.0,36.54,17.5,95.7,5.0,54,awake,light
2026-08-02T07:33:00Z,SED_003,84.3,31.2,36.47,18.1,95.0,5.0,54,awake,light
2026-08-02T07:34:00Z,SED_003,86.9,30.2,36.58,17.0,95.7,5.0,54,awake,light
2026-08-02T07:35:00Z,SED_003,86.7,29.1,36.52,18.3,95.2,5.0,54,awake,light
2026-08-02T07:36:00Z,SED_003,84.3,28.8,36.49,18.1,95.4,5.0,54,awake,light
2026-08-02T07:37:00Z,SED_003,85.1,26.5,36.55,18.3,95.8,5.0,54,awake,light
2026-08-02T07:38:00Z,SED_003,89.0,26.8,36.37,18.4,95.9,5.0,54,awake,light
2026-08-02T07:39:00Z,SED_003,86.7,31.9,36.73,18.2,95.4,5.0,54,awake,light
2026-08-02T07:40:00Z,SED_003,84.6,32.1,36.74,18.1,95.9,5.0,54,awake,light
2026-08-02T07:41:00Z,SED_003,81.8,31.4,36.57,17.1,95.4,5.0,54,awake,light
2026-08-02T07:42:00Z,SED_003,87.6,28.9,36.61,18.5,95.7,5.0,54,awake,light
2026-08-02T07:43:00Z,SED_003,90.2,31.1,36.52,18.5,95.5,5.0,54,awake,light
2026-08-02T07:44:00Z,SED_003,79.1,29.9,36.62,17.8,95.8,5.0,54,awake,light
2026-08-02T07:45:00Z,SED_003,88.0,31.5,36.74,17.8,95.5,5.0,54,awake,light
2026-08-02T07:46:00Z,SED_003,77.5,34.8,36.66,16.5,95.5,5.0,54,awake,light
2026-08-02T07:47:00Z,SED_003,85.7,26.4,36.64,17.8,95.8,5.0,54,awake,light
2026-08-02T07:48:00Z,SED_003,86.2,28.8,36.69,17.5,95.6,5.0,54,awake,light
2026-08-02T07:49:00Z,SED_003,80.4,32.9,36.51,18.3,95.9,5.0,54,awake,light
2026-08-02T07:50:00Z,SED_003,85.8,33.0,36.68,17.9,95.3,5.0,54,awake,light
2026-08-02T07:51:00Z,SED_003,85.6,26.5,36.72,17.4,95.6,5.0,54,awake,light
2026-08-02T07:52:00Z,SED_003,87.2,29.3,36.71,18.3,95.0,5.0,54,awake,light
2026-08-02T07:53:00Z,SED_003,85.0,28.5,36.55,17.8,96.0,5.0,54,awake,light
2026-08-02T07:54:00Z,SED_003,80.5,31.7,36.59,17.2,95.2,5.0,54,awake,light
2026-08-02T07:55:00Z,SED_003,85.4,28.0,36.65,17.4,95.7,5.0,54,awake,light
2026-08-02T07:56:00Z,SED_003,86.5,27.8,36.56,17.4,95.7,5.0,54,awake,light
2026-08-02T07:57:00Z,SED_003,86.7,28.6,36.54,18.6,95.0,5.0,54,awake,light
2026-08-02T07:58:00Z,SED_003,83.5,30.9,36.57,16.9,95.1,5.0,54,awake,light
2026-08-02T07:59:00Z,SED_003,86.9,27.7,36.77,17.2,95.7,5.0,54,awake,light
2026-08-02T08:00:00Z,SED_003,84.2,32.3,36.69,18.4,96.0,5.0,54,awake,light
2026-08-02T08:01:00Z,SED_003,85.9,29.7,36.58,17.7,95.7,5.0,54,awake,light
2026-08-02T08:02:00Z,SED_003,80.7,30.8,36.75,16.9,95.7,5.0,54,awake,light
2026-08-02T08:03:00Z,SED_003,83.3,32.0,36.65,18.5,95.6,5.0,54,awake,light
2026-08-02T08:04:00Z,SED_003,84.0,30.7,36.48,17.5,95.9,5.0,54,awake,light
2026-08-02T08:05:00Z,SED_003,86.2,29.6,36.53,17.4,95.5,5.0,54,awake,light
2026-08-02T08:06:00Z,SED_003,84.4,27.3,36.62,18.5,95.8,5.0,54,awake,light
2026-08-02T08:07:00Z,SED_003,84.7,31.8,36.77,17.7,95.3,5.0,54,awake,light
2026-08-02T08:08:00Z,SED_003,82.5,30.7,36.72,17.8,95.9,5.0,54,awake,light
2026-08-02T08:09:00Z,SED_003,84.5,32.8,36.84,18.1,95.7,5.0,54,awake,light
2026-08-02T08:10:00Z,SED_003,89.1,29.7,36.59,18.6,95.4,5.0,54,awake,light
2026-08-02T08:11:00Z,SED_003,85.7,29.9,36.48,18.2,95.6,5.0,54,awake,light
2026-08-02T08:12:00Z,SED_003,82.1,31.3,36.53,16.5,94.8,5.0,54,awake,light
2026-08-02T08:13:00Z,SED_003,82.7,30.6,36.83,17.8,95.3,5.0,54,awake,light
2026-08-02T08:14:00Z,SED_003,78.1,31.1,36.65,17.1,95.6,5.0,54,awake,light
2026-08-02T08:15:00Z,SED_003,86.3,24.5,36.75,17.5,95.6,5.0,54,awake,light
2026-08-02T08:16:00Z,SED_003,82.2,27.8,36.65,17.3,95.9,5.0,54,awake,light
2026-08-02T08:17:00Z,SED_003,86.1,28.9,36.57,17.5,95.7,5.0,54,awake,light
2026-08-02T08:18:00Z,SED_003,86.1,31.0,36.42,17.8,95.1,5.0,54,awake,light
2026-08-02T08:19:00Z,SED_003,83.6,34.3,36.44,17.1,95.8,5.0,54,awake,light
2026-08-02T08:20:00Z,SED_003,87.7,32.1,36.46,16.9,95.8,5.0,54,awake,light
2026-08-02T08:21:00Z,SED_003,86.9,26.9,36.34,17.8,95.3,5.0,54,awake,light
2026-08-02T08:22:00Z,SED_003,85.6,28.5,36.58,17.3,95.2,5.0,54,awake,light
2026-08-02T08:23:00Z,SED_003,80.6,28.3,36.62,17.0,94.7,5.0,54,awake,light
2026-08-02T08:24:00Z,SED_003,88.4,27.0,36.68,17.5,95.5,5.0,54,awake,light
2026-08-02T08:25:00Z,SED_003,86.5,31.7,36.57,17.5,96.0,5.0,54,awake,light
2026-08-02T08:26:00Z,SED_003,86.5,33.6,36.52,17.4,95.4,5.0,54,awake,light
2026-08-02T08:27:00Z,SED_003,84.7,28.8,36.42,17.8,95.7,5.0,54,awake,light
2026-08-02T08:28:00Z,SED_003,91.9,28.2,36.75,17.5,95.2,5.0,54,awake,light
2026-08-02T08:29:00Z,SED_003,87.9,24.2,36.83,18.6,95.7,5.0,54,awake,light
2026-08-02T08:30:00Z,SED_003,87.9,24.9,36.5,18.5,95.8,5.0,54,awake,light
2026-08-02T08:31:00Z,SED_003,78.8,33.2,36.76,17.7,96.0,5.0,54,awake,light
2026-08-02T08:32:00Z,SED_003,77.6,33.6,36.6,16.8,96.0,5.0,54,awake,light
2026-08-02T08:33:00Z,SED_003,86.1,32.3,36.46,17.8,95.9,5.0,54,awake,light
2026-08-02T08:34:00Z,SED_003,88.7,31.7,36.68,18.0,95.9,5.0,54,awake,light
2026-08-02T08:35:00Z,SED_003,90.0,29.1,36.4,17.7,95.7,5.0,54,awake,light
2026-08-02T08:36:00Z,SED_003,85.0,28.6,36.48,17.5,95.1,5.0,54,awake,light
2026-08-02T08:37:00Z,SED_003,83.1,30.5,36.52,16.8,95.4,5.0,54,awake,light
2026-08-02T08:38:00Z,SED_003,81.1,28.3,36.75,17.8,95.1,5.0,54,awake,light
2026-08-02T08:39:00Z,SED_003,87.6,31.7,36.58,18.9,95.2,5.0,54,awake,light
2026-08-02T08:40:00Z,SED_003,82.0,29.8,36.63,17.2,95.8,5.0,54,awake,light
2026-08-02T08:41:00Z,SED_003,80.3,32.1,36.54,17.7,95.5,5.0,54,awake,light
2026-08-02T08:42:00Z,SED_003,87.4,29.4,36.56,17.9,95.7,5.0,54,awake,light
2026-08-02T08:43:00Z,SED_003,87.1,26.9,36.45,18.0,95.3,5.0,54,awake,light
2026-08-02T08:44:00Z,SED_003,83.4,34.9,36.58,17.5,95.6,5.0,54,awake,light
2026-08-02T08:45:00Z,SED_003,90.1,29.3,36.61,17.7,95.9,5.0,54,awake,light
2026-08-02T08:46:00Z,SED_003,85.6,33.9,36.74,17.2,95.7,5.0,54,awake,light
2026-08-02T08:47:00Z,SED_003,84.1,29.4,36.62,17.9,95.8,5.0,54,awake,light
2026-08-02T08:48:00Z,SED_003,84.0,32.7,36.64,17.7,95.6,5.0,54,awake,light
2026-08-02T08:49:00Z,SED_003,83.3,35.6,36.58,17.4,95.9,5.0,54,awake,light
2026-08-02T08:50:00Z,SED_003,86.0,29.0,36.5,17.4,95.7,5.0,54,awake,light
2026-08-02T08:51:00Z,SED_003,82.1,28.7,36.8,16.4,95.9,5.0,54,awake,light
2026-08-02T08:52:00Z,SED_003,82.7,32.7,36.52,17.3,95.5,5.0,54,awake,light
2026-08-02T08:53:00Z,SED_003,84.2,29.3,36.56,18.2,96.0,5.0,54,awake,light
2026-08-02T08:54:00Z,SED_003,79.1,33.2,36.5,17.6,95.5,5.0,54,awake,light
2026-08-02T08:55:00Z,SED_003,81.8,31.6,36.56,17.0,95.8,5.0,54,awake,light
2026-08-02T08:56:00Z,SED_003,87.7,27.5,36.58,17.7,95.6,5.0,54,awake,light
2026-08-02T08:57:00Z,SED_003,82.6,32.9,36.68,18.2,95.8,5.0,54,awake,light
2026-08-02T08:58:00Z,SED_003,79.2,30.5,36.87,16.8,94.9,5.0,54,awake,light
2026-08-02T08:59:00Z,SED_003,85.2,32.2,36.64,18.3,95.9,5.0,54,awake,light
2026-08-02T09:00:00Z,SED_003,81.9,26.7,36.65,17.2,95.7,5.0,54,awake,light
2026-08-02T09:01:00Z,SED_003,80.7,30.8,36.55,18.0,95.4,5.0,54,awake,light
2026-08-02T09:02:00Z,SED_003,86.1,30.2,36.46,17.4,96.0,5.0,54,awake,light
2026-08-02T09:03:00Z,SED_003,91.8,27.8,36.35,19.2,95.9,5.0,54,awake,light
2026-08-02T09:04:00Z,SED_003,80.1,32.1,36.71,16.8,95.8,5.0,54,awake,light
2026-08-02T09:05:00Z,SED_003,82.1,30.3,36.64,17.0,95.5,5.0,54,awake,light
2026-08-02T09:06:00Z,SED_003,83.8,31.3,36.62,17.9,94.5,5.0,54,awake,light
2026-08-02T09:07:00Z,SED_003,86.7,26.0,36.67,17.8,95.8,5.0,54,awake,light
2026-08-02T09:08:00Z,SED_003,82.3,30.4,36.62,17.5,95.8,5.0,54,awake,light
2026-08-02T09:09:00Z,SED_003,84.7,31.3,36.48,17.5,95.0,5.0,54,awake,light
2026-08-02T09:10:00Z,SED_003,85.8,31.3,36.38,18.0,95.1,5.0,54,awake,light
2026-08-02T09:11:00Z,SED_003,83.2,32.0,36.65,17.9,95.9,5.0,54,awake,light
2026-08-02T09:12:00Z,SED_003,78.1,32.9,36.48,17.5,95.7,5.0,54,awake,light
2026-08-02T09:13:00Z,SED_003,80.8,27.5,36.73,17.6,95.8,5.0,54,awake,light
2026-08-02T09:14:00Z,SED_003,85.6,28.4,36.81,17.8,95.9,5.0,54,awake,light
2026-08-02T09:15:00Z,SED_003,79.3,31.4,36.52,16.7,95.4,5.0,54,awake,light
2026-08-02T09:16:00Z,SED_003,83.7,29.0,36.76,17.8,95.7,5.0,54,awake,light
2026-08-02T09:17:00Z,SED_003,86.4,29.2,36.5,18.7,95.4,5.0,54,awake,light
2026-08-02T09:18:00Z,SED_003,83.4,33.6,36.57,17.8,95.5,5.0,54,awake,light
2026-08-02T09:19:00Z,SED_003,81.8,28.8,36.64,17.5,95.3,5.0,54,awake,light
2026-08-02T09:20:00Z,SED_003,79.9,32.4,36.62,16.1,95.9,5.0,54,awake,light
2026-08-02T09:21:00Z,SED_003,79.1,30.4,36.69,16.9,95.1,5.0,54,awake,light
2026-08-02T09:22:00Z,SED_003,85.7,28.8,36.69,16.9,95.1,5.0,54,awake,light
2026-08-02T09:23:00Z,SED_003,80.3,30.8,36.56,16.8,95.9,5.0,54,awake,light
2026-08-02T09:24:00Z,SED_003,82.6,30.9,36.67,17.5,95.5,5.0,54,awake,light
2026-08-02T09:25:00Z,SED_003,90.0,27.3,36.68,18.1,95.1,5.0,54,awake,light
2026-08-02T09:26:00Z,SED_003,80.3,28.4,36.35,17.0,95.6,5.0,54,awake,light
2026-08-02T09:27:00Z,SED_003,77.6,29.1,36.48,16.2,95.7,5.0,54,awake,light
2026-08-02T09:28:00Z,SED_003,82.9,30.9,36.59,17.2,96.0,5.0,54,awake,light
2026-08-02T09:29:00Z,SED_003,79.6,34.8,36.63,17.7,95.2,5.0,54,awake,light
2026-08-02T09:30:00Z,SED_003,90.5,27.0,36.44,18.7,95.9,5.0,54,awake,light
2026-08-02T09:31:00Z,SED_003,78.4,31.5,36.45,17.3,95.4,5.0,54,awake,light
2026-08-02T09:32:00Z,SED_003,81.1,35.5,36.69,18.8,95.6,5.0,54,awake,light
2026-08-02T09:33:00Z,SED_003,77.7,31.9,36.76,16.6,95.7,5.0,54,awake,light
2026-08-02T09:34:00Z,SED_003,82.7,30.2,36.48,18.2,95.8,5.0,54,awake,light
2026-08-02T09:35:00Z,SED_003,79.2,33.3,36.65,16.4,95.9,5.0,54,awake,light
2026-08-02T09:36:00Z,SED_003,85.4,31.6,36.68,18.4,95.9,5.0,54,awake,light
2026-08-02T09:37:00Z,SED_003,87.9,29.9,36.5,17.8,95.4,5.0,54,awake,light
2026-08-02T09:38:00Z,SED_003,80.3,32.6,36.58,17.3,95.6,5.0,54,awake,light
2026-08-02T09:39:00Z,SED_003,83.5,32.3,36.61,17.3,95.7,5.0,54,awake,light
2026-08-02T09:40:00Z,SED_003,82.6,29.7,36.63,16.8,95.9,5.0,54,awake,light
2026-08-02T09:41:00Z,SED_003,84.3,26.9,36.56,17.6,95.1,5.0,54,awake,light
2026-08-02T09:42:00Z,SED_003,85.3,29.8,36.6,17.7,95.7,5.0,54,awake,light
2026-08-02T09:43:00Z,SED_003,82.3,29.0,36.7,17.1,95.7,5.0,54,awake,light
2026-08-02T09:44:00Z,SED_003,84.7,28.7,36.6,17.8,95.6,5.0,54,awake,light
2026-08-02T09:45:00Z,SED_003,85.6,30.4,36.52,18.1,95.5,5.0,54,awake,light
2026-08-02T09:46:00Z,SED_003,85.8,28.8,36.48,16.7,95.0,5.0,54,awake,light
2026-08-02T09:47:00Z,SED_003,83.1,27.7,36.66,17.3,95.8,5.0,54,awake,light
2026-08-02T09:48:00Z,SED_003,83.0,35.1,36.62,17.9,95.7,5.0,54,awake,light
2026-08-02T09:49:00Z,SED_003,84.5,29.7,36.67,17.7,95.9,5.0,54,awake,light
2026-08-02T09:50:00Z,SED_003,81.9,31.7,36.44,17.6,95.9,5.0,54,awake,light
2026-08-02T09:51:00Z,SED_003,85.1,28.5,36.43,18.6,95.3,5.0,54,awake,light
2026-08-02T09:52:00Z,SED_003,80.5,34.2,36.53,17.5,95.6,5.0,54,awake,light
2026-08-02T09:53:00Z,SED_003,78.4,30.6,36.55,16.4,95.6,5.0,54,awake,light
2026-08-02T09:54:00Z,SED_003,81.0,30.5,36.73,18.4,95.9,5.0,54,awake,light
2026-08-02T09:55:00Z,SED_003,84.0,29.3,36.61,17.3,95.7,5.0,54,awake,light
2026-08-02T09:56:00Z,SED_003,80.6,30.9,36.58,18.1,95.2,5.0,54,awake,light
2026-08-02T09:57:00Z,SED_003,82.6,32.9,36.56,18.1,95.7,5.0,54,awake,light
2026-08-02T09:58:00Z,SED_003,81.7,28.8,36.56,17.4,95.4,5.0,54,awake,light
2026-08-02T09:59:00Z,SED_003,80.3,32.0,36.65,17.5,95.9,5.0,54,awake,light
2026-08-02T10:00:00Z,SED_003,83.3,28.4,36.72,18.4,95.7,5.0,54,awake,light
2026-08-02T10:01:00Z,SED_003,78.9,30.3,36.65,17.3,95.7,5.0,54,awake,light
2026-08-02T10:02:00Z,SED_003,84.4,31.8,36.49,17.2,95.9,5.0,54,awake,light
2026-08-02T10:03:00Z,SED_003,78.2,32.8,36.53,15.9,95.9,5.0,54,awake,light
2026-08-02T10:04:00Z,SED_003,78.7,33.1,36.62,17.2,95.6,5.0,54,awake,light
2026-08-02T10:05:00Z,SED_003,78.2,32.4,36.63,17.8,95.5,5.0,54,awake,light
2026-08-02T10:06:00Z,SED_003,83.8,30.2,36.45,17.7,96.0,5.0,54,awake,light
2026-08-02T10:07:00Z,SED_003,77.5,32.0,36.62,17.0,96.0,5.0,54,awake,light
2026-08-02T10:08:00Z,SED_003,81.1,31.6,36.61,16.9,95.7,5.0,54,awake,light
2026-08-02T10:09:00Z,SED_003,77.9,31.8,36.67,16.9,95.7,5.0,54,awake,light
2026-08-02T10:10:00Z,SED_003,80.1,33.3,36.7,17.2,95.8,5.0,54,awake,light
2026-08-02T10:11:00Z,SED_003,78.6,29.9,36.54,18.0,95.5,5.0,54,awake,light
2026-08-02T10:12:00Z,SED_003,83.6,33.0,36.57,17.3,95.9,5.0,54,awake,light
2026-08-02T10:13:00Z,SED_003,88.0,26.4,36.67,17.9,95.5,5.0,54,awake,light
2026-08-02T10:14:00Z,SED_003,78.3,32.8,36.62,17.7,96.0,5.0,54,awake,light
2026-08-02T10:15:00Z,SED_003,84.3,30.6,36.64,17.2,95.8,5.0,54,awake,light
2026-08-02T10:16:00Z,SED_003,77.9,34.4,36.61,17.2,95.8,5.0,54,awake,light
2026-08-02T10:17:00Z,SED_003,85.2,33.8,36.59,17.7,95.5,5.0,54,awake,light
2026-08-02T10:18:00Z,SED_003,79.8,33.3,36.67,16.4,96.0,5.0,54,awake,light
2026-08-02T10:19:00Z,SED_003,76.7,34.1,36.81,16.8,95.6,5.0,54,awake,light
2026-08-02T10:20:00Z,SED_003,80.7,28.5,36.75,17.6,95.8,5.0,54,awake,light
2026-08-02T10:21:00Z,SED_003,78.6,34.1,36.65,17.8,95.2,5.0,54,awake,light
2026-08-02T10:22:00Z,SED_003,80.3,34.4,36.47,16.8,95.7,5.0,54,awake,light
2026-08-02T10:23:00Z,SED_003,83.3,30.1,36.65,18.2,95.2,5.0,54,awake,light
2026-08-02T10:24:00Z,SED_003,82.6,31.1,36.6,17.0,95.6,5.0,54,awake,light
2026-08-02T10:25:00Z,SED_003,75.7,29.5,36.26,16.0,95.6,5.0,54,awake,light
2026-08-02T10:26:00Z,SED_003,82.0,31.2,36.55,16.7,95.6,5.0,54,awake,light
2026-08-02T10:27:00Z,SED_003,81.7,28.5,36.5,18.4,95.4,5.0,54,awake,light
2026-08-02T10:28:00Z,SED_003,83.8,29.0,36.63,18.0,96.0,5.0,54,awake,light
2026-08-02T10:29:00Z,SED_003,81.2,33.4,36.51,17.2,95.8,5.0,54,awake,light
2026-08-02T10:30:00Z,SED_003,76.8,31.5,36.46,16.9,95.8,5.0,54,awake,light
2026-08-02T10:31:00Z,SED_003,80.8,31.6,36.56,17.4,95.7,5.0,54,awake,light
2026-08-02T10:32:00Z,SED_003,79.7,28.2,36.62,17.3,95.2,5.0,54,awake,light
2026-08-02T10:33:00Z,SED_003,81.5,32.0,36.54,17.6,96.0,5.0,54,awake,light
2026-08-02T10:34:00Z,SED_003,83.2,27.6,36.46,17.8,95.6,5.0,54,awake,light
2026-08-02T10:35:00Z,SED_003,81.3,30.5,36.56,17.6,96.0,5.0,54,awake,light
2026-08-02T10:36:00Z,SED_003,80.0,33.0,36.63,16.7,95.9,5.0,54,awake,light
2026-08-02T10:37:00Z,SED_003,82.8,26.9,36.42,17.1,95.2,5.0,54,awake,light
2026-08-02T10:38:00Z,SED_003,74.7,33.2,36.65,16.5,95.6,5.0,54,awake,light
2026-08-02T10:39:00Z,SED_003,84.1,29.5,36.46,16.9,95.4,5.0,54,awake,light
2026-08-02T10:40:00Z,SED_003,78.3,34.0,36.64,17.3,95.9,5.0,54,awake,light
2026-08-02T10:41:00Z,SED_003,86.5,29.8,36.7,18.0,95.2,5.0,54,awake,light
2026-08-02T10:42:00Z,SED_003,87.1,29.2,36.7,17.6,95.5,5.0,54,awake,light
2026-08-02T10:43:00Z,SED_003,77.5,32.6,36.56,17.9,95.5,5.0,54,awake,light
2026-08-02T10:44:00Z,SED_003,79.5,31.1,36.65,16.3,95.8,5.0,54,awake,light
2026-08-02T10:45:00Z,SED_003,80.2,30.3,36.51,16.8,96.0,5.0,54,awake,light
2026-08-02T10:46:00Z,SED_003,79.6,30.5,36.63,17.5,95.9,5.0,54,awake,light
2026-08-02T10:47:00Z,SED_003,81.8,29.8,36.66,17.7,96.0,5.0,54,awake,light
2026-08-02T10:48:00Z,SED_003,79.8,31.1,36.54,16.6,95.9,5.0,54,awake,light
2026-08-02T10:49:00Z,SED_003,79.3,30.8,36.55,17.3,95.9,5.0,54,awake,light
2026-08-02T10:50:00Z,SED_003,79.9,33.5,36.69,16.4,94.8,5.0,54,awake,light
2026-08-02T10:51:00Z,SED_003,82.0,28.8,36.69,17.4,95.5,5.0,54,awake,light
2026-08-02T10:52:00Z,SED_003,81.6,29.1,36.53,16.8,95.5,5.0,54,awake,light
2026-08-02T10:53:00Z,SED_003,81.4,28.6,36.71,17.6,95.9,5.0,54,awake,light
2026-08-02T10:54:00Z,SED_003,82.2,32.1,36.73,17.0,95.9,5.0,54,awake,light
2026-08-02T10:55:00Z,SED_003,84.7,33.7,36.72,18.2,95.9,5.0,54,awake,light
2026-08-02T10:56:00Z,SED_003,87.2,27.8,36.5,17.7,95.7,5.0,54,awake,light
2026-08-02T10:57:00Z,SED_003,79.2,34.9,36.63,16.8,95.2,5.0,54,awake,light
2026-08-02T10:58:00Z,SED_003,81.7,31.5,36.6,17.7,95.9,5.0,54,awake,light
2026-08-02T10:59:00Z,SED_003,78.0,34.9,36.78,17.7,95.4,5.0,54,awake,light
2026-08-02T11:00:00Z,SED_003,80.2,28.5,36.64,17.8,95.1,5.0,54,awake,light
2026-08-02T11:01:00Z,SED_003,82.0,29.2,36.64,16.5,95.6,5.0,54,awake,light
2026-08-02T11:02:00Z,SED_003,81.6,32.2,36.73,18.2,96.0,5.0,54,awake,light
2026-08-02T11:03:00Z,SED_003,80.0,28.6,36.73,17.2,95.8,5.0,54,awake,light
2026-08-02T11:04:00Z,SED_003,80.6,30.9,36.51,16.9,95.6,5.0,54,awake,light
2026-08-02T11:05:00Z,SED_003,79.0,34.1,36.56,17.3,95.1,5.0,54,awake,light
2026-08-02T11:06:00Z,SED_003,77.0,33.9,36.64,17.3,95.7,5.0,54,awake,light
2026-08-02T11:07:00Z,SED_003,77.4,35.3,36.73,17.2,95.3,5.0,54,awake,light
2026-08-02T11:08:00Z,SED_003,83.4,28.8,36.64,17.7,95.8,5.0,54,awake,light
2026-08-02T11:09:00Z,SED_003,77.3,32.0,36.57,17.0,95.8,5.0,54,awake,light
2026-08-02T11:10:00Z,SED_003,75.6,31.3,36.54,16.3,95.6,5.0,54,awake,light
2026-08-02T11:11:00Z,SED_003,78.2,34.0,36.83,17.0,95.7,5.0,54,awake,light
2026-08-02T11:12:00Z,SED_003,87.1,30.7,36.54,17.4,95.5,5.0,54,awake,light
2026-08-02T11:13:00Z,SED_003,74.6,33.5,36.57,16.9,95.6,5.0,54,awake,light
2026-08-02T11:14:00Z,SED_003,73.7,31.9,36.58,16.2,95.8,5.0,54,awake,light
2026-08-02T11:15:00Z,SED_003,78.1,30.9,36.69,17.6,95.7,5.0,54,awake,light
2026-08-02T11:16:00Z,SED_003,82.4,31.2,36.58,17.8,95.8,5.0,54,awake,light
2026-08-02T11:17:00Z,SED_003,78.3,32.4,36.53,16.9,95.7,5.0,54,awake,light
2026-08-02T11:18:00Z,SED_003,77.8,31.2,36.58,17.5,95.8,5.0,54,awake,light
2026-08-02T11:19:00Z,SED_003,78.0,33.1,36.56,16.8,95.2,5.0,54,awake,light
2026-08-02T11:20:00Z,SED_003,79.9,29.9,36.55,17.8,95.8,5.0,54,awake,light
2026-08-02T11:21:00Z,SED_003,76.3,31.6,36.75,16.9,95.5,5.0,54,awake,light
2026-08-02T11:22:00Z,SED_003,78.7,29.4,36.71,17.2,95.9,5.0,54,awake,light
2026-08-02T11:23:00Z,SED_003,79.8,27.8,36.51,17.1,95.0,5.0,54,awake,light
2026-08-02T11:24:00Z,SED_003,74.7,31.8,36.71,16.9,95.1,5.0,54,awake,light
2026-08-02T11:25:00Z,SED_003,76.4,32.5,36.79,17.0,95.6,5.0,54,awake,light
2026-08-02T11:26:00Z,SED_003,83.2,30.3,36.62,17.0,95.6,5.0,54,awake,light
2026-08-02T11:27:00Z,SED_003,81.6,31.5,36.53,18.2,95.5,5.0,54,awake,light
2026-08-02T11:28:00Z,SED_003,76.4,29.8,36.51,17.4,95.6,5.0,54,awake,light
2026-08-02T11:29:00Z,SED_003,80.6,35.2,36.36,17.3,95.7,5.0,54,awake,light
2026-08-02T11:30:00Z,SED_003,77.4,27.4,36.52,17.5,94.8,5.0,54,awake,light
2026-08-02T11:31:00Z,SED_003,71.5,35.3,36.5,16.1,95.1,5.0,54,awake,light
2026-08-02T11:32:00Z,SED_003,81.3,28.7,36.65,17.8,94.7,5.0,54,awake,light
2026-08-02T11:33:00Z,SED_003,78.9,29.0,36.67,17.6,95.8,5.0,54,awake,light
2026-08-02T11:34:00Z,SED_003,81.2,28.4,36.65,17.7,95.4,5.0,54,awake,light
2026-08-02T11:35:00Z,SED_003,81.3,29.4,36.54,17.6,95.5,5.0,54,awake,light
2026-08-02T11:36:00Z,SED_003,75.1,31.9,36.58,16.5,96.0,5.0,54,awake,light
2026-08-02T11:37:00Z,SED_003,79.4,31.5,36.68,17.3,95.4,5.0,54,awake,light
2026-08-02T11:38:00Z,SED_003,82.6,26.9,36.67,18.1,95.3,5.0,54,awake,light
2026-08-02T11:39:00Z,SED_003,81.7,30.9,36.6,17.2,95.6,5.0,54,awake,light
2026-08-02T11:40:00Z,SED_003,75.8,33.3,36.62,16.5,95.7,5.0,54,awake,light
2026-08-02T11:41:00Z,SED_003,81.4,28.3,36.72,16.7,95.6,5.0,54,awake,light
2026-08-02T11:42:00Z,SED_003,81.4,30.1,36.59,17.4,95.4,5.0,54,awake,light
2026-08-02T11:43:00Z,SED_003,75.9,29.4,36.57,17.2,95.7,5.0,54,awake,light
2026-08-02T11:44:00Z,SED_003,78.3,31.7,36.73,17.8,95.7,5.0,54,awake,light
2026-08-02T11:45:00Z,SED_003,80.7,31.8,36.57,17.8,95.4,5.0,54,awake,light
2026-08-02T11:46:00Z,SED_003,78.9,31.0,36.61,18.1,95.6,5.0,54,awake,light
2026-08-02T11:47:00Z,SED_003,77.0,28.9,36.74,17.6,95.9,5.0,54,awake,light
2026-08-02T11:48:00Z,SED_003,79.3,30.0,36.61,17.3,95.6,5.0,54,awake,light
2026-08-02T11:49:00Z,SED_003,83.2,31.1,36.65,17.9,95.6,5.0,54,awake,light
2026-08-02T11:50:00Z,SED_003,77.8,32.7,36.62,16.2,96.0,5.0,54,awake,light
2026-08-02T11:51:00Z,SED_003,82.2,30.9,36.63,17.5,95.7,5.0,54,awake,light
2026-08-02T11:52:00Z,SED_003,75.6,32.6,36.64,16.1,95.7,5.0,54,awake,light
2026-08-02T11:53:00Z,SED_003,77.0,32.0,36.58,17.1,95.5,5.0,54,awake,light
2026-08-02T11:54:00Z,SED_003,78.9,31.5,36.49,17.1,95.4,5.0,54,awake,light
2026-08-02T11:55:00Z,SED_003,80.8,33.9,36.69,16.4,95.5,5.0,54,awake,light
2026-08-02T11:56:00Z,SED_003,83.4,29.4,36.6,17.3,95.8,5.0,54,awake,light
2026-08-02T11:57:00Z,SED_003,83.0,32.1,36.69,18.0,95.5,5.0,54,awake,light
2026-08-02T11:58:00Z,SED_003,75.0,33.9,36.7,16.0,95.8,5.0,54,awake,light
2026-08-02T11:59:00Z,SED_003,78.0,33.5,36.6,16.8,95.9,5.0,54,awake,light
2026-08-02T12:00:00Z,SED_003,78.8,33.6,36.6,16.4,96.0,5.0,54,awake,light
2026-08-02T12:01:00Z,SED_003,76.6,35.5,36.54,17.3,95.8,5.0,54,awake,light
2026-08-02T12:02:00Z,SED_003,83.9,31.2,36.64,17.5,95.9,5.0,54,awake,light
2026-08-02T12:03:00Z,SED_003,83.1,31.9,36.62,17.7,95.2,5.0,54,awake,light
2026-08-02T12:04:00Z,SED_003,74.4,30.4,36.61,17.0,95.3,5.0,54,awake,light
2026-08-02T12:05:00Z,SED_003,73.3,30.9,36.62,17.3,95.3,5.0,54,awake,light
2026-08-02T12:06:00Z,SED_003,78.2,34.6,36.65,16.7,95.9,5.0,54,awake,light
2026-08-02T12:07:00Z,SED_003,75.7,35.8,36.61,16.9,95.8,5.0,54,awake,light
2026-08-02T12:08:00Z,SED_003,80.5,30.7,36.56,17.1,95.9,5.0,54,awake,light
2026-08-02T12:09:00Z,SED_003,77.2,33.3,36.58,17.2,95.5,5.0,54,awake,light
2026-08-02T12:10:00Z,SED_003,74.2,32.9,36.52,16.5,95.5,5.0,54,awake,light
2026-08-02T12:11:00Z,SED_003,78.1,33.2,36.56,17.7,96.0,5.0,54,awake,light
2026-08-02T12:12:00Z,SED_003,73.8,33.4,36.63,17.1,95.9,5.0,54,awake,light
2026-08-02T12:13:00Z,SED_003,77.5,29.2,36.72,17.3,95.8,5.0,54,awake,light
2026-08-02T12:14:00Z,SED_003,77.8,32.1,36.42,16.6,95.6,5.0,54,awake,light
2026-08-02T12:15:00Z,SED_003,75.9,31.6,36.54,16.6,95.5,5.0,54,awake,light
2026-08-02T12:16:00Z,SED_003,78.9,29.7,36.35,17.8,95.7,5.0,54,awake,light
2026-08-02T12:17:00Z,SED_003,77.1,32.3,36.71,16.9,95.8,5.0,54,awake,light
2026-08-02T12:18:00Z,SED_003,83.5,28.7,36.72,17.4,95.5,5.0,54,awake,light
2026-08-02T12:19:00Z,SED_003,76.2,34.9,36.52,16.9,95.0,5.0,54,awake,light
2026-08-02T12:20:00Z,SED_003,78.3,32.0,36.67,16.9,95.8,5.0,54,awake,light
2026-08-02T12:21:00Z,SED_003,76.7,34.9,36.78,16.6,95.8,5.0,54,awake,light
2026-08-02T12:22:00Z,SED_003,81.1,30.3,36.63,16.8,95.2,5.0,54,awake,light
2026-08-02T12:23:00Z,SED_003,76.1,35.6,36.42,16.4,96.0,5.0,54,awake,light
2026-08-02T12:24:00Z,SED_003,73.3,32.7,36.66,16.7,95.8,5.0,54,awake,light
2026-08-02T12:25:00Z,SED_003,76.0,37.3,36.54,17.4,95.6,5.0,54,awake,light
2026-08-02T12:26:00Z,SED_003,76.7,30.7,36.4,17.8,95.9,5.0,54,awake,light
2026-08-02T12:27:00Z,SED_003,77.0,31.5,36.74,16.6,95.7,5.0,54,awake,light
2026-08-02T12:28:00Z,SED_003,73.7,33.7,36.57,16.6,95.5,5.0,54,awake,light
2026-08-02T12:29:00Z,SED_003,71.8,34.1,36.47,16.5,95.7,5.0,54,awake,light
2026-08-02T12:30:00Z,SED_003,75.3,31.7,36.64,16.9,95.7,5.0,54,awake,light
2026-08-02T12:31:00Z,SED_003,76.5,32.6,36.64,17.6,95.8,5.0,54,awake,light
2026-08-02T12:32:00Z,SED_003,74.0,32.9,36.71,17.0,95.6,5.0,54,awake,light
2026-08-02T12:33:00Z,SED_003,78.9,31.1,36.53,17.1,95.7,5.0,54,awake,light
2026-08-02T12:34:00Z,SED_003,81.4,32.5,36.59,17.5,95.2,5.0,54,awake,light
2026-08-02T12:35:00Z,SED_003,87.0,29.0,36.38,18.0,95.6,5.0,54,awake,light
2026-08-02T12:36:00Z,SED_003,76.7,29.4,36.51,16.8,95.2,5.0,54,awake,light
2026-08-02T12:37:00Z,SED_003,71.8,30.2,36.61,16.9,95.7,5.0,54,awake,light
2026-08-02T12:38:00Z,SED_003,73.0,36.9,36.41,16.3,95.7,5.0,54,awake,light
2026-08-02T12:39:00Z,SED_003,79.2,30.9,36.64,17.4,96.0,5.0,54,awake,light
2026-08-02T12:40:00Z,SED_003,76.4,34.5,36.7,17.3,95.9,5.0,54,awake,light
2026-08-02T12:41:00Z,SED_003,79.7,35.0,36.6,17.1,95.7,5.0,54,awake,light
2026-08-02T12:42:00Z,SED_003,70.7,32.6,36.61,17.2,95.6,5.0,54,awake,light
2026-08-02T12:43:00Z,SED_003,69.9,35.4,36.56,15.1,95.3,5.0,54,awake,light
2026-08-02T12:44:00Z,SED_003,78.1,33.9,36.66,18.2,95.8,5.0,54,awake,light
2026-08-02T12:45:00Z,SED_003,80.7,30.7,36.71,17.1,95.8,5.0,54,awake,light
2026-08-02T12:46:00Z,SED_003,77.5,33.3,36.55,16.6,95.4,5.0,54,awake,light
2026-08-02T12:47:00Z,SED_003,79.1,34.0,36.71,17.0,95.4,5.0,54,awake,light
2026-08-02T12:48:00Z,SED_003,74.3,34.7,36.51,17.0,95.5,5.0,54,awake,light
2026-08-02T12:49:00Z,SED_003,82.3,32.2,36.64,16.9,95.9,5.0,54,awake,light
2026-08-02T12:50:00Z,SED_003,80.6,29.4,36.7,17.1,95.0,5.0,54,awake,light
2026-08-02T12:51:00Z,SED_003,81.5,30.5,36.71,17.8,95.6,5.0,54,awake,light
2026-08-02T12:52:00Z,SED_003,77.1,33.6,36.34,17.2,95.2,5.0,54,awake,light
2026-08-02T12:53:00Z,SED_003,80.2,31.5,36.55,16.8,95.9,5.0,54,awake,light
2026-08-02T12:54:00Z,SED_003,75.0,31.6,36.58,16.1,96.0,5.0,54,awake,light
2026-08-02T12:55:00Z,SED_003,77.6,32.2,36.65,17.0,95.5,5.0,54,awake,light
2026-08-02T12:56:00Z,SED_003,76.2,29.2,36.76,16.2,95.9,5.0,54,awake,light
2026-08-02T12:57:00Z,SED_003,73.8,34.1,36.63,17.2,95.7,5.0,54,awake,light
2026-08-02T12:58:00Z,SED_003,70.8,32.5,36.61,15.7,95.9,5.0,54,awake,light
2026-08-02T12:59:00Z,SED_003,79.6,30.6,36.51,17.5,95.8,5.0,54,awake,light
2026-08-02T13:00:00Z,SED_003,77.4,32.2,36.65,17.1,95.8,5.0,54,awake,light
2026-08-02T13:01:00Z,SED_003,76.6,34.2,36.59,16.6,95.0,5.0,54,awake,light
2026-08-02T13:02:00Z,SED_003,76.8,33.3,36.64,17.1,95.9,5.0,54,awake,light
2026-08-02T13:03:00Z,SED_003,77.6,31.6,36.5,16.6,95.1,5.0,54,awake,light
2026-08-02T13:04:00Z,SED_003,77.4,31.1,36.53,17.4,95.9,5.0,54,awake,light
2026-08-02T13:05:00Z,SED_003,74.1,33.9,36.4,16.2,95.9,5.0,54,awake,light
2026-08-02T13:06:00Z,SED_003,79.4,33.2,36.63,17.0,94.5,5.0,54,awake,light
2026-08-02T13:07:00Z,SED_003,70.9,34.7,36.58,17.1,96.0,5.0,54,awake,light
2026-08-02T13:08:00Z,SED_003,77.0,33.6,36.54,17.9,95.9,5.0,54,awake,light
2026-08-02T13:09:00Z,SED_003,79.9,34.0,36.6,17.1,95.6,5.0,54,awake,light
2026-08-02T13:10:00Z,SED_003,78.9,32.0,36.63,16.4,95.8,5.0,54,awake,light
2026-08-02T13:11:00Z,SED_003,71.5,34.5,36.59,16.5,95.3,5.0,54,awake,light
2026-08-02T13:12:00Z,SED_003,77.1,31.0,36.86,16.7,95.8,5.0,54,awake,light
2026-08-02T13:13:00Z,SED_003,81.2,36.4,36.62,16.4,96.0,5.0,54,awake,light
2026-08-02T13:14:00Z,SED_003,76.9,30.7,36.57,17.6,95.8,5.0,54,awake,light
2026-08-02T13:15:00Z,SED_003,74.0,33.5,36.51,16.4,95.3,5.0,54,awake,light
2026-08-02T13:16:00Z,SED_003,76.2,33.3,36.54,16.9,96.0,5.0,54,awake,light
2026-08-02T13:17:00Z,SED_003,74.8,28.8,36.67,16.1,95.2,5.0,54,awake,light
2026-08-02T13:18:00Z,SED_003,77.9,32.9,36.55,17.3,96.0,5.0,54,awake,light
2026-08-02T13:19:00Z,SED_003,79.2,31.9,36.66,16.6,95.7,5.0,54,awake,light
2026-08-02T13:20:00Z,SED_003,78.0,32.9,36.6,16.2,95.5,5.0,54,awake,light
2026-08-02T13:21:00Z,SED_003,74.9,33.2,36.57,16.8,95.6,5.0,54,awake,light
2026-08-02T13:22:00Z,SED_003,71.7,34.7,36.59,16.1,95.6,5.0,54,awake,light
2026-08-02T13:23:00Z,SED_003,78.9,32.9,36.68,16.7,95.8,5.0,54,awake,light
2026-08-02T13:24:00Z,SED_003,77.5,33.1,36.54,16.9,95.8,5.0,54,awake,light
2026-08-02T13:25:00Z,SED_003,77.9,33.5,36.61,17.0,94.7,5.0,54,awake,light
2026-08-02T13:26:00Z,SED_003,75.9,37.4,36.47,17.1,95.6,5.0,54,awake,light
2026-08-02T13:27:00Z,SED_003,78.1,30.3,36.63,16.0,95.5,5.0,54,awake,light
2026-08-02T13:28:00Z,SED_003,78.1,33.3,36.49,18.0,95.9,5.0,54,awake,light
2026-08-02T13:29:00Z,SED_003,75.9,31.1,36.67,16.5,95.8,5.0,54,awake,light
2026-08-02T13:30:00Z,SED_003,74.8,36.3,36.64,16.5,95.3,5.0,54,awake,light
2026-08-02T13:31:00Z,SED_003,74.4,33.3,36.39,16.6,95.6,5.0,54,awake,light
2026-08-02T13:32:00Z,SED_003,81.7,32.8,36.62,18.1,95.8,5.0,54,awake,light
2026-08-02T13:33:00Z,SED_003,72.4,33.1,36.71,16.9,95.7,5.0,54,awake,light
2026-08-02T13:34:00Z,SED_003,74.1,34.1,36.59,16.1,96.0,5.0,54,awake,light
2026-08-02T13:35:00Z,SED_003,73.7,31.7,36.61,17.2,95.2,5.0,54,awake,light
2026-08-02T13:36:00Z,SED_003,69.2,32.8,36.61,16.8,95.2,5.0,54,awake,light
2026-08-02T13:37:00Z,SED_003,71.5,32.5,36.53,15.0,95.0,5.0,54,awake,light
2026-08-02T13:38:00Z,SED_003,73.5,33.8,36.66,15.0,95.4,5.0,54,awake,light
2026-08-02T13:39:00Z,SED_003,71.8,36.7,36.48,16.1,95.4,5.0,54,awake,light
2026-08-02T13:40:00Z,SED_003,75.0,34.7,36.76,16.9,95.0,5.0,54,awake,light
2026-08-02T13:41:00Z,SED_003,69.4,32.2,36.56,16.5,95.8,5.0,54,awake,light
2026-08-02T13:42:00Z,SED_003,75.5,29.5,36.66,16.1,95.5,5.0,54,awake,light
2026-08-02T13:43:00Z,SED_003,81.9,29.8,36.71,17.6,95.1,5.0,54,awake,light
2026-08-02T13:44:00Z,SED_003,70.8,32.9,36.43,15.0,95.6,5.0,54,awake,light
2026-08-02T13:45:00Z,SED_003,72.8,32.7,36.54,15.9,95.3,5.0,54,awake,light
2026-08-02T13:46:00Z,SED_003,73.4,33.5,36.54,16.6,95.6,5.0,54,awake,light
2026-08-02T13:47:00Z,SED_003,71.1,33.8,36.45,15.9,95.6,5.0,54,awake,light
2026-08-02T13:48:00Z,SED_003,73.4,31.4,36.57,17.6,95.7,5.0,54,awake,light
2026-08-02T13:49:00Z,SED_003,72.6,31.2,36.57,16.8,96.0,5.0,54,awake,light
2026-08-02T13:50:00Z,SED_003,73.9,30.9,36.57,17.0,95.4,5.0,54,awake,light
2026-08-02T13:51:00Z,SED_003,75.0,35.0,36.67,16.8,95.5,5.0,54,awake,light
2026-08-02T13:52:00Z,SED_003,73.5,33.0,36.63,16.7,95.7,5.0,54,awake,light
2026-08-02T13:53:00Z,SED_003,75.4,30.4,36.61,17.0,95.9,5.0,54,awake,light
2026-08-02T13:54:00Z,SED_003,75.8,31.0,36.65,15.7,95.7,5.0,54,awake,light
2026-08-02T13:55:00Z,SED_003,81.3,32.8,36.62,17.5,95.9,5.0,54,awake,light
2026-08-02T13:56:00Z,SED_003,71.7,33.0,36.68,15.6,95.9,5.0,54,awake,light
2026-08-02T13:57:00Z,SED_003,72.8,32.8,36.64,16.1,95.8,5.0,54,awake,light
2026-08-02T13:58:00Z,SED_003,69.6,33.7,36.53,15.8,95.5,5.0,54,awake,light
2026-08-02T13:59:00Z,SED_003,78.7,31.3,36.53,16.6,95.0,5.0,54,awake,light
2026-08-02T14:00:00Z,SED_003,70.9,34.5,36.42,16.0,95.7,5.0,54,awake,light
2026-08-02T14:01:00Z,SED_003,75.7,32.8,36.52,16.7,95.0,5.0,54,awake,light
2026-08-02T14:02:00Z,SED_003,74.1,31.3,36.5,16.5,95.6,5.0,54,awake,light
2026-08-02T14:03:00Z,SED_003,73.9,34.9,36.59,16.8,96.0,5.0,54,awake,light
2026-08-02T14:04:00Z,SED_003,71.4,35.4,36.54,15.9,95.7,5.0,54,awake,light
2026-08-02T14:05:00Z,SED_003,75.6,35.8,36.6,16.7,95.6,5.0,54,awake,light
2026-08-02T14:06:00Z,SED_003,71.0,34.6,36.62,16.3,95.8,5.0,54,awake,light
2026-08-02T14:07:00Z,SED_003,73.6,33.8,36.46,16.5,94.5,5.0,54,awake,light
2026-08-02T14:08:00Z,SED_003,73.1,36.8,36.54,16.9,96.0,5.0,54,awake,light
2026-08-02T14:09:00Z,SED_003,77.1,30.3,36.65,17.5,95.9,5.0,54,awake,light
2026-08-02T14:10:00Z,SED_003,70.5,37.6,36.77,16.5,95.9,5.0,54,awake,light
2026-08-02T14:11:00Z,SED_003,79.1,33.1,36.46,17.2,95.7,5.0,54,awake,light
2026-08-02T14:12:00Z,SED_003,74.7,32.0,36.72,17.2,95.7,5.0,54,awake,light
2026-08-02T14:13:00Z,SED_003,66.1,33.1,36.71,16.2,95.6,5.0,54,awake,light
2026-08-02T14:14:00Z,SED_003,75.1,32.8,36.6,16.9,95.0,5.0,54,awake,light
2026-08-02T14:15:00Z,SED_003,69.0,35.6,36.7,16.7,95.6,5.0,54,awake,light
2026-08-02T14:16:00Z,SED_003,75.7,33.3,36.65,17.0,95.5,5.0,54,awake,light
2026-08-02T14:17:00Z,SED_003,76.7,29.3,36.6,16.6,96.0,5.0,54,awake,light
2026-08-02T14:18:00Z,SED_003,74.2,32.9,36.7,16.8,95.6,5.0,54,awake,light
2026-08-02T14:19:00Z,SED_003,77.0,29.5,36.6,16.1,95.8,5.0,54,awake,light
2026-08-02T14:20:00Z,SED_003,72.2,34.7,36.61,16.8,94.9,5.0,54,awake,light
2026-08-02T14:21:00Z,SED_003,72.0,32.6,36.56,16.4,95.9,5.0,54,awake,light
2026-08-02T14:22:00Z,SED_003,73.7,34.8,36.56,16.5,95.6,5.0,54,awake,light
2026-08-02T14:23:00Z,SED_003,70.4,32.8,36.58,16.2,95.5,5.0,54,awake,light
2026-08-02T14:24:00Z,SED_003,72.9,36.2,36.61,16.1,95.9,5.0,54,awake,light
2026-08-02T14:25:00Z,SED_003,67.3,37.9,36.6,14.9,95.9,5.0,54,awake,light
2026-08-02T14:26:00Z,SED_003,74.1,34.0,36.71,16.4,95.5,5.0,54,awake,light
2026-08-02T14:27:00Z,SED_003,73.3,32.3,36.7,16.7,95.5,5.0,54,awake,light
2026-08-02T14:28:00Z,SED_003,73.4,35.8,36.72,16.7,95.8,5.0,54,awake,light
2026-08-02T14:29:00Z,SED_003,74.4,31.4,36.65,16.7,96.0,5.0,54,awake,light
2026-08-02T14:30:00Z,SED_003,71.8,31.6,36.53,16.8,95.7,5.0,54,awake,light
2026-08-02T14:31:00Z,SED_003,76.9,34.9,36.48,16.7,95.0,5.0,54,awake,light
2026-08-02T14:32:00Z,SED_003,73.6,31.2,36.72,17.4,95.2,5.0,54,awake,light
2026-08-02T14:33:00Z,SED_003,68.2,34.7,36.68,16.5,95.7,5.0,54,awake,light
2026-08-02T14:34:00Z,SED_003,74.3,36.6,36.63,16.6,95.5,5.0,54,awake,light
2026-08-02T14:35:00Z,SED_003,73.2,37.6,36.49,16.6,95.8,5.0,54,awake,light
2026-08-02T14:36:00Z,SED_003,75.5,29.3,36.61,16.5,95.7,5.0,54,awake,light
2026-08-02T14:37:00Z,SED_003,71.3,35.6,36.71,16.3,94.9,5.0,54,awake,light
2026-08-02T14:38:00Z,SED_003,74.5,31.8,36.55,17.0,95.8,5.0,54,awake,light
2026-08-02T14:39:00Z,SED_003,68.2,35.0,36.64,16.3,95.6,5.0,54,awake,light
2026-08-02T14:40:00Z,SED_003,73.1,31.6,36.62,16.2,96.0,5.0,54,awake,light
2026-08-02T14:41:00Z,SED_003,77.1,32.9,36.6,17.2,95.8,5.0,54,awake,light
2026-08-02T14:42:00Z,SED_003,68.4,35.7,36.64,15.9,95.4,5.0,54,awake,light
2026-08-02T14:43:00Z,SED_003,77.2,32.8,36.51,16.3,95.7,5.0,54,awake,light
2026-08-02T14:44:00Z,SED_003,65.6,40.5,36.58,16.4,95.6,5.0,54,awake,light
2026-08-02T14:45:00Z,SED_003,74.6,31.1,36.63,16.5,94.7,5.0,54,awake,light
2026-08-02T14:46:00Z,SED_003,73.5,33.5,36.67,16.3,95.8,5.0,54,awake,light
2026-08-02T14:47:00Z,SED_003,73.0,31.1,36.55,16.7,95.4,5.0,54,awake,light
2026-08-02T14:48:00Z,SED_003,71.8,31.6,36.64,16.2,95.4,5.0,54,awake,light
2026-08-02T14:49:00Z,SED_003,69.7,33.8,36.39,16.4,95.5,5.0,54,awake,light
2026-08-02T14:50:00Z,SED_003,78.2,29.6,36.62,17.7,95.6,5.0,54,awake,light
2026-08-02T14:51:00Z,SED_003,71.0,34.8,36.68,16.8,95.6,5.0,54,awake,light
2026-08-02T14:52:00Z,SED_003,70.7,36.1,36.6,16.1,95.6,5.0,54,awake,light
2026-08-02T14:53:00Z,SED_003,70.3,36.4,36.51,15.7,95.0,5.0,54,awake,light
2026-08-02T14:54:00Z,SED_003,74.2,32.5,36.75,16.0,95.4,5.0,54,awake,light
2026-08-02T14:55:00Z,SED_003,71.9,32.1,36.65,16.1,95.9,5.0,54,awake,light
2026-08-02T14:56:00Z,SED_003,72.1,35.0,36.4,16.9,95.9,5.0,54,awake,light
2026-08-02T14:57:00Z,SED_003,70.1,32.9,36.6,16.1,95.8,5.0,54,awake,light
2026-08-02T14:58:00Z,SED_003,75.1,32.6,36.72,15.6,95.7,5.0,54,awake,light
2026-08-02T14:59:00Z,SED_003,68.7,35.3,36.47,15.9,95.8,5.0,54,awake,light
2026-08-02T15:00:00Z,SED_003,70.6,35.2,36.56,16.0,95.3,5.0,54,awake,light
2026-08-02T15:01:00Z,SED_003,71.6,36.1,36.61,16.0,95.2,5.0,54,awake,light
2026-08-02T15:02:00Z,SED_003,71.8,34.8,36.7,16.0,95.4,5.0,54,awake,light
2026-08-02T15:03:00Z,SED_003,73.4,35.2,36.47,16.5,95.1,5.0,54,awake,light
2026-08-02T15:04:00Z,SED_003,72.4,31.8,36.53,16.5,95.9,5.0,54,awake,light
2026-08-02T15:05:00Z,SED_003,67.8,35.9,36.85,16.3,95.5,5.0,54,awake,light
2026-08-02T15:06:00Z,SED_003,69.3,36.2,36.61,14.9,96.0,5.0,54,awake,light
2026-08-02T15:07:00Z,SED_003,71.8,33.8,36.3,16.2,94.8,5.0,54,awake,light
2026-08-02T15:08:00Z,SED_003,70.2,34.3,36.53,15.9,95.5,5.0,54,awake,light
2026-08-02T15:09:00Z,SED_003,69.1,35.8,36.47,16.3,95.8,5.0,54,awake,light
2026-08-02T15:10:00Z,SED_003,75.7,28.6,36.54,16.3,95.8,5.0,54,awake,light
2026-08-02T15:11:00Z,SED_003,69.6,32.9,36.62,15.5,95.5,5.0,54,awake,light
2026-08-02T15:12:00Z,SED_003,68.4,35.5,36.59,15.6,95.6,5.0,54,awake,light
2026-08-02T15:13:00Z,SED_003,71.2,34.1,36.66,15.5,95.7,5.0,54,awake,light
2026-08-02T15:14:00Z,SED_003,71.6,31.0,36.53,16.2,95.9,5.0,54,awake,light
2026-08-02T15:15:00Z,SED_003,70.7,37.1,36.66,16.5,95.9,5.0,54,awake,light
2026-08-02T15:16:00Z,SED_003,73.0,31.6,36.66,16.7,95.7,5.0,54,awake,light
2026-08-02T15:17:00Z,SED_003,72.5,35.4,36.5,17.1,95.2,5.0,54,awake,light
2026-08-02T15:18:00Z,SED_003,70.2,35.5,36.6,16.0,95.8,5.0,54,awake,light
2026-08-02T15:19:00Z,SED_003,69.2,33.6,36.73,16.7,95.8,5.0,54,awake,light
2026-08-02T15:20:00Z,SED_003,70.7,31.6,36.46,16.2,95.6,5.0,54,awake,light
2026-08-02T15:21:00Z,SED_003,65.2,37.6,36.73,14.9,95.7,5.0,54,awake,light
2026-08-02T15:22:00Z,SED_003,70.7,32.0,36.39,17.4,95.7,5.0,54,awake,light
2026-08-02T15:23:00Z,SED_003,70.8,32.9,36.62,16.8,95.5,5.0,54,awake,light
2026-08-02T15:24:00Z,SED_003,71.2,32.4,36.58,17.2,95.5,5.0,54,awake,light
2026-08-02T15:25:00Z,SED_003,77.6,33.1,36.55,16.5,95.5,5.0,54,awake,light
2026-08-02T15:26:00Z,SED_003,75.4,30.7,36.58,15.5,94.8,5.0,54,awake,light
2026-08-02T15:27:00Z,SED_003,72.2,31.9,36.51,16.4,95.4,5.0,54,awake,light
2026-08-02T15:28:00Z,SED_003,76.4,32.1,36.64,16.6,95.7,5.0,54,awake,light
2026-08-02T15:29:00Z,SED_003,69.5,34.6,36.56,15.9,95.4,5.0,54,awake,light
2026-08-02T15:30:00Z,SED_003,70.5,35.0,36.72,16.5,96.0,5.0,54,awake,light
2026-08-02T15:31:00Z,SED_003,72.9,35.6,36.73,15.9,95.8,5.0,54,awake,light
2026-08-02T15:32:00Z,SED_003,71.2,31.8,36.53,16.9,95.6,5.0,54,awake,light
2026-08-02T15:33:00Z,SED_003,71.0,35.5,36.51,15.0,96.0,5.0,54,awake,light
2026-08-02T15:34:00Z,SED_003,69.9,36.2,36.54,16.3,95.8,5.0,54,awake,light
2026-08-02T15:35:00Z,SED_003,66.8,37.7,36.54,15.9,95.5,5.0,54,awake,light
2026-08-02T15:36:00Z,SED_003,73.5,31.2,36.6,16.2,95.8,5.0,54,awake,light
2026-08-02T15:37:00Z,SED_003,71.0,34.7,36.58,17.0,95.5,5.0,54,awake,light
2026-08-02T15:38:00Z,SED_003,77.4,31.6,36.62,16.4,95.7,5.0,54,awake,light
2026-08-02T15:39:00Z,SED_003,70.1,34.9,36.71,16.1,96.0,5.0,54,awake,light
2026-08-02T15:40:00Z,SED_003,75.8,37.1,36.63,16.4,95.6,5.0,54,awake,light
2026-08-02T15:41:00Z,SED_003,70.9,35.8,36.55,16.5,94.8,5.0,54,awake,light
2026-08-02T15:42:00Z,SED_003,76.9,31.5,36.44,17.1,95.2,5.0,54,awake,light
2026-08-02T15:43:00Z,SED_003,69.6,33.3,36.48,15.8,95.8,5.0,54,awake,light
2026-08-02T15:44:00Z,SED_003,68.1,36.9,36.53,15.4,95.4,5.0,54,awake,light
2026-08-02T15:45:00Z,SED_003,72.4,36.9,36.52,16.4,95.3,5.0,54,awake,light
2026-08-02T15:46:00Z,SED_003,70.2,33.1,36.58,16.6,95.9,5.0,54,awake,light
2026-08-02T15:47:00Z,SED_003,71.0,35.8,36.89,15.6,95.7,5.0,54,awake,light
2026-08-02T15:48:00Z,SED_003,71.1,36.1,36.71,16.5,95.3,5.0,54,awake,light
2026-08-02T15:49:00Z,SED_003,72.9,32.1,36.47,17.1,95.7,5.0,54,awake,light
2026-08-02T15:50:00Z,SED_003,72.2,34.0,36.54,16.7,95.6,5.0,54,awake,light
2026-08-02T15:51:00Z,SED_003,71.2,35.6,36.78,17.2,95.4,5.0,54,awake,light
2026-08-02T15:52:00Z,SED_003,64.5,36.9,36.56,15.4,95.7,5.0,54,awake,light
2026-08-02T15:53:00Z,SED_003,72.1,35.3,36.6,15.9,95.9,5.0,54,awake,light
2026-08-02T15:54:00Z,SED_003,73.0,32.8,36.47,16.3,95.6,5.0,54,awake,light
2026-08-02T15:55:00Z,SED_003,69.9,31.2,36.51,15.9,95.6,5.0,54,awake,light
2026-08-02T15:56:00Z,SED_003,76.5,33.5,36.7,16.7,95.6,5.0,54,awake,light
2026-08-02T15:57:00Z,SED_003,70.6,32.7,36.49,17.1,95.8,5.0,54,awake,light
2026-08-02T15:58:00Z,SED_003,74.4,35.7,36.76,17.1,95.9,5.0,54,awake,light
2026-08-02T15:59:00Z,SED_003,74.0,34.7,36.72,16.5,95.1,5.0,54,awake,light
2026-08-02T16:00:00Z,SED_003,67.9,33.1,36.7,15.0,95.9,5.0,54,awake,light
2026-08-02T16:01:00Z,SED_003,72.1,34.7,36.57,16.8,95.7,5.0,54,awake,light
2026-08-02T16:02:00Z,SED_003,70.1,34.6,36.4,16.5,95.5,5.0,54,awake,light
2026-08-02T16:03:00Z,SED_003,70.4,33.0,36.69,16.0,95.8,5.0,54,awake,light
2026-08-02T16:04:00Z,SED_003,69.8,35.0,36.59,16.4,95.9,5.0,54,awake,light
2026-08-02T16:05:00Z,SED_003,68.3,31.3,36.64,15.7,95.9,5.0,54,awake,light
2026-08-02T16:06:00Z,SED_003,73.0,32.8,36.56,16.1,95.0,5.0,54,awake,light
2026-08-02T16:07:00Z,SED_003,73.1,34.3,36.58,16.0,95.9,5.0,54,awake,light
2026-08-02T16:08:00Z,SED_003,73.7,31.8,36.7,16.4,96.0,5.0,54,awake,light
2026-08-02T16:09:00Z,SED_003,73.9,30.8,36.61,16.3,95.4,5.0,54,awake,light
2026-08-02T16:10:00Z,SED_003,67.6,37.2,36.6,16.1,95.7,5.0,54,awake,light
2026-08-02T16:11:00Z,SED_003,80.7,35.4,36.59,17.5,95.2,5.0,54,awake,light
2026-08-02T16:12:00Z,SED_003,70.4,29.9,36.61,15.4,95.3,5.0,54,awake,light
2026-08-02T16:13:00Z,SED_003,76.0,30.9,36.6,17.9,95.3,5.0,54,awake,light
2026-08-02T16:14:00Z,SED_003,67.5,36.5,36.66,16.3,96.0,5.0,54,awake,light
2026-08-02T16:15:00Z,SED_003,70.4,33.7,36.49,16.9,95.9,5.0,54,awake,light
2026-08-02T16:16:00Z,SED_003,71.2,34.5,36.6,16.2,95.0,5.0,54,awake,light
2026-08-02T16:17:00Z,SED_003,71.5,33.1,36.4,16.2,95.1,5.0,54,awake,light
2026-08-02T16:18:00Z,SED_003,73.2,38.2,36.49,16.3,95.8,5.0,54,awake,light
2026-08-02T16:19:00Z,SED_003,72.2,36.0,36.63,16.5,95.5,5.0,54,awake,light
2026-08-02T16:20:00Z,SED_003,66.3,34.0,36.6,16.0,96.0,5.0,54,awake,light
2026-08-02T16:21:00Z,SED_003,69.3,34.3,36.61,16.2,95.5,5.0,54,awake,light
2026-08-02T16:22:00Z,SED_003,71.0,32.7,36.64,16.5,95.3,5.0,54,awake,light
2026-08-02T16:23:00Z,SED_003,72.6,28.6,36.52,15.8,95.7,5.0,54,awake,light
2026-08-02T16:24:00Z,SED_003,76.7,29.2,36.63,16.5,95.7,5.0,54,awake,light
2026-08-02T16:25:00Z,SED_003,72.1,34.9,36.72,16.1,95.9,5.0,54,awake,light
2026-08-02T16:26:00Z,SED_003,67.9,38.4,36.51,15.7,95.6,5.0,54,awake,light
2026-08-02T16:27:00Z,SED_003,66.8,36.9,36.71,17.4,95.3,5.0,54,awake,light
2026-08-02T16:28:00Z,SED_003,69.7,33.0,36.71,16.6,95.1,5.0,54,awake,light
2026-08-02T16:29:00Z,SED_003,72.3,33.8,36.66,16.5,95.7,5.0,54,awake,light
2026-08-02T16:30:00Z,SED_003,68.2,35.9,36.57,16.4,95.4,5.0,54,awake,light
2026-08-02T16:31:00Z,SED_003,71.7,33.7,36.68,16.6,95.7,5.0,54,awake,light
2026-08-02T16:32:00Z,SED_003,72.0,32.2,36.8,16.2,95.2,5.0,54,awake,light
2026-08-02T16:33:00Z,SED_003,73.4,30.2,36.56,16.5,95.8,5.0,54,awake,light
2026-08-02T16:34:00Z,SED_003,74.5,36.4,36.68,16.7,95.6,5.0,54,awake,light
2026-08-02T16:35:00Z,SED_003,72.3,34.0,36.47,16.6,95.5,5.0,54,awake,light
2026-08-02T16:36:00Z,SED_003,72.1,34.6,36.67,17.0,95.7,5.0,54,awake,light
2026-08-02T16:37:00Z,SED_003,69.4,35.4,36.64,16.9,95.1,5.0,54,awake,light
2026-08-02T16:38:00Z,SED_003,73.3,35.6,36.62,16.9,95.5,5.0,54,awake,light
2026-08-02T16:39:00Z,SED_003,73.8,33.8,36.65,16.4,95.6,5.0,54,awake,light
2026-08-02T16:40:00Z,SED_003,73.3,30.5,36.64,16.1,95.9,5.0,54,awake,light
2026-08-02T16:41:00Z,SED_003,69.1,33.3,36.74,15.3,95.7,5.0,54,awake,light
2026-08-02T16:42:00Z,SED_003,70.0,32.7,36.57,16.0,95.4,5.0,54,awake,light
2026-08-02T16:43:00Z,SED_003,69.0,35.4,36.71,16.0,95.9,5.0,54,awake,light
2026-08-02T16:44:00Z,SED_003,72.7,34.8,36.41,17.1,96.0,5.0,54,awake,light
2026-08-02T16:45:00Z,SED_003,68.5,34.9,36.41,15.0,95.9,5.0,54,awake,light
2026-08-02T16:46:00Z,SED_003,70.8,34.4,36.72,16.8,95.8,5.0,54,awake,light
2026-08-02T16:47:00Z,SED_003,71.5,34.5,36.64,16.6,95.7,5.0,54,awake,light
2026-08-02T16:48:00Z,SED_003,74.1,35.2,36.54,16.7,95.6,5.0,54,awake,light
2026-08-02T16:49:00Z,SED_003,65.4,36.0,36.63,14.8,95.9,5.0,54,awake,light
2026-08-02T16:50:00Z,SED_003,72.3,34.6,36.52,17.3,95.8,5.0,54,awake,light
2026-08-02T16:51:00Z,SED_003,70.7,32.2,36.66,15.8,96.0,5.0,54,awake,light
2026-08-02T16:52:00Z,SED_003,71.7,33.9,36.43,16.5,95.9,5.0,54,awake,light
2026-08-02T16:53:00Z,SED_003,67.8,37.1,36.44,16.8,95.2,5.0,54,awake,light
2026-08-02T16:54:00Z,SED_003,70.0,37.4,36.49,15.6,96.0,5.0,54,awake,light
2026-08-02T16:55:00Z,SED_003,73.7,31.2,36.42,15.7,95.7,5.0,54,awake,light
2026-08-02T16:56:00Z,SED_003,66.0,34.8,36.71,15.9,95.9,5.0,54,awake,light
2026-08-02T16:57:00Z,SED_003,72.3,34.1,36.59,16.4,95.1,5.0,54,awake,light
2026-08-02T16:58:00Z,SED_003,70.7,34.2,36.48,15.9,95.8,5.0,54,awake,light
2026-08-02T16:59:00Z,SED_003,71.4,31.3,36.52,16.7,95.3,5.0,54,awake,light
2026-08-02T17:00:00Z,SED_003,74.6,34.7,36.73,15.4,95.6,5.0,54,awake,light
2026-08-02T17:01:00Z,SED_003,67.1,35.0,36.68,15.8,95.8,5.0,54,awake,light
2026-08-02T17:02:00Z,SED_003,68.3,32.0,36.44,15.9,95.2,5.0,54,awake,light
2026-08-02T17:03:00Z,SED_003,65.6,35.0,36.56,14.8,95.4,5.0,54,awake,light
2026-08-02T17:04:00Z,SED_003,71.3,35.9,36.6,16.0,95.7,5.0,54,awake,light
2026-08-02T17:05:00Z,SED_003,64.3,35.7,36.52,15.0,95.7,5.0,54,awake,light
2026-08-02T17:06:00Z,SED_003,67.6,36.6,36.76,15.9,95.7,5.0,54,awake,light
2026-08-02T17:07:00Z,SED_003,74.9,32.5,36.61,17.3,95.9,5.0,54,awake,light
2026-08-02T17:08:00Z,SED_003,67.7,39.0,36.65,15.2,95.9,5.0,54,awake,light
2026-08-02T17:09:00Z,SED_003,70.9,34.2,36.41,15.3,94.9,5.0,54,awake,light
2026-08-02T17:10:00Z,SED_003,69.0,35.1,36.64,16.1,95.5,5.0,54,awake,light
2026-08-02T17:11:00Z,SED_003,73.7,33.2,36.6,17.2,95.5,5.0,54,awake,light
2026-08-02T17:12:00Z,SED_003,70.5,31.3,36.35,15.7,95.9,5.0,54,awake,light
2026-08-02T17:13:00Z,SED_003,72.2,33.1,36.53,15.9,96.0,5.0,54,awake,light
2026-08-02T17:14:00Z,SED_003,74.0,30.0,36.47,16.2,95.8,5.0,54,awake,light
2026-08-02T17:15:00Z,SED_003,66.8,37.9,36.77,15.7,95.1,5.0,54,awake,light
2026-08-02T17:16:00Z,SED_003,72.7,32.0,36.62,15.9,95.8,5.0,54,awake,light
2026-08-02T17:17:00Z,SED_003,69.9,36.3,36.7,16.2,95.8,5.0,54,awake,light
2026-08-02T17:18:00Z,SED_003,65.9,34.7,36.62,16.4,95.4,5.0,54,awake,light
2026-08-02T17:19:00Z,SED_003,65.3,35.8,36.56,15.2,96.0,5.0,54,awake,light
2026-08-02T17:20:00Z,SED_003,74.2,35.6,36.67,16.9,95.3,5.0,54,awake,light
2026-08-02T17:21:00Z,SED_003,67.3,34.1,36.63,16.0,95.9,5.0,54,awake,light
2026-08-02T17:22:00Z,SED_003,73.2,33.5,36.58,16.2,95.7,5.0,54,awake,light
2026-08-02T17:23:00Z,SED_003,62.9,35.3,36.68,15.7,95.2,5.0,54,awake,light
2026-08-02T17:24:00Z,SED_003,66.3,35.8,36.63,16.0,95.8,5.0,54,awake,light
2026-08-02T17:25:00Z,SED_003,74.7,34.0,36.57,17.2,95.5,5.0,54,awake,light
2026-08-02T17:26:00Z,SED_003,67.9,37.0,36.61,15.5,95.4,5.0,54,awake,light
2026-08-02T17:27:00Z,SED_003,70.9,33.8,36.68,16.5,95.3,5.0,54,awake,light
2026-08-02T17:28:00Z,SED_003,67.8,35.2,36.52,15.0,95.6,5.0,54,awake,light
2026-08-02T17:29:00Z,SED_003,70.8,33.5,36.83,16.7,95.1,5.0,54,awake,light
2026-08-02T17:30:00Z,SED_003,68.7,37.0,36.47,16.2,95.9,5.0,54,awake,light
2026-08-02T17:31:00Z,SED_003,73.6,33.2,36.66,15.8,95.7,5.0,54,awake,light
2026-08-02T17:32:00Z,SED_003,70.5,31.3,36.56,15.9,95.1,5.0,54,awake,light
2026-08-02T17:33:00Z,SED_003,68.7,36.2,36.51,16.9,95.9,5.0,54,awake,light
2026-08-02T17:34:00Z,SED_003,64.0,35.3,36.52,14.9,96.0,5.0,54,awake,light
2026-08-02T17:35:00Z,SED_003,71.1,34.2,36.67,16.5,95.8,5.0,54,awake,light
2026-08-02T17:36:00Z,SED_003,67.1,36.1,36.65,15.7,95.3,5.0,54,awake,light
2026-08-02T17:37:00Z,SED_003,65.6,35.7,36.56,15.5,95.7,5.0,54,awake,light
2026-08-02T17:38:00Z,SED_003,72.2,33.1,36.56,16.4,95.5,5.0,54,awake,light
2026-08-02T17:39:00Z,SED_003,74.7,30.9,36.57,16.8,95.8,5.0,54,awake,light
2026-08-02T17:40:00Z,SED_003,70.6,32.4,36.59,16.3,95.8,5.0,54,awake,light
2026-08-02T17:41:00Z,SED_003,69.7,34.2,36.65,15.5,94.9,5.0,54,awake,light
2026-08-02T17:42:00Z,SED_003,65.6,35.8,36.58,15.5,95.8,5.0,54,awake,light
2026-08-02T17:43:00Z,SED_003,76.0,30.2,36.48,16.7,95.9,5.0,54,awake,light
2026-08-02T17:44:00Z,SED_003,70.1,33.2,36.69,15.6,95.3,5.0,54,awake,light
2026-08-02T17:45:00Z,SED_003,70.1,34.6,36.63,16.2,95.4,5.0,54,awake,light
2026-08-02T17:46:00Z,SED_003,75.3,30.8,36.63,17.0,95.4,5.0,54,awake,light
2026-08-02T17:47:00Z,SED_003,67.9,37.5,36.48,16.5,95.8,5.0,54,awake,light
2026-08-02T17:48:00Z,SED_003,73.0,36.9,36.54,17.6,94.9,5.0,54,awake,light
2026-08-02T17:49:00Z,SED_003,78.2,32.2,36.5,15.9,95.8,5.0,54,awake,light
2026-08-02T17:50:00Z,SED_003,64.4,35.4,36.4,15.1,95.8,5.0,54,awake,light
2026-08-02T17:51:00Z,SED_003,73.1,37.3,36.63,17.0,95.8,5.0,54,awake,light
2026-08-02T17:52:00Z,SED_003,70.3,34.9,36.6,16.2,96.0,5.0,54,awake,light
2026-08-02T17:53:00Z,SED_003,71.9,35.8,36.75,16.3,95.9,5.0,54,awake,light
2026-08-02T17:54:00Z,SED_003,71.6,34.5,36.72,17.1,95.5,5.0,54,awake,light
2026-08-02T17:55:00Z,SED_003,69.4,33.7,36.59,17.3,95.5,5.0,54,awake,light
2026-08-02T17:56:00Z,SED_003,73.8,32.3,36.6,16.2,95.5,5.0,54,awake,light
2026-08-02T17:57:00Z,SED_003,69.6,34.4,36.69,16.2,95.7,5.0,54,awake,light
2026-08-02T17:58:00Z,SED_003,73.0,34.7,36.54,17.3,96.0,5.0,54,awake,light
2026-08-02T17:59:00Z,SED_003,74.2,33.2,36.57,17.1,95.9,5.0,54,awake,light
2026-08-02T18:00:00Z,SED_003,73.6,34.2,36.61,16.6,94.9,5.0,54,awake,light
2026-08-02T18:01:00Z,SED_003,77.7,30.1,36.67,17.7,95.8,5.0,54,awake,light
2026-08-02T18:02:00Z,SED_003,73.6,34.0,36.62,17.6,95.6,5.0,54,awake,light
2026-08-02T18:03:00Z,SED_003,69.7,33.6,36.5,15.7,95.9,5.0,54,awake,light
2026-08-02T18:04:00Z,SED_003,69.6,34.7,36.64,15.6,95.3,5.0,54,awake,light
2026-08-02T18:05:00Z,SED_003,69.8,33.0,36.44,16.1,96.0,5.0,54,awake,light
2026-08-02T18:06:00Z,SED_003,72.8,33.1,36.45,16.9,95.2,5.0,54,awake,light
2026-08-02T18:07:00Z,SED_003,70.6,32.7,36.54,16.0,95.7,5.0,54,awake,light
2026-08-02T18:08:00Z,SED_003,64.9,33.1,36.72,16.4,95.6,5.0,54,awake,light
2026-08-02T18:09:00Z,SED_003,67.6,35.4,36.61,16.3,95.8,5.0,54,awake,light
2026-08-02T18:10:00Z,SED_003,73.1,32.9,36.77,17.0,95.7,5.0,54,awake,light
2026-08-02T18:11:00Z,SED_003,65.4,36.7,36.69,14.8,95.8,5.0,54,awake,light
2026-08-02T18:12:00Z,SED_003,71.2,39.9,36.52,16.6,96.0,5.0,54,awake,light
2026-08-02T18:13:00Z,SED_003,71.9,33.8,36.74,16.6,95.8,5.0,54,awake,light
2026-08-02T18:14:00Z,SED_003,66.9,33.5,36.56,15.3,95.0,5.0,54,awake,light
2026-08-02T18:15:00Z,SED_003,72.4,31.2,36.6,16.1,95.8,5.0,54,awake,light
2026-08-02T18:16:00Z,SED_003,70.5,36.8,36.56,16.6,95.8,5.0,54,awake,light
2026-08-02T18:17:00Z,SED_003,67.9,36.5,36.58,16.1,95.8,5.0,54,awake,light
2026-08-02T18:18:00Z,SED_003,70.8,32.2,36.7,16.5,95.7,5.0,54,awake,light
2026-08-02T18:19:00Z,SED_003,72.7,33.2,36.62,15.7,95.2,5.0,54,awake,light
2026-08-02T18:20:00Z,SED_003,69.9,33.4,36.55,15.6,95.8,5.0,54,awake,light
2026-08-02T18:21:00Z,SED_003,70.2,35.8,36.69,16.3,95.4,5.0,54,awake,light
2026-08-02T18:22:00Z,SED_003,68.6,34.6,36.71,15.6,95.6,5.0,54,awake,light
2026-08-02T18:23:00Z,SED_003,75.1,32.3,36.49,16.9,95.7,5.0,54,awake,light
2026-08-02T18:24:00Z,SED_003,67.9,36.0,36.8,16.3,95.3,5.0,54,awake,light
2026-08-02T18:25:00Z,SED_003,65.1,37.0,36.54,15.8,95.7,5.0,54,awake,light
2026-08-02T18:26:00Z,SED_003,70.7,37.2,36.63,16.4,96.0,5.0,54,awake,light
2026-08-02T18:27:00Z,SED_003,69.6,33.5,36.63,17.6,95.5,5.0,54,awake,light
2026-08-02T18:28:00Z,SED_003,68.1,35.0,36.72,16.4,95.9,5.0,54,awake,light
2026-08-02T18:29:00Z,SED_003,64.3,32.6,36.47,14.9,95.4,5.0,54,awake,light
2026-08-02T18:30:00Z,SED_003,66.3,34.7,36.76,16.5,94.8,5.0,54,awake,light
2026-08-02T18:31:00Z,SED_003,71.4,36.9,36.53,16.3,95.3,5.0,54,awake,light
2026-08-02T18:32:00Z,SED_003,71.4,33.7,36.44,15.9,95.7,5.0,54,awake,light
2026-08-02T18:33:00Z,SED_003,73.1,33.5,36.77,17.3,95.5,5.0,54,awake,light
2026-08-02T18:34:00Z,SED_003,67.8,31.0,36.64,16.8,96.0,5.0,54,awake,light
2026-08-02T18:35:00Z,SED_003,70.1,35.4,36.51,15.9,95.8,5.0,54,awake,light
2026-08-02T18:36:00Z,SED_003,69.4,31.4,36.58,15.5,95.9,5.0,54,awake,light
2026-08-02T18:37:00Z,SED_003,66.4,39.4,36.59,16.7,95.6,5.0,54,awake,light
2026-08-02T18:38:00Z,SED_003,69.2,36.9,36.71,16.1,95.7,5.0,54,awake,light
2026-08-02T18:39:00Z,SED_003,69.4,34.0,36.57,17.0,95.8,5.0,54,awake,light
2026-08-02T18:40:00Z,SED_003,69.8,31.1,36.43,15.4,95.6,5.0,54,awake,light
2026-08-02T18:41:00Z,SED_003,70.3,33.7,36.54,15.7,95.9,5.0,54,awake,light
2026-08-02T18:42:00Z,SED_003,68.5,34.4,36.63,15.8,95.7,5.0,54,awake,light
2026-08-02T18:43:00Z,SED_003,72.1,31.0,36.57,17.4,95.1,5.0,54,awake,light
2026-08-02T18:44:00Z,SED_003,76.6,33.4,36.76,16.3,95.4,5.0,54,awake,light
2026-08-02T18:45:00Z,SED_003,67.8,33.2,36.49,15.0,95.0,5.0,54,awake,light
2026-08-02T18:46:00Z,SED_003,69.0,34.1,36.51,15.8,96.0,5.0,54,awake,light
2026-08-02T18:47:00Z,SED_003,72.6,33.7,36.65,16.7,95.4,5.0,54,awake,light
2026-08-02T18:48:00Z,SED_003,68.3,35.1,36.43,16.1,94.8,5.0,54,awake,light
2026-08-02T18:49:00Z,SED_003,67.5,33.0,36.56,15.7,95.4,5.0,54,awake,light
2026-08-02T18:50:00Z,SED_003,74.1,32.9,36.6,16.9,95.3,5.0,54,awake,light
2026-08-02T18:51:00Z,SED_003,68.4,35.4,36.58,15.2,95.2,5.0,54,awake,light
2026-08-02T18:52:00Z,SED_003,69.2,35.6,36.58,15.5,96.0,5.0,54,awake,light
2026-08-02T18:53:00Z,SED_003,71.7,37.1,36.83,16.7,95.2,5.0,54,awake,light
2026-08-02T18:54:00Z,SED_003,66.2,33.1,36.62,16.1,95.2,5.0,54,awake,light
2026-08-02T18:55:00Z,SED_003,69.8,34.2,36.67,17.1,95.6,5.0,54,awake,light
2026-08-02T18:56:00Z,SED_003,70.5,35.6,36.57,16.3,96.0,5.0,54,awake,light
2026-08-02T18:57:00Z,SED_003,68.3,34.0,36.65,15.5,96.0,5.0,54,awake,light
2026-08-02T18:58:00Z,SED_003,74.2,35.8,36.65,16.8,95.4,5.0,54,awake,light
2026-08-02T18:59:00Z,SED_003,67.7,31.4,36.48,16.0,96.0,5.0,54,awake,light
2026-08-02T19:00:00Z,SED_003,69.8,34.1,36.64,16.2,95.8,5.0,54,awake,light
2026-08-02T19:01:00Z,SED_003,68.0,37.3,36.77,15.8,95.9,5.0,54,awake,light
2026-08-02T19:02:00Z,SED_003,70.2,32.9,36.54,16.8,95.5,5.0,54,awake,light
2026-08-02T19:03:00Z,SED_003,75.0,34.1,36.72,16.4,95.9,5.0,54,awake,light
2026-08-02T19:04:00Z,SED_003,70.9,31.2,36.53,16.1,94.9,5.0,54,awake,light
2026-08-02T19:05:00Z,SED_003,70.9,34.5,36.71,16.2,96.0,5.0,54,awake,light
2026-08-02T19:06:00Z,SED_003,68.4,34.4,36.66,16.0,95.8,5.0,54,awake,light
2026-08-02T19:07:00Z,SED_003,67.8,34.4,36.6,15.5,95.6,5.0,54,awake,light
2026-08-02T19:08:00Z,SED_003,71.7,32.8,36.46,16.1,95.9,5.0,54,awake,light
2026-08-02T19:09:00Z,SED_003,63.6,37.5,36.62,15.2,94.9,5.0,54,awake,light
2026-08-02T19:10:00Z,SED_003,73.7,34.4,36.67,17.1,95.1,5.0,54,awake,light
2026-08-02T19:11:00Z,SED_003,69.2,32.5,36.65,15.5,95.4,5.0,54,awake,light
2026-08-02T19:12:00Z,SED_003,70.4,32.2,36.4,17.1,95.3,5.0,54,awake,light
2026-08-02T19:13:00Z,SED_003,70.3,34.0,36.64,15.8,95.9,5.0,54,awake,light
2026-08-02T19:14:00Z,SED_003,71.1,31.9,36.7,17.3,95.5,5.0,54,awake,light
2026-08-02T19:15:00Z,SED_003,66.4,31.0,36.48,15.1,95.5,5.0,54,awake,light
2026-08-02T19:16:00Z,SED_003,74.7,28.5,36.61,16.9,95.6,5.0,54,awake,light
2026-08-02T19:17:00Z,SED_003,66.4,33.2,36.54,15.2,95.8,5.0,54,awake,light
2026-08-02T19:18:00Z,SED_003,70.7,32.3,36.56,16.3,95.7,5.0,54,awake,light
2026-08-02T19:19:00Z,SED_003,67.6,34.6,36.68,16.4,96.0,5.0,54,awake,light
2026-08-02T19:20:00Z,SED_003,75.9,34.6,36.73,17.3,95.9,5.0,54,awake,light
2026-08-02T19:21:00Z,SED_003,66.6,33.1,36.62,15.7,95.9,5.0,54,awake,light
2026-08-02T19:22:00Z,SED_003,65.5,38.0,36.69,15.1,95.7,5.0,54,awake,light
2026-08-02T19:23:00Z,SED_003,72.5,32.3,36.6,16.4,95.9,5.0,54,awake,light
2026-08-02T19:24:00Z,SED_003,74.7,32.7,36.61,17.3,95.9,5.0,54,awake,light
2026-08-02T19:25:00Z,SED_003,68.0,33.8,36.62,15.8,95.5,5.0,54,awake,light
2026-08-02T19:26:00Z,SED_003,69.2,34.6,36.66,15.7,95.5,5.0,54,awake,light
2026-08-02T19:27:00Z,SED_003,68.9,37.9,36.74,16.2,95.5,5.0,54,awake,light
2026-08-02T19:28:00Z,SED_003,70.2,33.9,36.69,16.0,95.6,5.0,54,awake,light
2026-08-02T19:29:00Z,SED_003,68.1,35.5,36.78,15.9,95.3,5.0,54,awake,light
2026-08-02T19:30:00Z,SED_003,64.9,37.6,36.53,15.2,96.0,5.0,54,awake,light
2026-08-02T19:31:00Z,SED_003,74.5,31.5,36.49,16.5,95.8,5.0,54,awake,light
2026-08-02T19:32:00Z,SED_003,69.6,34.5,36.61,16.5,95.7,5.0,54,awake,light
2026-08-02T19:33:00Z,SED_003,70.7,34.5,36.65,15.6,95.8,5.0,54,awake,light
2026-08-02T19:34:00Z,SED_003,70.2,35.7,36.52,15.9,95.1,5.0,54,awake,light
2026-08-02T19:35:00Z,SED_003,69.4,31.9,36.71,16.0,94.7,5.0,54,awake,light
2026-08-02T19:36:00Z,SED_003,69.6,32.2,36.57,15.2,95.2,5.0,54,awake,light
2026-08-02T19:37:00Z,SED_003,70.9,35.8,36.67,16.8,94.9,5.0,54,awake,light
2026-08-02T19:38:00Z,SED_003,67.2,35.8,36.54,15.8,95.9,5.0,54,awake,light
2026-08-02T19:39:00Z,SED_003,69.9,35.4,36.61,15.4,95.8,5.0,54,awake,light
2026-08-02T19:40:00Z,SED_003,72.3,31.5,36.6,16.8,95.4,5.0,54,awake,light
2026-08-02T19:41:00Z,SED_003,69.9,33.8,36.71,16.2,95.3,5.0,54,awake,light
2026-08-02T19:42:00Z,SED_003,76.9,33.2,36.69,16.9,95.8,5.0,54,awake,light
2026-08-02T19:43:00Z,SED_003,73.0,34.0,36.49,17.1,96.0,5.0,54,awake,light
2026-08-02T19:44:00Z,SED_003,70.1,36.6,36.67,16.3,95.9,5.0,54,awake,light
2026-08-02T19:45:00Z,SED_003,74.5,35.2,36.65,15.7,95.8,5.0,54,awake,light
2026-08-02T19:46:00Z,SED_003,70.2,34.4,36.56,15.7,96.0,5.0,54,awake,light
2026-08-02T19:47:00Z,SED_003,75.2,33.0,36.68,16.8,95.9,5.0,54,awake,light
2026-08-02T19:48:00Z,SED_003,76.2,32.4,36.66,16.1,95.8,5.0,54,awake,light
2026-08-02T19:49:00Z,SED_003,76.4,32.7,36.59,16.7,95.5,5.0,54,awake,light
2026-08-02T19:50:00Z,SED_003,70.5,38.3,36.54,16.5,95.0,5.0,54,awake,light
2026-08-02T19:51:00Z,SED_003,67.1,36.2,36.62,15.3,95.7,5.0,54,awake,light
2026-08-02T19:52:00Z,SED_003,73.4,35.7,36.61,16.7,95.4,5.0,54,awake,light
2026-08-02T19:53:00Z,SED_003,72.5,32.9,36.72,16.6,95.9,5.0,54,awake,light
2026-08-02T19:54:00Z,SED_003,69.2,33.3,36.54,16.7,95.9,5.0,54,awake,light
2026-08-02T19:55:00Z,SED_003,71.0,30.4,36.5,16.5,95.7,5.0,54,awake,light
2026-08-02T19:56:00Z,SED_003,69.9,36.4,36.73,16.6,96.0,5.0,54,awake,light
2026-08-02T19:57:00Z,SED_003,70.3,34.4,36.57,16.5,95.6,5.0,54,awake,light
2026-08-02T19:58:00Z,SED_003,76.4,33.6,36.34,16.3,95.8,5.0,54,awake,light
2026-08-02T19:59:00Z,SED_003,69.6,36.5,36.54,15.6,94.7,5.0,54,awake,light
2026-08-02T20:00:00Z,SED_003,69.0,37.0,36.67,15.4,95.9,5.0,54,awake,light
2026-08-02T20:01:00Z,SED_003,76.9,32.2,36.58,16.7,95.6,5.0,54,awake,light
2026-08-02T20:02:00Z,SED_003,68.0,34.1,36.64,16.7,95.9,5.0,54,awake,light
2026-08-02T20:03:00Z,SED_003,70.0,30.9,36.63,15.9,95.7,5.0,54,awake,light
2026-08-02T20:04:00Z,SED_003,74.2,33.5,36.42,16.8,95.8,5.0,54,awake,light
2026-08-02T20:05:00Z,SED_003,70.3,36.7,36.79,16.9,95.5,5.0,54,awake,light
2026-08-02T20:06:00Z,SED_003,73.3,34.6,36.7,17.4,95.8,5.0,54,awake,light
2026-08-02T20:07:00Z,SED_003,69.0,35.1,36.62,15.6,95.6,5.0,54,awake,light
2026-08-02T20:08:00Z,SED_003,70.1,35.3,36.77,16.5,95.5,5.0,54,awake,light
2026-08-02T20:09:00Z,SED_003,75.5,33.8,36.6,16.3,95.8,5.0,54,awake,light
2026-08-02T20:10:00Z,SED_003,74.4,32.9,36.61,16.9,95.5,5.0,54,awake,light
2026-08-02T20:11:00Z,SED_003,74.5,33.0,36.79,15.6,95.5,5.0,54,awake,light
2026-08-02T20:12:00Z,SED_003,67.9,35.9,36.55,15.9,95.4,5.0,54,awake,light
2026-08-02T20:13:00Z,SED_003,71.9,32.4,36.73,16.3,95.5,5.0,54,awake,light
2026-08-02T20:14:00Z,SED_003,72.2,33.6,36.5,15.0,95.9,5.0,54,awake,light
2026-08-02T20:15:00Z,SED_003,71.6,35.9,36.74,16.2,95.6,5.0,54,awake,light
2026-08-02T20:16:00Z,SED_003,69.7,37.5,36.58,16.2,95.7,5.0,54,awake,light
2026-08-02T20:17:00Z,SED_003,68.0,31.9,36.62,16.2,95.3,5.0,54,awake,light
2026-08-02T20:18:00Z,SED_003,72.2,31.5,36.57,16.4,95.5,5.0,54,awake,light
2026-08-02T20:19:00Z,SED_003,75.9,33.3,36.72,17.8,94.9,5.0,54,awake,light
2026-08-02T20:20:00Z,SED_003,69.0,32.9,36.84,15.8,95.8,5.0,54,awake,light
2026-08-02T20:21:00Z,SED_003,70.7,33.1,36.66,16.5,95.5,5.0,54,awake,light
2026-08-02T20:22:00Z,SED_003,72.5,30.6,36.46,16.9,96.0,5.0,54,awake,light
2026-08-02T20:23:00Z,SED_003,68.3,35.4,36.7,15.6,95.9,5.0,54,awake,light
2026-08-02T20:24:00Z,SED_003,66.1,42.0,36.59,15.2,95.8,5.0,54,awake,light
2026-08-02T20:25:00Z,SED_003,70.3,29.9,36.6,16.2,96.0,5.0,54,awake,light
2026-08-02T20:26:00Z,SED_003,69.2,29.6,36.6,16.1,95.3,5.0,54,awake,light
2026-08-02T20:27:00Z,SED_003,78.6,29.4,36.59,17.1,95.6,5.0,54,awake,light
2026-08-02T20:28:00Z,SED_003,75.0,34.5,36.63,16.5,96.0,5.0,54,awake,light
2026-08-02T20:29:00Z,SED_003,73.5,33.3,36.57,17.4,95.6,5.0,54,awake,light
2026-08-02T20:30:00Z,SED_003,74.1,35.4,36.57,16.3,95.8,5.0,54,awake,light
2026-08-02T20:31:00Z,SED_003,71.2,32.6,36.57,16.3,96.0,5.0,54,awake,light
2026-08-02T20:32:00Z,SED_003,73.3,31.5,36.49,16.6,96.0,5.0,54,awake,light
2026-08-02T20:33:00Z,SED_003,70.5,35.5,36.59,15.7,95.9,5.0,54,awake,light
2026-08-02T20:34:00Z,SED_003,70.1,35.0,36.67,15.7,95.8,5.0,54,awake,light
2026-08-02T20:35:00Z,SED_003,69.0,35.3,36.73,15.8,95.4,5.0,54,awake,light
2026-08-02T20:36:00Z,SED_003,68.6,35.3,36.66,16.4,95.4,5.0,54,awake,light
2026-08-02T20:37:00Z,SED_003,73.6,36.1,36.61,17.3,95.7,5.0,54,awake,light
2026-08-02T20:38:00Z,SED_003,75.7,32.3,36.44,16.8,95.8,5.0,54,awake,light
2026-08-02T20:39:00Z,SED_003,69.7,34.5,36.78,16.8,95.3,5.0,54,awake,light
2026-08-02T20:40:00Z,SED_003,72.6,36.3,36.49,16.0,95.5,5.0,54,awake,light
2026-08-02T20:41:00Z,SED_003,73.5,31.4,36.61,16.4,95.4,5.0,54,awake,light
2026-08-02T20:42:00Z,SED_003,70.5,32.2,36.55,16.9,95.3,5.0,54,awake,light
2026-08-02T20:43:00Z,SED_003,71.6,38.3,36.67,16.8,95.2,5.0,54,awake,light
2026-08-02T20:44:00Z,SED_003,69.7,33.4,36.85,16.2,95.6,5.0,54,awake,light
2026-08-02T20:45:00Z,SED_003,72.4,32.6,36.74,16.3,95.9,5.0,54,awake,light
2026-08-02T20:46:00Z,SED_003,69.6,33.4,36.5,15.5,95.7,5.0,54,awake,light
2026-08-02T20:47:00Z,SED_003,73.6,34.0,36.79,16.4,95.3,5.0,54,awake,light
2026-08-02T20:48:00Z,SED_003,74.2,31.3,36.7,17.0,95.3,5.0,54,awake,light
2026-08-02T20:49:00Z,SED_003,72.6,33.5,36.77,16.7,95.8,5.0,54,awake,light
2026-08-02T20:50:00Z,SED_003,77.3,30.0,36.64,17.1,95.2,5.0,54,awake,light
2026-08-02T20:51:00Z,SED_003,75.9,31.3,36.72,16.9,95.5,5.0,54,awake,light
2026-08-02T20:52:00Z,SED_003,73.3,35.0,36.55,17.0,95.9,5.0,54,awake,light
2026-08-02T20:53:00Z,SED_003,69.0,33.7,36.48,16.1,95.4,5.0,54,awake,light
2026-08-02T20:54:00Z,SED_003,70.6,37.0,36.56,15.7,95.9,5.0,54,awake,light
2026-08-02T20:55:00Z,SED_003,73.2,32.2,36.53,16.4,95.2,5.0,54,awake,light
2026-08-02T20:56:00Z,SED_003,71.3,32.0,36.57,15.9,95.7,5.0,54,awake,light
2026-08-02T20:57:00Z,SED_003,75.7,33.8,36.5,16.8,95.4,5.0,54,awake,light
2026-08-02T20:58:00Z,SED_003,73.3,31.6,36.66,16.4,96.0,5.0,54,awake,light
2026-08-02T20:59:00Z,SED_003,69.5,31.6,36.5,16.7,95.2,5.0,54,awake,light
2026-08-02T21:00:00Z,SED_003,74.7,33.4,36.71,16.4,95.5,5.0,54,awake,light
2026-08-02T21:01:00Z,SED_003,71.7,30.9,36.7,16.0,95.0,5.0,54,awake,light
2026-08-02T21:02:00Z,SED_003,77.4,31.3,36.54,17.2,95.7,5.0,54,awake,light
2026-08-02T21:03:00Z,SED_003,68.0,34.6,36.52,15.8,95.7,5.0,54,awake,light
2026-08-02T21:04:00Z,SED_003,72.1,29.3,36.39,17.2,95.7,5.0,54,awake,light
2026-08-02T21:05:00Z,SED_003,67.8,32.7,36.68,16.5,95.9,5.0,54,awake,light
2026-08-02T21:06:00Z,SED_003,66.9,33.3,36.45,15.8,95.8,5.0,54,awake,light
2026-08-02T21:07:00Z,SED_003,66.7,34.6,36.44,16.2,95.8,5.0,54,awake,light
2026-08-02T21:08:00Z,SED_003,74.7,33.9,36.7,16.0,96.0,5.0,54,awake,light
2026-08-02T21:09:00Z,SED_003,76.2,34.6,36.51,16.5,96.0,5.0,54,awake,light
2026-08-02T21:10:00Z,SED_003,77.3,30.5,36.61,16.9,96.0,5.0,54,awake,light
2026-08-02T21:11:00Z,SED_003,71.7,34.9,36.48,16.1,95.2,5.0,54,awake,light
2026-08-02T21:12:00Z,SED_003,76.2,32.2,36.61,17.8,95.3,5.0,54,awake,light
2026-08-02T21:13:00Z,SED_003,73.0,34.6,36.59,16.3,94.9,5.0,54,awake,light
2026-08-02T21:14:00Z,SED_003,68.5,34.8,36.67,16.2,95.6,5.0,54,awake,light
2026-08-02T21:15:00Z,SED_003,72.4,30.1,36.61,16.1,95.5,5.0,54,awake,light
2026-08-02T21:16:00Z,SED_003,72.1,32.3,36.54,16.7,95.8,5.0,54,awake,light
2026-08-02T21:17:00Z,SED_003,72.6,33.7,36.69,16.2,96.0,5.0,54,awake,light
2026-08-02T21:18:00Z,SED_003,72.6,29.9,36.6,17.1,95.7,5.0,54,awake,light
2026-08-02T21:19:00Z,SED_003,75.8,34.0,36.43,16.2,95.2,5.0,54,awake,light
2026-08-02T21:20:00Z,SED_003,79.2,29.8,36.58,16.9,95.7,5.0,54,awake,light
2026-08-02T21:21:00Z,SED_003,72.6,33.0,36.6,17.1,95.8,5.0,54,awake,light
2026-08-02T21:22:00Z,SED_003,76.0,32.9,36.63,16.5,95.9,5.0,54,awake,light
2026-08-02T21:23:00Z,SED_003,78.1,31.0,36.59,17.2,95.5,5.0,54,awake,light
2026-08-02T21:24:00Z,SED_003,73.2,36.5,36.56,15.6,95.9,5.0,54,awake,light
2026-08-02T21:25:00Z,SED_003,74.4,29.7,36.55,16.4,95.6,5.0,54,awake,light
2026-08-02T21:26:00Z,SED_003,70.6,33.4,36.64,16.2,95.7,5.0,54,awake,light
2026-08-02T21:27:00Z,SED_003,72.4,33.7,36.67,16.1,95.7,5.0,54,awake,light
2026-08-02T21:28:00Z,SED_003,72.2,32.3,36.61,16.9,95.1,5.0,54,awake,light
2026-08-02T21:29:00Z,SED_003,73.6,34.8,36.57,16.9,95.8,5.0,54,awake,light
2026-08-02T21:30:00Z,SED_003,73.8,33.4,36.65,17.3,96.0,5.0,54,awake,light
2026-08-02T21:31:00Z,SED_003,78.4,31.4,36.82,16.9,95.0,5.0,54,awake,light
2026-08-02T21:32:00Z,SED_003,74.8,33.4,36.7,16.4,95.2,5.0,54,awake,light
2026-08-02T21:33:00Z,SED_003,73.7,32.7,36.72,17.4,96.0,5.0,54,awake,light
2026-08-02T21:34:00Z,SED_003,72.8,32.6,36.47,17.3,95.2,5.0,54,awake,light
2026-08-02T21:35:00Z,SED_003,73.3,32.4,36.59,17.0,95.5,5.0,54,awake,light
2026-08-02T21:36:00Z,SED_003,76.6,31.9,36.65,15.9,95.7,5.0,54,awake,light
2026-08-02T21:37:00Z,SED_003,75.9,32.5,36.59,16.4,95.8,5.0,54,awake,light
2026-08-02T21:38:00Z,SED_003,71.8,32.6,36.49,15.5,95.9,5.0,54,awake,light
2026-08-02T21:39:00Z,SED_003,72.3,33.5,36.6,16.2,95.9,5.0,54,awake,light
2026-08-02T21:40:00Z,SED_003,68.7,34.8,36.69,16.0,95.8,5.0,54,awake,light
2026-08-02T21:41:00Z,SED_003,75.0,29.3,36.67,17.5,96.0,5.0,54,awake,light
2026-08-02T21:42:00Z,SED_003,72.8,31.0,36.67,17.7,95.7,5.0,54,awake,light
2026-08-02T21:43:00Z,SED_003,76.9,31.3,36.62,16.8,95.2,5.0,54,awake,light
2026-08-02T21:44:00Z,SED_003,76.4,32.4,36.65,16.6,95.7,5.0,54,awake,light
2026-08-02T21:45:00Z,SED_003,77.7,32.0,36.56,17.2,95.8,5.0,54,awake,light
2026-08-02T21:46:00Z,SED_003,74.7,31.1,36.75,17.2,95.8,5.0,54,awake,light
2026-08-02T21:47:00Z,SED_003,66.3,38.5,36.62,16.1,95.1,5.0,54,awake,light
2026-08-02T21:48:00Z,SED_003,69.9,36.5,36.59,17.0,95.4,5.0,54,awake,light
2026-08-02T21:49:00Z,SED_003,76.0,35.7,36.79,15.6,95.9,5.0,54,awake,light
2026-08-02T21:50:00Z,SED_003,76.4,32.4,36.56,17.0,95.9,5.0,54,awake,light
2026-08-02T21:51:00Z,SED_003,75.7,29.4,36.62,16.5,95.7,5.0,54,awake,light
2026-08-02T21:52:00Z,SED_003,79.0,32.7,36.74,17.9,95.7,5.0,54,awake,light
2026-08-02T21:53:00Z,SED_003,76.0,32.0,36.64,16.8,95.7,5.0,54,awake,light
2026-08-02T21:54:00Z,SED_003,71.3,35.3,36.62,16.5,95.4,5.0,54,awake,light
2026-08-02T21:55:00Z,SED_003,70.6,34.9,36.54,15.9,95.8,5.0,54,awake,light
2026-08-02T21:56:00Z,SED_003,77.5,33.1,36.66,17.0,95.6,5.0,54,awake,light
2026-08-02T21:57:00Z,SED_003,76.1,33.0,36.4,16.9,95.7,5.0,54,awake,light
2026-08-02T21:58:00Z,SED_003,74.1,32.6,36.43,17.0,95.6,5.0,54,awake,light
2026-08-02T21:59:00Z,SED_003,73.0,34.3,36.79,17.4,95.9,5.0,54,awake,light
2026-08-02T22:00:00Z,SED_003,73.8,34.4,36.7,16.4,95.6,5.0,54,awake,light
2026-08-02T22:01:00Z,SED_003,77.2,31.2,36.55,17.5,95.5,5.0,54,awake,light
2026-08-02T22:02:00Z,SED_003,77.7,29.2,36.77,17.5,95.7,5.0,54,awake,light
2026-08-02T22:03:00Z,SED_003,73.5,33.0,36.56,16.1,95.8,5.0,54,awake,light
2026-08-02T22:04:00Z,SED_003,71.7,33.2,36.51,16.6,95.9,5.0,54,awake,light
2026-08-02T22:05:00Z,SED_003,66.5,36.3,36.51,16.4,95.6,5.0,54,awake,light
2026-08-02T22:06:00Z,SED_003,73.0,36.9,36.71,16.8,95.7,5.0,54,awake,light
2026-08-02T22:07:00Z,SED_003,74.0,35.1,36.73,17.1,95.4,5.0,54,awake,light
2026-08-02T22:08:00Z,SED_003,70.1,34.4,36.71,16.2,95.6,5.0,54,awake,light
2026-08-02T22:09:00Z,SED_003,69.4,32.4,36.56,16.4,95.6,5.0,54,awake,light
2026-08-02T22:10:00Z,SED_003,75.2,33.8,36.71,16.8,95.7,5.0,54,awake,light
2026-08-02T22:11:00Z,SED_003,76.3,31.9,36.65,17.1,95.4,5.0,54,awake,light
2026-08-02T22:12:00Z,SED_003,76.1,35.3,36.68,17.0,95.7,5.0,54,awake,light
2026-08-02T22:13:00Z,SED_003,74.9,36.2,36.61,16.7,95.5,5.0,54,awake,light
2026-08-02T22:14:00Z,SED_003,70.7,36.8,36.52,15.9,95.4,5.0,54,awake,light
2026-08-02T22:15:00Z,SED_003,77.0,31.8,36.61,16.8,95.4,5.0,54,awake,light
2026-08-02T22:16:00Z,SED_003,72.3,34.8,36.79,15.2,96.0,5.0,54,awake,light
2026-08-02T22:17:00Z,SED_003,74.1,31.4,36.54,16.9,95.1,5.0,54,awake,light
2026-08-02T22:18:00Z,SED_003,78.8,32.3,36.62,17.1,95.8,5.0,54,awake,light
2026-08-02T22:19:00Z,SED_003,73.4,34.3,36.54,17.1,95.5,5.0,54,awake,light
2026-08-02T22:20:00Z,SED_003,75.0,30.8,36.83,15.7,95.6,5.0,54,awake,light
2026-08-02T22:21:00Z,SED_003,73.9,34.0,36.47,16.4,95.6,5.0,54,awake,light
2026-08-02T22:22:00Z,SED_003,74.3,29.0,36.56,16.5,95.1,5.0,54,awake,light
2026-08-02T22:23:00Z,SED_003,73.3,37.9,36.65,17.1,95.7,5.0,54,awake,light
2026-08-02T22:24:00Z,SED_003,77.4,34.9,36.44,16.6,95.9,5.0,54,awake,light
2026-08-02T22:25:00Z,SED_003,79.3,33.4,36.39,16.5,95.5,5.0,54,awake,light
2026-08-02T22:26:00Z,SED_003,76.5,35.6,36.64,16.4,95.2,5.0,54,awake,light
2026-08-02T22:27:00Z,SED_003,74.3,32.7,36.39,16.7,95.5,5.0,54,awake,light
2026-08-02T22:28:00Z,SED_003,69.5,33.0,36.53,16.3,95.2,5.0,54,awake,light
2026-08-02T22:29:00Z,SED_003,75.9,31.8,36.8,16.4,95.6,5.0,54,awake,light
2026-08-02T22:30:00Z,SED_003,75.9,35.5,36.63,17.0,95.9,5.0,54,awake,light
2026-08-02T22:31:00Z,SED_003,82.1,28.0,36.71,17.5,95.6,5.0,54,awake,light
2026-08-02T22:32:00Z,SED_003,72.1,33.6,36.77,15.8,95.7,5.0,54,awake,light
2026-08-02T22:33:00Z,SED_003,75.7,32.4,36.39,15.7,95.6,5.0,54,awake,light
2026-08-02T22:34:00Z,SED_003,69.4,34.9,36.59,15.8,95.9,5.0,54,awake,light
2026-08-02T22:35:00Z,SED_003,76.8,35.1,36.64,17.0,96.0,5.0,54,awake,light
2026-08-02T22:36:00Z,SED_003,76.9,30.6,36.72,17.0,95.2,5.0,54,awake,light
2026-08-02T22:37:00Z,SED_003,77.3,32.8,36.5,16.8,95.6,5.0,54,awake,light
2026-08-02T22:38:00Z,SED_003,71.9,37.3,36.57,16.6,95.8,5.0,54,awake,light
2026-08-02T22:39:00Z,SED_003,76.3,32.8,36.75,17.1,95.8,5.0,54,awake,light
2026-08-02T22:40:00Z,SED_003,79.1,30.8,36.55,17.8,95.7,5.0,54,awake,light
2026-08-02T22:41:00Z,SED_003,78.2,31.5,36.77,16.5,95.7,5.0,54,awake,light
2026-08-02T22:42:00Z,SED_003,79.5,35.0,36.45,17.3,95.7,5.0,54,awake,light
2026-08-02T22:43:00Z,SED_003,75.8,33.2,36.5,17.5,95.9,5.0,54,awake,light
2026-08-02T22:44:00Z,SED_003,74.9,32.3,36.55,16.1,95.6,5.0,54,awake,light
2026-08-02T22:45:00Z,SED_003,76.7,33.0,36.7,17.2,96.0,5.0,54,awake,light
2026-08-02T22:46:00Z,SED_003,74.5,33.0,36.38,16.8,95.9,5.0,54,awake,light
2026-08-02T22:47:00Z,SED_003,78.5,28.5,36.64,17.2,95.6,5.0,54,awake,light
2026-08-02T22:48:00Z,SED_003,75.6,30.6,36.6,16.8,95.5,5.0,54,awake,light
2026-08-02T22:49:00Z,SED_003,74.9,32.6,36.51,16.0,95.3,5.0,54,awake,light
2026-08-02T22:50:00Z,SED_003,76.0,32.4,36.75,16.7,95.8,5.0,54,awake,light
2026-08-02T22:51:00Z,SED_003,80.4,30.3,36.56,17.5,95.7,5.0,54,awake,light
2026-08-02T22:52:00Z,SED_003,75.8,30.8,36.51,17.3,95.7,5.0,54,awake,light
2026-08-02T22:53:00Z,SED_003,80.8,32.0,36.7,16.9,95.8,5.0,54,awake,light
2026-08-02T22:54:00Z,SED_003,72.9,33.9,36.4,15.6,95.1,5.0,54,awake,light
2026-08-02T22:55:00Z,SED_003,80.7,29.3,36.75,17.7,95.7,5.0,54,awake,light
2026-08-02T22:56:00Z,SED_003,77.3,32.5,36.44,16.9,95.3,5.0,54,awake,light
2026-08-02T22:57:00Z,SED_003,73.6,33.2,36.6,16.1,96.0,5.0,54,awake,light
2026-08-02T22:58:00Z,SED_003,77.1,31.4,36.45,16.6,95.7,5.0,54,awake,light
2026-08-02T22:59:00Z,SED_003,76.7,34.1,36.64,16.8,95.5,5.0,54,awake,light
2026-08-02T23:00:00Z,SED_003,75.3,30.4,36.5,16.9,96.0,5.0,54,light_sleep,resting
2026-08-02T23:01:00Z,SED_003,76.7,30.1,36.54,17.6,95.0,5.0,54,light_sleep,resting
2026-08-02T23:02:00Z,SED_003,79.9,29.1,36.5,16.6,95.4,5.0,54,light_sleep,resting
2026-08-02T23:03:00Z,SED_003,76.7,30.9,36.69,17.4,95.5,5.0,54,light_sleep,resting
2026-08-02T23:04:00Z,SED_003,77.7,32.1,36.57,18.1,95.1,5.0,54,light_sleep,resting
2026-08-02T23:05:00Z,SED_003,76.0,33.1,36.48,17.3,95.6,5.0,54,light_sleep,resting
2026-08-02T23:06:00Z,SED_003,81.3,31.3,36.46,18.0,95.6,5.0,54,light_sleep,resting
2026-08-02T23:07:00Z,SED_003,76.7,33.8,36.68,16.9,95.6,5.0,54,light_sleep,resting
2026-08-02T23:08:00Z,SED_003,75.0,32.0,36.72,16.4,95.9,5.0,54,light_sleep,resting
2026-08-02T23:09:00Z,SED_003,73.8,32.4,36.52,17.0,95.5,5.0,54,light_sleep,resting
2026-08-02T23:10:00Z,SED_003,71.2,34.2,36.58,17.6,95.0,5.0,54,light_sleep,resting
2026-08-02T23:11:00Z,SED_003,76.4,32.3,36.58,17.1,95.9,5.0,54,light_sleep,resting
2026-08-02T23:12:00Z,SED_003,76.2,29.3,36.58,16.4,95.7,5.0,54,light_sleep,resting
2026-08-02T23:13:00Z,SED_003,80.4,28.3,36.48,17.4,95.2,5.0,54,light_sleep,resting
2026-08-02T23:14:00Z,SED_003,72.7,36.3,36.48,16.3,94.6,5.0,54,light_sleep,resting
2026-08-02T23:15:00Z,SED_003,80.0,31.5,36.7,17.4,95.4,5.0,54,light_sleep,resting
2026-08-02T23:16:00Z,SED_003,78.8,32.5,36.45,17.5,95.3,5.0,54,light_sleep,resting
2026-08-02T23:17:00Z,SED_003,75.7,31.4,36.58,16.9,94.7,5.0,54,light_sleep,resting
2026-08-02T23:18:00Z,SED_003,78.7,32.2,36.44,17.2,95.9,5.0,54,light_sleep,resting
2026-08-02T23:19:00Z,SED_003,76.2,34.9,36.62,16.4,95.6,5.0,54,light_sleep,resting
2026-08-02T23:20:00Z,SED_003,74.5,35.8,36.58,17.4,95.4,5.0,54,light_sleep,resting
2026-08-02T23:21:00Z,SED_003,84.5,32.0,36.56,16.9,95.6,5.0,54,light_sleep,resting
2026-08-02T23:22:00Z,SED_003,74.5,35.3,36.68,17.2,95.7,5.0,54,light_sleep,resting
2026-08-02T23:23:00Z,SED_003,76.0,32.3,36.66,17.9,95.6,5.0,54,light_sleep,resting
2026-08-02T23:24:00Z,SED_003,73.8,34.5,36.51,17.3,96.0,5.0,54,light_sleep,resting
2026-08-02T23:25:00Z,SED_003,79.8,32.6,36.61,17.5,95.5,5.0,54,light_sleep,resting
2026-08-02T23:26:00Z,SED_003,73.8,34.2,36.53,16.5,95.5,5.0,54,light_sleep,resting
2026-08-02T23:27:00Z,SED_003,83.0,30.3,36.6,17.5,95.8,5.0,54,light_sleep,resting
2026-08-02T23:28:00Z,SED_003,74.6,36.2,36.6,17.2,95.5,5.0,54,light_sleep,resting
2026-08-02T23:29:00Z,SED_003,74.2,31.9,36.74,16.3,95.9,5.0,54,light_sleep,resting
2026-08-02T23:30:00Z,SED_003,77.5,32.0,36.63,16.1,95.9,5.0,54,light_sleep,resting
2026-08-02T23:31:00Z,SED_003,76.3,33.8,36.79,16.7,95.9,5.0,54,light_sleep,resting
2026-08-02T23:32:00Z,SED_003,75.1,31.1,36.66,17.3,96.0,5.0,54,light_sleep,resting
2026-08-02T23:33:00Z,SED_003,78.7,30.8,36.6,17.9,95.7,5.0,54,light_sleep,resting
2026-08-02T23:34:00Z,SED_003,79.8,30.1,36.67,16.7,95.2,5.0,54,light_sleep,resting
2026-08-02T23:35:00Z,SED_003,77.7,33.4,36.62,16.7,95.4,5.0,54,light_sleep,resting
2026-08-02T23:36:00Z,SED_003,79.6,31.8,36.49,17.7,95.6,5.0,54,light_sleep,resting
2026-08-02T23:37:00Z,SED_003,80.2,32.8,36.64,17.4,95.9,5.0,54,light_sleep,resting
2026-08-02T23:38:00Z,SED_003,77.0,37.1,36.47,17.5,95.9,5.0,54,light_sleep,resting
2026-08-02T23:39:00Z,SED_003,75.0,34.8,36.59,16.6,95.9,5.0,54,light_sleep,resting
2026-08-02T23:40:00Z,SED_003,80.5,34.7,36.5,16.2,95.8,5.0,54,light_sleep,resting
2026-08-02T23:41:00Z,SED_003,77.6,33.6,36.68,16.7,95.5,5.0,54,light_sleep,resting
2026-08-02T23:42:00Z,SED_003,78.9,32.0,36.54,17.8,95.2,5.0,54,light_sleep,resting
2026-08-02T23:43:00Z,SED_003,79.1,33.2,36.57,16.6,95.9,5.0,54,light_sleep,resting
2026-08-02T23:44:00Z,SED_003,74.6,36.1,36.5,16.4,95.1,5.0,54,light_sleep,resting
2026-08-02T23:45:00Z,SED_003,80.1,30.7,36.47,16.0,95.6,5.0,54,light_sleep,resting
2026-08-02T23:46:00Z,SED_003,76.7,30.6,36.68,15.9,95.6,5.0,54,light_sleep,resting
2026-08-02T23:47:00Z,SED_003,76.7,31.5,36.69,16.7,95.4,5.0,54,light_sleep,resting
2026-08-02T23:48:00Z,SED_003,76.9,32.0,36.61,17.2,95.4,5.0,54,light_sleep,resting
2026-08-02T23:49:00Z,SED_003,81.2,29.7,36.59,16.6,95.5,5.0,54,light_sleep,resting
2026-08-02T23:50:00Z,SED_003,78.0,31.9,36.62,17.0,95.6,5.0,54,light_sleep,resting
2026-08-02T23:51:00Z,SED_003,76.9,32.4,36.62,16.5,95.8,5.0,54,light_sleep,resting
2026-08-02T23:52:00Z,SED_003,75.3,29.6,36.57,16.4,95.5,5.0,54,light_sleep,resting
2026-08-02T23:53:00Z,SED_003,74.4,34.9,36.62,16.0,95.5,5.0,54,light_sleep,resting
2026-08-02T23:54:00Z,SED_003,80.4,32.0,36.67,17.1,95.6,5.0,54,light_sleep,resting
2026-08-02T23:55:00Z,SED_003,74.5,34.8,36.62,17.4,95.3,5.0,54,light_sleep,resting
2026-08-02T23:56:00Z,SED_003,72.7,33.7,36.34,16.4,95.8,5.0,54,light_sleep,resting
2026-08-02T23:57:00Z,SED_003,77.6,33.6,36.75,16.9,95.7,5.0,54,light_sleep,resting
2026-08-02T23:58:00Z,SED_003,81.0,29.0,36.59,17.9,94.8,5.0,54,light_sleep,resting
2026-08-02T23:59:00Z,SED_003,73.2,37.3,36.68,17.0,95.6,5.0,54,light_sleep,resting
