timestamp,user_id,heart_rate,hrv_sdnn,skin_temp,resp_rate,spo2,strain_score,recovery_score,sleep_stage,activity_level
2026-08-01T00:00:00Z,ELD_002,62.2,43.8,36.46,14.2,96.5,8.0,78,light_sleep,resting
2026-08-01T00:01:00Z,ELD_002,63.3,47.3,36.45,15.0,96.9,8.0,78,light_sleep,resting
2026-08-01T00:02:00Z,ELD_002,68.6,43.7,36.45,15.3,96.5,8.0,78,light_sleep,resting
2026-08-01T00:03:00Z,ELD_002,61.4,46.5,36.62,13.6,96.3,8.0,78,light_sleep,resting
2026-08-01T00:04:00Z,ELD_002,59.2,50.6,36.2,14.8,96.9,8.0,78,light_sleep,resting
2026-08-01T00:05:00Z,ELD_002,69.1,45.3,36.48,15.3,96.6,8.0,78,light_sleep,resting
2026-08-01T00:06:00Z,ELD_002,67.5,45.9,36.33,16.3,96.3,8.0,78,light_sleep,resting
2026-08-01T00:07:00Z,ELD_002,66.4,43.9,36.48,15.3,96.5,8.0,78,light_sleep,resting
2026-08-01T00:08:00Z,ELD_002,65.4,45.1,36.24,15.0,97.0,8.0,78,light_sleep,resting
2026-08-01T00:09:00Z,ELD_002,62.1,46.0,36.32,14.6,96.2,8.0,78,light_sleep,resting
2026-08-01T00:10:00Z,ELD_002,62.6,45.4,36.23,15.1,96.8,8.0,78,light_sleep,resting
2026-08-01T00:11:00Z,ELD_002,63.3,43.7,36.5,14.7,96.7,8.0,78,light_sleep,resting
2026-08-01T00:12:00Z,ELD_002,72.4,41.7,36.41,15.5,96.6,8.0,78,light_sleep,resting
2026-08-01T00:13:00Z,ELD_002,65.7,44.6,36.51,14.4,97.0,8.0,78,light_sleep,resting
2026-08-01T00:14:00Z,ELD_002,63.6,42.6,36.26,14.3,96.6,8.0,78,light_sleep,resting
2026-08-01T00:15:00Z,ELD_002,66.3,48.0,36.47,14.9,96.3,8.0,78,light_sleep,resting
2026-08-01T00:16:00Z,ELD_002,69.2,43.8,36.24,15.4,96.7,8.0,78,light_sleep,resting
2026-08-01T00:17:00Z,ELD_002,66.6,44.1,36.39,16.4,96.0,8.0,78,light_sleep,resting
2026-08-01T00:18:00Z,ELD_002,67.5,47.2,36.38,15.0,97.0,8.0,78,light_sleep,resting
2026-08-01T00:19:00Z,ELD_002,66.0,46.6,36.33,14.8,97.0,8.0,78,light_sleep,resting
2026-08-01T00:20:00Z,ELD_002,66.7,41.8,36.36,14.7,96.8,8.0,78,light_sleep,resting
2026-08-01T00:21:00Z,ELD_002,59.3,43.4,36.49,15.0,96.9,8.0,78,light_sleep,resting
2026-08-01T00:22:00Z,ELD_002,65.9,44.9,36.47,14.6,96.6,8.0,78,light_sleep,resting
2026-08-01T00:23:00Z,ELD_002,65.2,45.7,36.39,14.6,96.2,8.0,78,light_sleep,resting
2026-08-01T00:24:00Z,ELD_002,70.0,44.5,36.44,14.7,96.4,8.0,78,light_sleep,resting
2026-08-01T00:25:00Z,ELD_002,68.9,44.2,36.47,16.0,96.4,8.0,78,light_sleep,resting
2026-08-01T00:26:00Z,ELD_002,68.7,43.2,36.39,15.3,96.8,8.0,78,light_sleep,resting
2026-08-01T00:27:00Z,ELD_002,63.8,45.1,36.2,15.7,97.0,8.0,78,light_sleep,resting
2026-08-01T00:28:00Z,ELD_002,66.3,49.1,36.54,14.7,95.9,8.0,78,light_sleep,resting
2026-08-01T00:29:00Z,ELD_002,67.8,44.0,36.43,15.9,97.0,8.0,78,light_sleep,resting
2026-08-01T00:30:00Z,ELD_002,66.3,46.3,36.37,14.7,96.8,8.0,78,light_sleep,resting
2026-08-01T00:31:00Z,ELD_002,57.9,48.2,36.35,13.7,96.9,8.0,78,light_sleep,resting
2026-08-01T00:32:00Z,ELD_002,64.2,46.2,36.47,14.6,96.6,8.0,78,light_sleep,resting
2026-08-01T00:33:00Z,ELD_002,69.8,44.6,36.39,14.7,96.8,8.0,78,light_sleep,resting
2026-08-01T00:34:00Z,ELD_002,67.6,45.5,36.47,14.6,97.0,8.0,78,light_sleep,resting
2026-08-01T00:35:00Z,ELD_002,63.2,42.6,36.3,13.7,96.8,8.0,78,light_sleep,resting
2026-08-01T00:36:00Z,ELD_002,70.2,43.9,36.43,15.3,96.9,8.0,78,light_sleep,resting
2026-08-01T00:37:00Z,ELD_002,68.4,41.7,36.54,16.2,96.5,8.0,78,light_sleep,resting
2026-08-01T00:38:00Z,ELD_002,66.8,43.5,36.36,14.7,96.1,8.0,78,light_sleep,resting
2026-08-01T00:39:00Z,ELD_002,68.3,40.8,36.34,15.6,96.9,8.0,78,light_sleep,resting
2026-08-01T00:40:00Z,ELD_002,72.7,42.3,36.5,15.2,97.0,8.0,78,light_sleep,resting
2026-08-01T00:41:00Z,ELD_002,65.9,44.9,36.51,15.1,96.6,8.0,78,light_sleep,resting
2026-08-01T00:42:00Z,ELD_002,70.2,41.9,36.45,15.3,96.5,8.0,78,light_sleep,resting
2026-08-01T00:43:00Z,ELD_002,69.7,40.8,36.34,15.2,96.8,8.0,78,light_sleep,resting
2026-08-01T00:44:00Z,ELD_002,69.4,37.7,36.33,14.8,96.8,8.0,78,light_sleep,resting
2026-08-01T00:45:00Z,ELD_002,67.0,47.3,36.47,14.7,96.1,8.0,78,light_sleep,resting
2026-08-01T00:46:00Z,ELD_002,64.0,45.9,36.42,15.2,96.9,8.0,78,light_sleep,resting
2026-08-01T00:47:00Z,ELD_002,60.6,46.6,36.3,13.9,96.9,8.0,78,light_sleep,resting
2026-08-01T00:48:00Z,ELD_002,62.1,45.5,36.27,15.7,96.4,8.0,78,light_sleep,resting
2026-08-01T00:49:00Z,ELD_002,66.0,44.9,36.41,15.4,96.7,8.0,78,light_sleep,resting
2026-08-01T00:50:00Z,ELD_002,67.3,43.0,36.37,15.1,96.5,8.0,78,light_sleep,resting
2026-08-01T00:51:00Z,ELD_002,69.6,44.5,36.47,15.3,96.9,8.0,78,light_sleep,resting
2026-08-01T00:52:00Z,ELD_002,70.2,41.2,36.44,15.8,96.8,8.0,78,light_sleep,resting
2026-08-01T00:53:00Z,ELD_002,68.7,42.6,36.41,15.0,96.6,8.0,78,light_sleep,resting
2026-08-01T00:54:00Z,ELD_002,62.0,46.2,36.35,15.2,97.0,8.0,78,light_sleep,resting
2026-08-01T00:55:00Z,ELD_002,67.1,44.6,36.48,15.1,96.7,8.0,78,light_sleep,resting
2026-08-01T00:56:00Z,ELD_002,70.0,42.5,36.37,15.2,96.9,8.0,78,light_sleep,resting
2026-08-01T00:57:00Z,ELD_002,65.6,46.5,36.42,15.2,96.5,8.0,78,light_sleep,resting
2026-08-01T00:58:00Z,ELD_002,61.8,44.0,36.5,15.1,96.8,8.0,78,light_sleep,resting
2026-08-01T00:59:00Z,ELD_002,65.7,41.1,36.21,14.8,96.3,8.0,78,light_sleep,resting
2026-08-01T01:00:00Z,ELD_002,71.8,40.8,36.33,15.6,96.6,8.0,78,light_sleep,resting
2026-08-01T01:01:00Z,ELD_002,72.5,45.9,36.21,15.3,96.9,8.0,78,light_sleep,resting
2026-08-01T01:02:00Z,ELD_002,73.2,38.9,36.44,17.0,96.9,8.0,78,light_sleep,resting
2026-08-01T01:03:00Z,ELD_002,67.6,47.1,36.6,14.9,97.0,8.0,78,light_sleep,resting
2026-08-01T01:04:00Z,ELD_002,65.8,46.7,36.45,15.1,96.4,8.0,78,light_sleep,resting
2026-08-01T01:05:00Z,ELD_002,75.3,41.1,36.41,16.0,97.0,8.0,78,light_sleep,resting
2026-08-01T01:06:00Z,ELD_002,72.3,42.2,36.55,14.9,96.7,8.0,78,light_sleep,resting
2026-08-01T01:07:00Z,ELD_002,66.4,47.8,36.45,15.0,96.2,8.0,78,light_sleep,resting
2026-08-01T01:08:00Z,ELD_002,67.7,43.9,36.39,15.9,97.0,8.0,78,light_sleep,resting
2026-08-01T01:09:00Z,ELD_002,66.9,45.4,36.25,15.5,96.4,8.0,78,light_sleep,resting
2026-08-01T01:10:00Z,ELD_002,73.1,44.8,36.28,15.6,96.3,8.0,78,light_sleep,resting
2026-08-01T01:11:00Z,ELD_002,68.2,43.4,36.43,16.6,96.9,8.0,78,light_sleep,resting
2026-08-01T01:12:00Z,ELD_002,71.8,41.4,36.51,16.6,96.9,8.0,78,light_sleep,resting
2026-08-01T01:13:00Z,ELD_002,68.1,41.1,36.33,15.6,96.8,8.0,78,light_sleep,resting
2026-08-01T01:14:00Z,ELD_002,73.2,41.8,36.45,15.5,96.7,8.0,78,light_sleep,resting
2026-08-01T01:15:00Z,ELD_002,71.7,42.8,36.24,15.5,96.5,8.0,78,light_sleep,resting
2026-08-01T01:16:00Z,ELD_002,70.0,44.3,36.38,15.8,96.2,8.0,78,light_sleep,resting
2026-08-01T01:17:00Z,ELD_002,74.4,44.6,36.31,15.5,96.4,8.0,78,light_sleep,resting
2026-08-01T01:18:00Z,ELD_002,67.1,43.5,36.47,15.2,96.9,8.0,78,light_sleep,resting
2026-08-01T01:19:00Z,ELD_002,67.2,45.2,36.4,14.8,96.8,8.0,78,light_sleep,resting
2026-08-01T01:20:00Z,ELD_002,67.9,45.8,36.3,15.5,96.6,8.0,78,light_sleep,resting
2026-08-01T01:21:00Z,ELD_002,64.1,48.3,36.38,13.8,97.0,8.0,78,light_sleep,resting
2026-08-01T01:22:00Z,ELD_002,70.7,40.4,36.41,15.6,96.7,8.0,78,light_sleep,resting
2026-08-01T01:23:00Z,ELD_002,67.9,49.1,36.54,15.2,97.0,8.0,78,light_sleep,resting
2026-08-01T01:24:00Z,ELD_002,67.0,44.3,36.52,14.7,96.9,8.0,78,light_sleep,resting
2026-08-01T01:25:00Z,ELD_002,67.4,42.7,36.3,14.9,96.9,8.0,78,light_sleep,resting
2026-08-01T01:26:00Z,ELD_002,71.6,40.5,36.59,15.8,96.4,8.0,78,light_sleep,resting
2026-08-01T01:27:00Z,ELD_002,70.1,41.9,36.27,14.9,96.4,8.0,78,light_sleep,resting
2026-08-01T01:28:00Z,ELD_002,68.4,43.5,36.38,15.1,97.0,8.0,78,light_sleep,resting
2026-08-01T01:29:00Z,ELD_002,64.0,47.1,36.57,15.5,96.6,8.0,78,light_sleep,resting
2026-08-01T01:30:00Z,ELD_002,65.4,41.9,36.67,14.7,96.8,8.0,78,light_sleep,resting
2026-08-01T01:31:00Z,ELD_002,70.3,43.5,36.34,15.8,96.0,8.0,78,light_sleep,resting
2026-08-01T01:32:00Z,ELD_002,69.1,39.9,36.37,14.9,96.8,8.0,78,light_sleep,resting
2026-08-01T01:33:00Z,ELD_002,70.1,45.2,36.39,15.6,96.6,8.0,78,light_sleep,resting
2026-08-01T01:34:00Z,ELD_002,65.2,47.0,36.33,15.1,96.4,8.0,78,light_sleep,resting
2026-08-01T01:35:00Z,ELD_002,66.0,48.2,36.42,15.4,95.9,8.0,78,light_sleep,resting
2026-08-01T01:36:00Z,ELD_002,70.3,41.7,36.53,15.4,96.5,8.0,78,light_sleep,resting
2026-08-01T01:37:00Z,ELD_002,74.0,42.9,36.34,15.6,96.5,8.0,78,light_sleep,resting
2026-08-01T01:38:00Z,ELD_002,72.3,40.2,36.53,15.6,96.8,8.0,78,light_sleep,resting
2026-08-01T01:39:00Z,ELD_002,67.7,46.7,36.18,15.5,96.0,8.0,78,light_sleep,resting
2026-08-01T01:40:00Z,ELD_002,64.4,45.4,36.4,14.4,96.8,8.0,78,light_sleep,resting
2026-08-01T01:41:00Z,ELD_002,75.8,44.8,36.37,16.4,96.6,8.0,78,light_sleep,resting
2026-08-01T01:42:00Z,ELD_002,71.2,41.0,36.39,15.6,96.9,8.0,78,light_sleep,resting
2026-08-01T01:43:00Z,ELD_002,73.9,42.0,36.36,15.6,97.0,8.0,78,light_sleep,resting
2026-08-01T01:44:00Z,ELD_002,64.9,47.0,36.54,14.2,97.0,8.0,78,light_sleep,resting
2026-08-01T01:45:00Z,ELD_002,68.7,41.8,36.44,15.0,96.9,8.0,78,light_sleep,resting
2026-08-01T01:46:00Z,ELD_002,73.1,44.2,36.61,14.9,96.6,8.0,78,light_sleep,resting
2026-08-01T01:47:00Z,ELD_002,68.8,43.7,36.31,14.5,96.9,8.0,78,light_sleep,resting
2026-08-01T01:48:00Z,ELD_002,70.0,42.2,36.28,14.7,96.9,8.0,78,light_sleep,resting
2026-08-01T01:49:00Z,ELD_002,66.3,44.3,36.36,14.9,96.5,8.0,78,light_sleep,resting
2026-08-01T01:50:00Z,ELD_002,68.4,41.8,36.35,16.0,96.8,8.0,78,light_sleep,resting
2026-08-01T01:51:00Z,ELD_002,71.2,42.6,36.44,15.7,96.4,8.0,78,light_sleep,resting
2026-08-01T01:52:00Z,ELD_002,66.5,45.4,36.46,14.7,96.5,8.0,78,light_sleep,resting
2026-08-01T01:53:00Z,ELD_002,72.0,44.6,36.4,15.5,96.9,8.0,78,light_sleep,resting
2026-08-01T01:54:00Z,ELD_002,65.8,46.2,36.35,14.5,96.7,8.0,78,light_sleep,resting
2026-08-01T01:55:00Z,ELD_002,68.6,43.9,36.56,15.3,96.9,8.0,78,light_sleep,resting
2026-08-01T01:56:00Z,ELD_002,69.3,46.3,36.41,15.6,96.5,8.0,78,light_sleep,resting
2026-08-01T01:57:00Z,ELD_002,66.7,44.8,36.47,15.1,96.5,8.0,78,light_sleep,resting
2026-08-01T01:58:00Z,ELD_002,71.8,42.0,36.21,15.3,96.7,8.0,78,light_sleep,resting
2026-08-01T01:59:00Z,ELD_002,66.9,45.8,36.44,15.1,96.6,8.0,78,light_sleep,resting
2026-08-01T02:00:00Z,ELD_002,66.4,45.7,36.39,15.0,96.7,8.0,78,light_sleep,resting
2026-08-01T02:01:00Z,ELD_002,71.7,45.4,36.31,15.9,96.6,8.0,78,light_sleep,resting
2026-08-01T02:02:00Z,ELD_002,71.4,41.8,36.31,15.3,96.7,8.0,78,light_sleep,resting
2026-08-01T02:03:00Z,ELD_002,75.5,43.0,36.36,16.0,96.9,8.0,78,light_sleep,resting
2026-08-01T02:04:00Z,ELD_002,66.8,45.6,36.46,14.4,96.4,8.0,78,light_sleep,resting
2026-08-01T02:05:00Z,ELD_002,68.6,43.2,36.38,15.0,96.5,8.0,78,light_sleep,resting
2026-08-01T02:06:00Z,ELD_002,78.1,37.7,36.34,15.7,96.8,8.0,78,light_sleep,resting
2026-08-01T02:07:00Z,ELD_002,67.6,42.9,36.68,16.2,96.4,8.0,78,light_sleep,resting
2026-08-01T02:08:00Z,ELD_002,74.4,38.2,36.5,16.0,96.8,8.0,78,light_sleep,resting
2026-08-01T02:09:00Z,ELD_002,69.9,43.7,36.41,15.8,96.6,8.0,78,light_sleep,resting
2026-08-01T02:10:00Z,ELD_002,67.4,45.4,36.38,16.0,96.7,8.0,78,light_sleep,resting
2026-08-01T02:11:00Z,ELD_002,70.3,42.2,36.29,15.7,96.6,8.0,78,light_sleep,resting
2026-08-01T02:12:00Z,ELD_002,69.6,44.1,36.24,15.6,96.6,8.0,78,light_sleep,resting
2026-08-01T02:13:00Z,ELD_002,65.5,47.6,36.33,15.1,96.3,8.0,78,light_sleep,resting
2026-08-01T02:14:00Z,ELD_002,66.7,45.1,36.36,15.3,96.7,8.0,78,light_sleep,resting
2026-08-01T02:15:00Z,ELD_002,66.8,45.5,36.42,15.1,96.7,8.0,78,light_sleep,resting
2026-08-01T02:16:00Z,ELD_002,74.8,42.6,36.24,15.7,96.5,8.0,78,light_sleep,resting
2026-08-01T02:17:00Z,ELD_002,67.3,40.5,36.42,14.8,96.1,8.0,78,light_sleep,resting
2026-08-01T02:18:00Z,ELD_002,71.4,40.0,36.3,14.6,96.8,8.0,78,light_sleep,resting
2026-08-01T02:19:00Z,ELD_002,75.0,43.9,36.63,15.8,96.8,8.0,78,light_sleep,resting
2026-08-01T02:20:00Z,ELD_002,70.3,43.7,36.4,15.7,96.5,8.0,78,light_sleep,resting
2026-08-01T02:21:00Z,ELD_002,75.2,41.6,36.49,15.5,95.8,8.0,78,light_sleep,resting
2026-08-01T02:22:00Z,ELD_002,68.9,45.7,36.56,16.3,95.5,8.0,78,light_sleep,resting
2026-08-01T02:23:00Z,ELD_002,68.7,47.7,36.36,15.5,96.2,8.0,78,light_sleep,resting
2026-08-01T02:24:00Z,ELD_002,67.5,44.0,36.32,15.0,96.4,8.0,78,light_sleep,resting
2026-08-01T02:25:00Z,ELD_002,68.4,42.4,36.46,15.1,96.8,8.0,78,light_sleep,resting
2026-08-01T02:26:00Z,ELD_002,66.8,44.5,36.17,14.7,96.8,8.0,78,light_sleep,resting
2026-08-01T02:27:00Z,ELD_002,71.8,44.2,36.32,16.0,96.0,8.0,78,light_sleep,resting
2026-08-01T02:28:00Z,ELD_002,68.4,46.2,36.43,15.2,96.6,8.0,78,light_sleep,resting
2026-08-01T02:29:00Z,ELD_002,73.2,42.5,36.49,16.3,96.8,8.0,78,light_sleep,resting
2026-08-01T02:30:00Z,ELD_002,73.7,43.7,36.33,16.5,96.6,8.0,78,light_sleep,resting
2026-08-01T02:31:00Z,ELD_002,72.2,45.6,36.21,16.5,96.7,8.0,78,light_sleep,resting
2026-08-01T02:32:00Z,ELD_002,70.4,38.3,36.27,15.7,96.9,8.0,78,light_sleep,resting
2026-08-01T02:33:00Z,ELD_002,70.2,45.4,36.37,15.1,96.7,8.0,78,light_sleep,resting
2026-08-01T02:34:00Z,ELD_002,69.6,47.5,36.48,14.9,96.9,8.0,78,light_sleep,resting
2026-08-01T02:35:00Z,ELD_002,71.3,45.6,36.36,15.7,96.9,8.0,78,light_sleep,resting
2026-08-01T02:36:00Z,ELD_002,67.7,41.5,36.41,16.3,95.9,8.0,78,light_sleep,resting
2026-08-01T02:37:00Z,ELD_002,70.0,44.5,36.38,14.8,96.6,8.0,78,light_sleep,resting
2026-08-01T02:38:00Z,ELD_002,70.0,43.8,36.52,15.5,96.7,8.0,78,light_sleep,resting
2026-08-01T02:39:00Z,ELD_002,73.0,42.3,36.39,16.1,96.6,8.0,78,light_sleep,resting
2026-08-01T02:40:00Z,ELD_002,76.8,37.6,36.37,15.7,97.0,8.0,78,light_sleep,resting
2026-08-01T02:41:00Z,ELD_002,75.7,38.0,36.39,16.8,96.9,8.0,78,light_sleep,resting
2026-08-01T02:42:00Z,ELD_002,64.8,46.3,36.28,14.6,96.8,8.0,78,light_sleep,resting
2026-08-01T02:43:00Z,ELD_002,77.3,44.5,36.46,16.7,96.8,8.0,78,light_sleep,resting
2026-08-01T02:44:00Z,ELD_002,72.0,45.3,36.42,15.7,97.0,8.0,78,light_sleep,resting
2026-08-01T02:45:00Z,ELD_002,68.4,47.3,36.53,14.3,96.3,8.0,78,light_sleep,resting
2026-08-01T02:46:00Z,ELD_002,71.5,42.4,36.4,14.9,96.6,8.0,78,light_sleep,resting
2026-08-01T02:47:00Z,ELD_002,69.6,42.4,36.49,15.3,96.4,8.0,78,light_sleep,resting
2026-08-01T02:48:00Z,ELD_002,70.1,45.7,36.39,15.6,96.8,8.0,78,light_sleep,resting
2026-08-01T02:49:00Z,ELD_002,72.8,41.9,36.44,15.2,96.9,8.0,78,light_sleep,resting
2026-08-01T02:50:00Z,ELD_002,76.9,41.9,36.49,16.2,96.7,8.0,78,light_sleep,resting
2026-08-01T02:51:00Z,ELD_002,72.3,44.2,36.6,14.8,96.8,8.0,78,light_sleep,resting
2026-08-01T02:52:00Z,ELD_002,73.4,44.9,36.55,15.8,96.4,8.0,78,light_sleep,resting
2026-08-01T02:53:00Z,ELD_002,72.3,42.8,36.42,15.7,96.6,8.0,78,light_sleep,resting
2026-08-01T02:54:00Z,ELD_002,74.2,40.7,36.43,15.7,96.9,8.0,78,light_sleep,resting
2026-08-01T02:55:00Z,ELD_002,70.3,44.1,36.13,15.6,96.5,8.0,78,light_sleep,resting
2026-08-01T02:56:00Z,ELD_002,68.4,44.9,36.51,15.3,96.2,8.0,78,light_sleep,resting
2026-08-01T02:57:00Z,ELD_002,71.9,39.9,36.44,15.6,96.7,8.0,78,light_sleep,resting
2026-08-01T02:58:00Z,ELD_002,71.2,37.8,36.49,15.4,96.9,8.0,78,light_sleep,resting
2026-08-01T02:59:00Z,ELD_002,68.6,42.4,36.46,15.3,96.7,8.0,78,light_sleep,resting
2026-08-01T03:00:00Z,ELD_002,68.8,42.8,36.21,15.6,96.7,8.0,78,light_sleep,resting
2026-08-01T03:01:00Z,ELD_002,69.8,44.6,36.45,15.8,96.5,8.0,78,light_sleep,resting
2026-08-01T03:02:00Z,ELD_002,74.8,41.5,36.49,16.1,96.2,8.0,78,light_sleep,resting
2026-08-01T03:03:00Z,ELD_002,71.9,41.8,36.41,16.2,96.6,8.0,78,light_sleep,resting
2026-08-01T03:04:00Z,ELD_002,71.7,42.5,36.36,16.5,96.1,8.0,78,light_sleep,resting
2026-08-01T03:05:00Z,ELD_002,71.0,43.8,36.4,15.7,96.6,8.0,78,light_sleep,resting
2026-08-01T03:06:00Z,ELD_002,76.1,42.9,36.43,15.9,96.8,8.0,78,light_sleep,resting
2026-08-01T03:07:00Z,ELD_002,68.3,43.9,36.24,16.0,96.5,8.0,78,light_sleep,resting
2026-08-01T03:08:00Z,ELD_002,69.0,44.7,36.25,15.8,96.3,8.0,78,light_sleep,resting
2026-08-01T03:09:00Z,ELD_002,75.7,41.2,36.39,16.6,96.0,8.0,78,light_sleep,resting
2026-08-01T03:10:00Z,ELD_002,71.3,43.9,36.57,15.9,96.3,8.0,78,light_sleep,resting
2026-08-01T03:11:00Z,ELD_002,72.3,44.2,36.46,15.4,96.5,8.0,78,light_sleep,resting
2026-08-01T03:12:00Z,ELD_002,68.6,46.8,36.45,15.4,96.9,8.0,78,light_sleep,resting
2026-08-01T03:13:00Z,ELD_002,70.0,47.1,36.31,16.3,96.6,8.0,78,light_sleep,resting
2026-08-01T03:14:00Z,ELD_002,75.7,40.8,36.34,15.8,96.6,8.0,78,light_sleep,resting
2026-08-01T03:15:00Z,ELD_002,72.6,41.4,36.46,16.2,96.9,8.0,78,light_sleep,resting
2026-08-01T03:16:00Z,ELD_002,72.1,40.3,36.53,15.1,96.8,8.0,78,light_sleep,resting
2026-08-01T03:17:00Z,ELD_002,74.7,42.6,36.4,15.6,96.2,8.0,78,light_sleep,resting
2026-08-01T03:18:00Z,ELD_002,70.5,45.1,36.16,14.8,96.8,8.0,78,light_sleep,resting
2026-08-01T03:19:00Z,ELD_002,74.0,43.4,36.33,16.1,96.9,8.0,78,light_sleep,resting
2026-08-01T03:20:00Z,ELD_002,74.2,41.1,36.39,14.6,96.0,8.0,78,light_sleep,resting
2026-08-01T03:21:00Z,ELD_002,70.9,43.7,36.3,16.2,96.4,8.0,78,light_sleep,resting
2026-08-01T03:22:00Z,ELD_002,74.9,42.2,36.44,16.5,96.1,8.0,78,light_sleep,resting
2026-08-01T03:23:00Z,ELD_002,75.9,42.6,36.39,16.4,96.6,8.0,78,light_sleep,resting
2026-08-01T03:24:00Z,ELD_002,68.0,44.1,36.34,15.2,96.8,8.0,78,light_sleep,resting
2026-08-01T03:25:00Z,ELD_002,68.8,45.0,36.35,15.4,96.7,8.0,78,light_sleep,resting
2026-08-01T03:26:00Z,ELD_002,75.0,40.7,36.47,16.1,96.9,8.0,78,light_sleep,resting
2026-08-01T03:27:00Z,ELD_002,74.8,42.6,36.36,17.2,96.7,8.0,78,light_sleep,resting
2026-08-01T03:28:00Z,ELD_002,70.6,42.2,36.36,15.1,96.8,8.0,78,light_sleep,resting
2026-08-01T03:29:00Z,ELD_002,69.4,40.1,36.4,15.8,97.0,8.0,78,light_sleep,resting
2026-08-01T03:30:00Z,ELD_002,68.4,44.7,36.51,15.3,96.9,8.0,78,light_sleep,resting
2026-08-01T03:31:00Z,ELD_002,70.3,43.4,36.25,16.3,95.7,8.0,78,light_sleep,resting
2026-08-01T03:32:00Z,ELD_002,69.5,41.2,36.52,14.6,96.8,8.0,78,light_sleep,resting
2026-08-01T03:33:00Z,ELD_002,72.9,47.1,36.5,15.6,96.1,8.0,78,light_sleep,resting
2026-08-01T03:34:00Z,ELD_002,75.7,43.6,36.23,16.6,96.1,8.0,78,light_sleep,resting
2026-08-01T03:35:00Z,ELD_002,74.4,41.0,36.31,16.2,96.5,8.0,78,light_sleep,resting
2026-08-01T03:36:00Z,ELD_002,73.0,40.8,36.36,15.3,96.7,8.0,78,light_sleep,resting
2026-08-01T03:37:00Z,ELD_002,72.1,40.5,36.47,15.3,96.6,8.0,78,light_sleep,resting
2026-08-01T03:38:00Z,ELD_002,73.3,43.1,36.38,15.9,96.9,8.0,78,light_sleep,resting
2026-08-01T03:39:00Z,ELD_002,69.9,43.7,36.32,15.7,96.7,8.0,78,light_sleep,resting
2026-08-01T03:40:00Z,ELD_002,68.8,43.8,36.3,15.6,96.8,8.0,78,light_sleep,resting
2026-08-01T03:41:00Z,ELD_002,73.3,44.7,36.21,15.8,96.8,8.0,78,light_sleep,resting
2026-08-01T03:42:00Z,ELD_002,77.2,39.5,36.42,16.0,96.7,8.0,78,light_sleep,resting
2026-08-01T03:43:00Z,ELD_002,71.8,44.6,36.37,15.6,96.6,8.0,78,light_sleep,resting
2026-08-01T03:44:00Z,ELD_002,74.9,39.3,36.28,16.5,96.6,8.0,78,light_sleep,resting
2026-08-01T03:45:00Z,ELD_002,68.6,49.0,36.41,15.2,96.5,8.0,78,light_sleep,resting
2026-08-01T03:46:00Z,ELD_002,70.0,43.1,36.5,15.0,97.0,8.0,78,light_sleep,resting
2026-08-01T03:47:00Z,ELD_002,76.7,44.7,36.53,16.8,96.6,8.0,78,light_sleep,resting
2026-08-01T03:48:00Z,ELD_002,75.8,41.8,36.29,15.9,96.8,8.0,78,light_sleep,resting
2026-08-01T03:49:00Z,ELD_002,70.9,44.5,36.3,15.2,96.9,8.0,78,light_sleep,resting
2026-08-01T03:50:00Z,ELD_002,72.9,44.5,36.51,16.1,96.9,8.0,78,light_sleep,resting
2026-08-01T03:51:00Z,ELD_002,74.1,42.7,36.29,15.5,96.8,8.0,78,light_sleep,resting
2026-08-01T03:52:00Z,ELD_002,74.1,41.0,36.51,15.6,97.0,8.0,78,light_sleep,resting
2026-08-01T03:53:00Z,ELD_002,74.1,44.8,36.49,16.2,96.8,8.0,78,light_sleep,resting
2026-08-01T03:54:00Z,ELD_002,70.8,42.7,36.4,15.4,96.8,8.0,78,light_sleep,resting
2026-08-01T03:55:00Z,ELD_002,77.1,40.4,36.32,15.4,96.8,8.0,78,light_sleep,resting
2026-08-01T03:56:00Z,ELD_002,76.7,40.1,36.36,16.4,96.6,8.0,78,light_sleep,resting
2026-08-01T03:57:00Z,ELD_002,76.3,40.5,36.47,16.3,96.4,8.0,78,light_sleep,resting
2026-08-01T03:58:00Z,ELD_002,74.8,43.5,36.39,16.1,96.3,8.0,78,light_sleep,resting
2026-08-01T03:59:00Z,ELD_002,74.7,44.7,36.35,16.5,96.6,8.0,78,light_sleep,resting
2026-08-01T04:00:00Z,ELD_002,73.0,44.0,36.5,15.5,96.9,8.0,78,light_sleep,resting
2026-08-01T04:01:00Z,ELD_002,76.1,40.6,36.4,16.6,96.7,8.0,78,light_sleep,resting
2026-08-01T04:02:00Z,ELD_002,77.2,43.5,36.39,16.8,96.8,8.0,78,light_sleep,resting
2026-08-01T04:03:00Z,ELD_002,70.4,45.5,36.44,15.8,96.3,8.0,78,light_sleep,resting
2026-08-01T04:04:00Z,ELD_002,72.5,40.4,36.47,15.5,96.4,8.0,78,light_sleep,resting
2026-08-01T04:05:00Z,ELD_002,72.9,43.0,36.48,14.7,95.9,8.0,78,light_sleep,resting
2026-08-01T04:06:00Z,ELD_002,73.8,43.5,36.17,16.0,96.8,8.0,78,light_sleep,resting
2026-08-01T04:07:00Z,ELD_002,72.2,43.9,36.55,15.4,96.9,8.0,78,light_sleep,resting
2026-08-01T04:08:00Z,ELD_002,79.8,38.6,36.32,16.7,96.5,8.0,78,light_sleep,resting
2026-08-01T04:09:00Z,ELD_002,71.6,42.3,36.49,15.0,97.0,8.0,78,light_sleep,resting
2026-08-01T04:10:00Z,ELD_002,74.3,44.4,36.38,15.6,96.7,8.0,78,light_sleep,resting
2026-08-01T04:11:00Z,ELD_002,73.8,41.4,36.33,17.0,96.9,8.0,78,light_sleep,resting
2026-08-01T04:12:00Z,ELD_002,70.9,42.5,36.41,15.6,96.6,8.0,78,light_sleep,resting
2026-08-01T04:13:00Z,ELD_002,78.2,43.3,36.52,16.7,96.9,8.0,78,light_sleep,resting
2026-08-01T04:14:00Z,ELD_002,72.4,43.1,36.23,15.1,96.4,8.0,78,light_sleep,resting
2026-08-01T04:15:00Z,ELD_002,79.1,40.6,36.49,17.2,96.8,8.0,78,light_sleep,resting
2026-08-01T04:16:00Z,ELD_002,73.3,43.3,36.44,15.3,96.4,8.0,78,light_sleep,resting
2026-08-01T04:17:00Z,ELD_002,73.2,42.7,36.35,16.9,96.3,8.0,78,light_sleep,resting
2026-08-01T04:18:00Z,ELD_002,76.2,43.0,36.39,15.9,96.4,8.0,78,light_sleep,resting
2026-08-01T04:19:00Z,ELD_002,74.0,41.3,36.43,16.7,96.1,8.0,78,light_sleep,resting
2026-08-01T04:20:00Z,ELD_002,78.5,39.2,36.24,16.8,96.6,8.0,78,light_sleep,resting
2026-08-01T04:21:00Z,ELD_002,75.2,39.6,36.54,16.1,96.7,8.0,78,light_sleep,resting
2026-08-01T04:22:00Z,ELD_002,73.3,45.4,36.32,14.8,96.0,8.0,78,light_sleep,resting
2026-08-01T04:23:00Z,ELD_002,72.0,44.1,36.49,16.6,96.8,8.0,78,light_sleep,resting
2026-08-01T04:24:00Z,ELD_002,75.2,41.3,36.33,16.9,96.8,8.0,78,light_sleep,resting
2026-08-01T04:25:00Z,ELD_002,72.5,41.1,36.28,16.7,96.7,8.0,78,light_sleep,resting
2026-08-01T04:26:00Z,ELD_002,66.1,46.5,36.42,14.9,96.5,8.0,78,light_sleep,resting
2026-08-01T04:27:00Z,ELD_002,75.4,42.9,36.35,15.9,96.9,8.0,78,light_sleep,resting
2026-08-01T04:28:00Z,ELD_002,74.8,42.0,36.41,15.5,96.7,8.0,78,light_sleep,resting
2026-08-01T04:29:00Z,ELD_002,80.6,40.9,36.43,16.1,96.2,8.0,78,light_sleep,resting
2026-08-01T04:30:00Z,ELD_002,74.1,42.2,36.55,15.5,96.3,8.0,78,light_sleep,resting
2026-08-01T04:31:00Z,ELD_002,73.2,42.8,36.35,15.7,96.5,8.0,78,light_sleep,resting
2026-08-01T04:32:00Z,ELD_002,72.2,38.9,36.47,15.0,96.1,8.0,78,light_sleep,resting
2026-08-01T04:33:00Z,ELD_002,77.3,40.9,36.33,15.9,96.8,8.0,78,light_sleep,resting
2026-08-01T04:34:00Z,ELD_002,76.0,43.3,36.57,16.0,96.4,8.0,78,light_sleep,resting
2026-08-01T04:35:00Z,ELD_002,68.4,42.8,36.45,15.8,96.9,8.0,78,light_sleep,resting
2026-08-01T04:36:00Z,ELD_002,68.1,45.4,36.4,15.5,96.3,8.0,78,light_sleep,resting
2026-08-01T04:37:00Z,ELD_002,70.3,44.5,36.37,15.8,96.9,8.0,78,light_sleep,resting
2026-08-01T04:38:00Z,ELD_002,79.1,40.8,36.41,17.0,96.8,8.0,78,light_sleep,resting
2026-08-01T04:39:00Z,ELD_002,79.1,42.0,36.45,16.9,96.2,8.0,78,light_sleep,resting
2026-08-01T04:40:00Z,ELD_002,70.6,44.6,36.7,15.9,96.5,8.0,78,light_sleep,resting
2026-08-01T04:41:00Z,ELD_002,75.3,40.9,36.6,16.2,96.9,8.0,78,light_sleep,resting
2026-08-01T04:42:00Z,ELD_002,75.1,42.4,36.32,17.1,96.9,8.0,78,light_sleep,resting
2026-08-01T04:43:00Z,ELD_002,74.4,42.9,36.24,15.7,96.9,8.0,78,light_sleep,resting
2026-08-01T04:44:00Z,ELD_002,71.2,42.9,36.56,14.8,96.0,8.0,78,light_sleep,resting
2026-08-01T04:45:00Z,ELD_002,76.3,40.0,36.21,16.9,96.6,8.0,78,light_sleep,resting
2026-08-01T04:46:00Z,ELD_002,75.7,44.9,36.34,16.3,96.9,8.0,78,light_sleep,resting
2026-08-01T04:47:00Z,ELD_002,71.5,41.7,36.43,16.1,96.1,8.0,78,light_sleep,resting
2026-08-01T04:48:00Z,ELD_002,71.6,40.3,36.42,15.4,96.7,8.0,78,light_sleep,resting
2026-08-01T04:49:00Z,ELD_002,75.4,44.7,36.35,16.0,96.9,8.0,78,light_sleep,resting
2026-08-01T04:50:00Z,ELD_002,73.6,44.2,36.46,15.8,97.0,8.0,78,light_sleep,resting
2026-08-01T04:51:00Z,ELD_002,77.9,43.0,36.25,16.0,96.6,8.0,78,light_sleep,resting
2026-08-01T04:52:00Z,ELD_002,73.1,43.2,36.44,15.7,97.0,8.0,78,light_sleep,resting
2026-08-01T04:53:00Z,ELD_002,73.2,41.4,36.49,16.0,96.8,8.0,78,light_sleep,resting
2026-08-01T04:54:00Z,ELD_002,74.0,41.6,36.41,15.8,96.9,8.0,78,light_sleep,resting
2026-08-01T04:55:00Z,ELD_002,72.5,42.9,36.33,15.5,96.7,8.0,78,light_sleep,resting
2026-08-01T04:56:00Z,ELD_002,71.9,43.0,36.27,16.2,96.6,8.0,78,light_sleep,resting
2026-08-01T04:57:00Z,ELD_002,77.4,42.1,36.34,15.5,96.0,8.0,78,light_sleep,resting
2026-08-01T04:58:00Z,ELD_002,71.8,39.7,36.42,16.1,97.0,8.0,78,light_sleep,resting
2026-08-01T04:59:00Z,ELD_002,75.6,42.2,36.44,16.4,96.9,8.0,78,light_sleep,resting
2026-08-01T05:00:00Z,ELD_002,70.1,46.9,36.49,15.6,96.4,8.0,78,light_sleep,resting
2026-08-01T05:01:00Z,ELD_002,73.0,43.5,36.25,15.7,96.5,8.0,78,light_sleep,resting
2026-08-01T05:02:00Z,ELD_002,77.2,44.9,36.35,16.2,96.6,8.0,78,light_sleep,resting
2026-08-01T05:03:00Z,ELD_002,75.8,39.8,36.26,15.6,96.6,8.0,78,light_sleep,resting
2026-08-01T05:04:00Z,ELD_002,72.8,44.8,36.43,15.6,97.0,8.0,78,light_sleep,resting
2026-08-01T05:05:00Z,ELD_002,77.6,38.5,36.4,16.0,96.7,8.0,78,light_sleep,resting
2026-08-01T05:06:00Z,ELD_002,77.1,36.4,36.44,15.4,96.3,8.0,78,light_sleep,resting
2026-08-01T05:07:00Z,ELD_002,74.9,43.7,36.38,16.2,96.5,8.0,78,light_sleep,resting
2026-08-01T05:08:00Z,ELD_002,74.0,42.7,36.41,15.6,96.4,8.0,78,light_sleep,resting
2026-08-01T05:09:00Z,ELD_002,76.2,39.7,36.31,16.1,96.7,8.0,78,light_sleep,resting
2026-08-01T05:10:00Z,ELD_002,73.8,42.0,36.31,16.1,96.6,8.0,78,light_sleep,resting
2026-08-01T05:11:00Z,ELD_002,75.2,42.6,36.36,16.2,96.7,8.0,78,light_sleep,resting
2026-08-01T05:12:00Z,ELD_002,68.7,42.8,36.4,15.8,96.1,8.0,78,light_sleep,resting
2026-08-01T05:13:00Z,ELD_002,77.5,39.5,36.45,16.3,97.0,8.0,78,light_sleep,resting
2026-08-01T05:14:00Z,ELD_002,75.4,40.3,36.45,16.0,96.8,8.0,78,light_sleep,resting
2026-08-01T05:15:00Z,ELD_002,76.5,40.9,36.4,16.3,96.7,8.0,78,light_sleep,resting
2026-08-01T05:16:00Z,ELD_002,71.2,40.5,36.51,16.0,96.9,8.0,78,light_sleep,resting
2026-08-01T05:17:00Z,ELD_002,69.3,42.0,36.34,16.1,96.3,8.0,78,light_sleep,resting
2026-08-01T05:18:00Z,ELD_002,74.8,45.0,36.14,16.0,96.5,8.0,78,light_sleep,resting
2026-08-01T05:19:00Z,ELD_002,74.1,44.4,36.38,16.0,96.4,8.0,78,light_sleep,resting
2026-08-01T05:20:00Z,ELD_002,77.9,41.3,36.49,16.3,97.0,8.0,78,light_sleep,resting
2026-08-01T05:21:00Z,ELD_002,74.6,44.1,36.59,16.8,96.5,8.0,78,light_sleep,resting
2026-08-01T05:22:00Z,ELD_002,72.7,42.4,36.3,16.1,96.9,8.0,78,light_sleep,resting
2026-08-01T05:23:00Z,ELD_002,79.2,42.9,36.47,16.4,96.6,8.0,78,light_sleep,resting
2026-08-01T05:24:00Z,ELD_002,72.7,43.2,36.44,15.5,96.4,8.0,78,light_sleep,resting
2026-08-01T05:25:00Z,ELD_002,79.0,42.6,36.27,16.4,96.3,8.0,78,light_sleep,resting
2026-08-01T05:26:00Z,ELD_002,81.6,39.5,36.34,16.1,96.6,8.0,78,light_sleep,resting
2026-08-01T05:27:00Z,ELD_002,72.4,41.2,36.2,15.0,97.0,8.0,78,light_sleep,resting
2026-08-01T05:28:00Z,ELD_002,73.4,47.7,36.29,16.3,96.5,8.0,78,light_sleep,resting
2026-08-01T05:29:00Z,ELD_002,74.2,41.1,36.42,16.6,96.6,8.0,78,light_sleep,resting
2026-08-01T05:30:00Z,ELD_002,78.7,42.7,36.44,16.1,96.2,8.0,78,light_sleep,resting
2026-08-01T05:31:00Z,ELD_002,75.0,39.1,36.48,16.4,96.5,8.0,78,light_sleep,resting
2026-08-01T05:32:00Z,ELD_002,76.4,43.2,36.35,16.3,96.8,8.0,78,light_sleep,resting
2026-08-01T05:33:00Z,ELD_002,75.8,44.4,36.42,15.6,96.6,8.0,78,light_sleep,resting
2026-08-01T05:34:00Z,ELD_002,74.3,39.4,36.49,15.4,96.6,8.0,78,light_sleep,resting
2026-08-01T05:35:00Z,ELD_002,74.5,40.9,36.6,16.7,96.0,8.0,78,light_sleep,resting
2026-08-01T05:36:00Z,ELD_002,78.4,42.1,36.34,15.3,96.0,8.0,78,light_sleep,resting
2026-08-01T05:37:00Z,ELD_002,71.0,42.6,36.39,15.3,96.6,8.0,78,light_sleep,resting
2026-08-01T05:38:00Z,ELD_002,74.9,39.4,36.38,15.8,96.9,8.0,78,light_sleep,resting
2026-08-01T05:39:00Z,ELD_002,82.3,40.2,36.49,16.9,97.0,8.0,78,light_sleep,resting
2026-08-01T05:40:00Z,ELD_002,76.3,42.5,36.35,15.9,96.9,8.0,78,light_sleep,resting
2026-08-01T05:41:00Z,ELD_002,73.3,42.6,36.54,16.1,96.3,8.0,78,light_sleep,resting
2026-08-01T05:42:00Z,ELD_002,72.4,44.2,36.4,15.7,96.9,8.0,78,light_sleep,resting
2026-08-01T05:43:00Z,ELD_002,74.9,38.1,36.33,16.8,96.2,8.0,78,light_sleep,resting
2026-08-01T05:44:00Z,ELD_002,67.2,45.6,36.3,16.2,96.9,8.0,78,light_sleep,resting
2026-08-01T05:45:00Z,ELD_002,86.0,35.9,36.25,16.6,96.5,8.0,78,light_sleep,resting
2026-08-01T05:46:00Z,ELD_002,73.8,42.5,36.44,15.8,95.8,8.0,78,light_sleep,resting
2026-08-01T05:47:00Z,ELD_002,77.3,42.1,36.24,16.7,96.6,8.0,78,light_sleep,resting
2026-08-01T05:48:00Z,ELD_002,74.7,46.0,36.48,15.9,96.2,8.0,78,light_sleep,resting
2026-08-01T05:49:00Z,ELD_002,76.0,43.7,36.42,16.0,96.8,8.0,78,light_sleep,resting
2026-08-01T05:50:00Z,ELD_002,74.7,43.1,36.41,15.4,96.8,8.0,78,light_sleep,resting
2026-08-01T05:51:00Z,ELD_002,73.8,44.5,36.28,15.7,97.0,8.0,78,light_sleep,resting
2026-08-01T05:52:00Z,ELD_002,74.5,41.1,36.54,15.7,96.8,8.0,78,light_sleep,resting
2026-08-01T05:53:00Z,ELD_002,69.4,43.6,36.47,14.7,97.0,8.0,78,light_sleep,resting
2026-08-01T05:54:00Z,ELD_002,75.3,43.5,36.46,16.2,96.9,8.0,78,light_sleep,resting
2026-08-01T05:55:00Z,ELD_002,75.4,40.8,36.43,16.5,96.3,8.0,78,light_sleep,resting
2026-08-01T05:56:00Z,ELD_002,73.9,41.6,36.44,15.8,96.2,8.0,78,light_sleep,resting
2026-08-01T05:57:00Z,ELD_002,76.6,42.4,36.54,16.1,96.5,8.0,78,light_sleep,resting
2026-08-01T05:58:00Z,ELD_002,74.6,39.6,36.35,16.3,96.8,8.0,78,light_sleep,resting
2026-08-01T05:59:00Z,ELD_002,75.9,45.9,36.51,15.6,96.0,8.0,78,light_sleep,resting
2026-08-01T06:00:00Z,ELD_002,77.1,42.4,36.42,15.5,96.6,8.0,78,light_sleep,resting
2026-08-01T06:01:00Z,ELD_002,71.1,43.5,36.41,15.7,96.8,8.0,78,light_sleep,resting
2026-08-01T06:02:00Z,ELD_002,78.9,39.4,36.48,16.2,96.8,8.0,78,light_sleep,resting
2026-08-01T06:03:00Z,ELD_002,79.2,36.6,36.37,15.5,96.4,8.0,78,light_sleep,resting
2026-08-01T06:04:00Z,ELD_002,74.6,41.1,36.37,16.1,96.7,8.0,78,light_sleep,resting
2026-08-01T06:05:00Z,ELD_002,77.3,42.6,36.44,16.4,96.7,8.0,78,light_sleep,resting
2026-08-01T06:06:00Z,ELD_002,84.9,39.9,36.3,16.2,96.8,8.0,78,light_sleep,resting
2026-08-01T06:07:00Z,ELD_002,77.7,39.5,36.33,16.3,96.9,8.0,78,light_sleep,resting
2026-08-01T06:08:00Z,ELD_002,73.6,43.2,36.47,15.6,96.3,8.0,78,light_sleep,resting
2026-08-01T06:09:00Z,ELD_002,77.2,42.5,36.43,15.7,97.0,8.0,78,light_sleep,resting
2026-08-01T06:10:00Z,ELD_002,73.7,42.9,36.23,16.0,96.9,8.0,78,light_sleep,resting
2026-08-01T06:11:00Z,ELD_002,72.5,44.3,36.4,15.7,96.9,8.0,78,light_sleep,resting
2026-08-01T06:12:00Z,ELD_002,75.2,42.3,36.3,16.2,96.3,8.0,78,light_sleep,resting
2026-08-01T06:13:00Z,ELD_002,83.1,37.8,36.42,17.1,95.6,8.0,78,light_sleep,resting
2026-08-01T06:14:00Z,ELD_002,80.7,45.2,36.42,16.6,96.8,8.0,78,light_sleep,resting
2026-08-01T06:15:00Z,ELD_002,74.6,41.2,36.6,16.1,96.5,8.0,78,light_sleep,resting
2026-08-01T06:16:00Z,ELD_002,76.4,43.6,36.14,15.4,96.8,8.0,78,light_sleep,resting
2026-08-01T06:17:00Z,ELD_002,76.0,43.2,36.3,16.4,96.9,8.0,78,light_sleep,resting
2026-08-01T06:18:00Z,ELD_002,81.0,44.8,36.61,16.3,96.8,8.0,78,light_sleep,resting
2026-08-01T06:19:00Z,ELD_002,69.6,43.9,36.44,14.5,96.6,8.0,78,light_sleep,resting
2026-08-01T06:20:00Z,ELD_002,83.9,43.2,36.52,16.6,96.6,8.0,78,light_sleep,resting
2026-08-01T06:21:00Z,ELD_002,72.5,41.9,36.29,16.4,96.3,8.0,78,light_sleep,resting
2026-08-01T06:22:00Z,ELD_002,80.9,42.5,36.55,15.7,96.9,8.0,78,light_sleep,resting
2026-08-01T06:23:00Z,ELD_002,73.8,43.2,36.34,15.3,96.4,8.0,78,light_sleep,resting
2026-08-01T06:24:00Z,ELD_002,75.2,46.9,36.46,16.1,96.6,8.0,78,light_sleep,resting
2026-08-01T06:25:00Z,ELD_002,76.3,45.6,36.17,16.5,96.9,8.0,78,light_sleep,resting
2026-08-01T06:26:00Z,ELD_002,78.9,38.2,36.33,15.9,96.8,8.0,78,light_sleep,resting
2026-08-01T06:27:00Z,ELD_002,76.4,41.3,36.42,16.0,96.7,8.0,78,light_sleep,resting
2026-08-01T06:28:00Z,ELD_002,75.1,46.3,36.26,15.8,96.9,8.0,78,light_sleep,resting
2026-08-01T06:29:00Z,ELD_002,74.7,40.9,36.43,15.8,95.7,8.0,78,light_sleep,resting
2026-08-01T06:30:00Z,ELD_002,79.2,39.3,36.36,16.2,96.9,8.0,78,light_sleep,resting
2026-08-01T06:31:00Z,ELD_002,74.2,40.1,36.35,14.9,96.9,8.0,78,light_sleep,resting
2026-08-01T06:32:00Z,ELD_002,72.6,42.6,36.36,16.3,96.6,8.0,78,light_sleep,resting
2026-08-01T06:33:00Z,ELD_002,72.1,43.9,36.34,15.3,96.7,8.0,78,light_sleep,resting
2026-08-01T06:34:00Z,ELD_002,75.3,46.0,36.5,16.0,96.9,8.0,78,light_sleep,resting
2026-08-01T06:35:00Z,ELD_002,70.7,42.8,36.3,15.3,96.9,8.0,78,light_sleep,resting
2026-08-01T06:36:00Z,ELD_002,73.7,43.9,36.29,15.5,96.8,8.0,78,light_sleep,resting
2026-08-01T06:37:00Z,ELD_002,75.2,41.3,36.44,15.6,97.0,8.0,78,light_sleep,resting
2026-08-01T06:38:00Z,ELD_002,73.7,40.3,36.37,15.9,96.9,8.0,78,light_sleep,resting
2026-08-01T06:39:00Z,ELD_002,74.3,44.9,36.35,15.9,96.6,8.0,78,light_sleep,resting
2026-08-01T06:40:00Z,ELD_002,75.7,39.6,36.33,16.2,96.7,8.0,78,light_sleep,resting
2026-08-01T06:41:00Z,ELD_002,78.7,43.0,36.33,15.9,96.8,8.0,78,light_sleep,resting
2026-08-01T06:42:00Z,ELD_002,76.3,45.4,36.3,15.9,95.9,8.0,78,light_sleep,resting
2026-08-01T06:43:00Z,ELD_002,77.6,40.3,36.3,17.1,96.8,8.0,78,light_sleep,resting
2026-08-01T06:44:00Z,ELD_002,74.5,38.3,36.57,16.0,96.4,8.0,78,light_sleep,resting
2026-08-01T06:45:00Z,ELD_002,72.8,42.0,36.36,15.6,96.4,8.0,78,light_sleep,resting
2026-08-01T06:46:00Z,ELD_002,72.3,40.4,36.45,15.3,96.9,8.0,78,light_sleep,resting
2026-08-01T06:47:00Z,ELD_002,74.3,42.3,36.42,15.6,96.8,8.0,78,light_sleep,resting
2026-08-01T06:48:00Z,ELD_002,78.4,43.3,36.4,15.1,96.4,8.0,78,light_sleep,resting
2026-08-01T06:49:00Z,ELD_002,78.3,38.4,36.35,16.1,96.8,8.0,78,light_sleep,resting
2026-08-01T06:50:00Z,ELD_002,71.4,44.2,36.38,16.6,96.7,8.0,78,light_sleep,resting
2026-08-01T06:51:00Z,ELD_002,74.9,39.7,36.29,15.0,96.8,8.0,78,light_sleep,resting
2026-08-01T06:52:00Z,ELD_002,74.0,44.5,36.42,15.9,96.7,8.0,78,light_sleep,resting
2026-08-01T06:53:00Z,ELD_002,75.5,39.7,36.32,16.5,96.7,8.0,78,light_sleep,resting
2026-08-01T06:54:00Z,ELD_002,72.4,44.2,36.38,15.4,96.3,8.0,78,light_sleep,resting
2026-08-01T06:55:00Z,ELD_002,74.0,42.5,36.38,16.1,96.7,8.0,78,light_sleep,resting
2026-08-01T06:56:00Z,ELD_002,72.1,41.9,36.26,15.3,96.1,8.0,78,light_sleep,resting
2026-08-01T06:57:00Z,ELD_002,73.9,42.4,36.35,16.6,96.5,8.0,78,light_sleep,resting
2026-08-01T06:58:00Z,ELD_002,76.3,40.7,36.45,16.8,96.8,8.0,78,light_sleep,resting
2026-08-01T06:59:00Z,ELD_002,74.6,45.4,36.23,15.9,96.8,8.0,78,light_sleep,resting
2026-08-01T07:00:00Z,ELD_002,79.7,37.4,36.28,16.6,96.4,8.0,78,awake,light
2026-08-01T07:01:00Z,ELD_002,72.8,39.0,36.29,16.1,96.7,8.0,78,awake,light
2026-08-01T07:02:00Z,ELD_002,69.1,41.2,36.38,16.1,96.6,8.0,78,awake,light
2026-08-01T07:03:00Z,ELD_002,77.0,42.4,36.41,16.4,96.9,8.0,78,awake,light
2026-08-01T07:04:00Z,ELD_002,70.3,45.0,36.5,15.8,96.8,8.0,78,awake,light
2026-08-01T07:05:00Z,ELD_002,76.0,42.1,36.35,16.6,97.0,8.0,78,awake,light
2026-08-01T07:06:00Z,ELD_002,73.9,43.8,36.33,15.9,96.5,8.0,78,awake,light
2026-08-01T07:07:00Z,ELD_002,72.5,46.1,36.35,15.7,96.9,8.0,78,awake,light
2026-08-01T07:08:00Z,ELD_002,71.8,43.0,36.42,15.0,96.1,8.0,78,awake,light
2026-08-01T07:09:00Z,ELD_002,74.9,39.7,36.39,16.4,96.1,8.0,78,awake,light
2026-08-01T07:10:00Z,ELD_002,73.7,40.4,36.39,16.0,96.2,8.0,78,awake,light
2026-08-01T07:11:00Z,ELD_002,70.0,43.2,36.5,16.3,96.5,8.0,78,awake,light
2026-08-01T07:12:00Z,ELD_002,69.3,41.4,36.53,15.1,96.6,8.0,78,awake,light
2026-08-01T07:13:00Z,ELD_002,77.7,42.7,36.28,16.4,95.9,8.0,78,awake,light
2026-08-01T07:14:00Z,ELD_002,77.2,41.5,36.38,17.0,97.0,8.0,78,awake,light
2026-08-01T07:15:00Z,ELD_002,71.5,42.8,36.38,16.3,96.8,8.0,78,awake,light
2026-08-01T07:16:00Z,ELD_002,75.1,42.4,36.38,15.5,96.6,8.0,78,awake,light
2026-08-01T07:17:00Z,ELD_002,71.1,45.8,36.42,14.6,97.0,8.0,78,awake,light
2026-08-01T07:18:00Z,ELD_002,75.0,40.7,36.38,16.0,96.7,8.0,78,awake,light
2026-08-01T07:19:00Z,ELD_002,70.7,45.6,36.45,15.6,96.5,8.0,78,awake,light
2026-08-01T07:20:00Z,ELD_002,69.1,43.3,36.49,15.6,96.8,8.0,78,awake,light
2026-08-01T07:21:00Z,ELD_002,79.8,41.3,36.41,16.8,96.8,8.0,78,awake,light
2026-08-01T07:22:00Z,ELD_002,69.9,43.8,36.32,14.2,96.8,8.0,78,awake,light
2026-08-01T07:23:00Z,ELD_002,70.4,44.1,36.28,14.9,96.6,8.0,78,awake,light
2026-08-01T07:24:00Z,ELD_002,71.8,43.6,36.4,15.7,96.3,8.0,78,awake,light
2026-08-01T07:25:00Z,ELD_002,74.9,40.9,36.42,15.4,96.8,8.0,78,awake,light
2026-08-01T07:26:00Z,ELD_002,77.3,41.1,36.17,16.2,96.9,8.0,78,awake,light
2026-08-01T07:27:00Z,ELD_002,72.5,44.2,36.58,16.1,96.1,8.0,78,awake,light
2026-08-01T07:28:00Z,ELD_002,76.8,41.9,36.41,15.9,96.4,8.0,78,awake,light
2026-08-01T07:29:00Z,ELD_002,75.4,41.0,36.42,15.6,97.0,8.0,78,awake,light
2026-08-01T07:30:00Z,ELD_002,72.5,46.9,36.43,16.0,96.6,8.0,78,awake,light
2026-08-01T07:31:00Z,ELD_002,74.8,42.4,36.28,16.1,96.2,8.0,78,awake,light
2026-08-01T07:32:00Z,ELD_002,76.0,41.5,36.33,15.6,96.3,8.0,78,awake,light
2026-08-01T07:33:00Z,ELD_002,75.1,40.4,36.22,15.0,96.9,8.0,78,awake,light
2026-08-01T07:34:00Z,ELD_002,75.2,41.1,36.51,16.1,96.4,8.0,78,awake,light
2026-08-01T07:35:00Z,ELD_002,74.4,43.4,36.24,16.1,96.7,8.0,78,awake,light
2026-08-01T07:36:00Z,ELD_002,78.3,41.3,36.3,16.8,96.8,8.0,78,awake,light
2026-08-01T07:37:00Z,ELD_002,71.7,45.1,36.42,15.6,96.7,8.0,78,awake,light
2026-08-01T07:38:00Z,ELD_002,71.6,41.2,36.35,15.1,96.6,8.0,78,awake,light
2026-08-01T07:39:00Z,ELD_002,70.5,44.0,36.46,14.9,97.0,8.0,78,awake,light
2026-08-01T07:40:00Z,ELD_002,69.8,40.7,36.3,14.9,96.7,8.0,78,awake,light
2026-08-01T07:41:00Z,ELD_002,81.0,39.6,36.39,17.1,96.5,8.0,78,awake,light
2026-08-01T07:42:00Z,ELD_002,73.5,42.5,36.3,14.4,96.2,8.0,78,awake,light
2026-08-01T07:43:00Z,ELD_002,78.3,39.0,36.36,16.2,96.8,8.0,78,awake,light
2026-08-01T07:44:00Z,ELD_002,75.7,43.0,36.45,15.1,96.7,8.0,78,awake,light
2026-08-01T07:45:00Z,ELD_002,66.5,43.4,36.39,14.9,97.0,8.0,78,awake,light
2026-08-01T07:46:00Z,ELD_002,75.7,41.7,36.15,15.7,97.0,8.0,78,awake,light
2026-08-01T07:47:00Z,ELD_002,75.2,39.6,36.36,16.1,96.5,8.0,78,awake,light
2026-08-01T07:48:00Z,ELD_002,71.0,45.2,36.28,15.5,96.4,8.0,78,awake,light
2026-08-01T07:49:00Z,ELD_002,76.8,41.7,36.65,16.1,96.9,8.0,78,awake,light
2026-08-01T07:50:00Z,ELD_002,81.3,38.6,36.48,16.9,96.7,8.0,78,awake,light
2026-08-01T07:51:00Z,ELD_002,74.5,40.4,36.56,15.9,97.0,8.0,78,awake,light
2026-08-01T07:52:00Z,ELD_002,68.7,42.3,36.32,14.1,96.7,8.0,78,awake,light
2026-08-01T07:53:00Z,ELD_002,74.5,43.6,36.53,16.0,96.8,8.0,78,awake,light
2026-08-01T07:54:00Z,ELD_002,77.6,41.8,36.51,15.2,96.7,8.0,78,awake,light
2026-08-01T07:55:00Z,ELD_002,72.7,44.5,36.33,15.5,96.4,8.0,78,awake,light
2026-08-01T07:56:00Z,ELD_002,72.1,41.4,36.59,16.9,96.7,8.0,78,awake,light
2026-08-01T07:57:00Z,ELD_002,74.0,40.8,36.61,16.8,96.2,8.0,78,awake,light
2026-08-01T07:58:00Z,ELD_002,70.9,43.4,36.39,14.7,96.6,8.0,78,awake,light
2026-08-01T07:59:00Z,ELD_002,71.8,40.9,36.34,15.4,96.8,8.0,78,awake,light
2026-08-01T08:00:00Z,ELD_002,72.3,40.6,36.33,15.7,96.8,8.0,78,awake,light
2026-08-01T08:01:00Z,ELD_002,74.6,43.6,36.35,15.6,96.6,8.0,78,awake,light
2026-08-01T08:02:00Z,ELD_002,77.0,41.5,36.45,15.6,96.5,8.0,78,awake,light
2026-08-01T08:03:00Z,ELD_002,71.1,43.9,36.32,15.4,96.9,8.0,78,awake,light
2026-08-01T08:04:00Z,ELD_002,79.2,39.8,36.52,17.0,96.7,8.0,78,awake,light
2026-08-01T08:05:00Z,ELD_002,69.6,45.9,36.31,16.0,97.0,8.0,78,awake,light
2026-08-01T08:06:00Z,ELD_002,79.0,37.8,36.51,16.8,95.4,8.0,78,awake,light
2026-08-01T08:07:00Z,ELD_002,75.8,43.8,36.22,16.0,96.7,8.0,78,awake,light
2026-08-01T08:08:00Z,ELD_002,70.3,40.6,36.34,16.0,96.4,8.0,78,awake,light
2026-08-01T08:09:00Z,ELD_002,73.1,39.8,36.41,15.6,96.5,8.0,78,awake,light
2026-08-01T08:10:00Z,ELD_002,74.3,42.0,36.39,16.3,96.5,8.0,78,awake,light
2026-08-01T08:11:00Z,ELD_002,75.9,45.4,36.71,16.8,97.0,8.0,78,awake,light
2026-08-01T08:12:00Z,ELD_002,76.9,39.2,36.44,17.1,97.0,8.0,78,awake,light
2026-08-01T08:13:00Z,ELD_002,73.8,40.0,36.29,15.8,96.8,8.0,78,awake,light
2026-08-01T08:14:00Z,ELD_002,74.0,41.8,36.24,15.9,96.8,8.0,78,awake,light
2026-08-01T08:15:00Z,ELD_002,64.8,45.9,36.32,14.7,96.4,8.0,78,awake,light
2026-08-01T08:16:00Z,ELD_002,78.3,38.6,36.53,15.9,96.8,8.0,78,awake,light
2026-08-01T08:17:00Z,ELD_002,73.4,43.7,36.41,15.3,96.3,8.0,78,awake,light
2026-08-01T08:18:00Z,ELD_002,73.2,45.8,36.42,16.2,96.9,8.0,78,awake,light
2026-08-01T08:19:00Z,ELD_002,65.6,46.3,36.38,15.5,96.7,8.0,78,awake,light
2026-08-01T08:20:00Z,ELD_002,77.4,41.9,36.35,15.6,96.9,8.0,78,awake,light
2026-08-01T08:21:00Z,ELD_002,72.1,43.1,36.29,15.4,96.8,8.0,78,awake,light
2026-08-01T08:22:00Z,ELD_002,74.4,42.3,36.56,15.8,96.8,8.0,78,awake,light
2026-08-01T08:23:00Z,ELD_002,72.6,42.1,36.3,16.3,96.9,8.0,78,awake,light
2026-08-01T08:24:00Z,ELD_002,70.2,45.2,36.3,15.5,96.7,8.0,78,awake,light
2026-08-01T08:25:00Z,ELD_002,71.9,42.1,36.46,15.5,95.1,8.0,78,awake,light
2026-08-01T08:26:00Z,ELD_002,73.3,40.9,36.32,16.0,96.9,8.0,78,awake,light
2026-08-01T08:27:00Z,ELD_002,75.4,42.8,36.55,15.1,96.7,8.0,78,awake,light
2026-08-01T08:28:00Z,ELD_002,77.7,43.6,36.34,15.7,96.5,8.0,78,awake,light
2026-08-01T08:29:00Z,ELD_002,74.1,43.1,36.45,15.3,96.2,8.0,78,awake,light
2026-08-01T08:30:00Z,ELD_002,72.7,40.4,36.39,16.2,96.9,8.0,78,awake,light
2026-08-01T08:31:00Z,ELD_002,78.0,40.2,36.22,17.1,96.6,8.0,78,awake,light
2026-08-01T08:32:00Z,ELD_002,67.9,45.1,36.39,15.5,96.7,8.0,78,awake,light
2026-08-01T08:33:00Z,ELD_002,71.9,44.6,36.52,15.4,96.3,8.0,78,awake,light
2026-08-01T08:34:00Z,ELD_002,71.3,42.5,36.31,16.0,96.7,8.0,78,awake,light
2026-08-01T08:35:00Z,ELD_002,68.3,46.0,36.46,15.5,96.4,8.0,78,awake,light
2026-08-01T08:36:00Z,ELD_002,73.8,41.0,36.46,15.7,96.7,8.0,78,awake,light
2026-08-01T08:37:00Z,ELD_002,77.4,41.6,36.22,16.9,95.5,8.0,78,awake,light
2026-08-01T08:38:00Z,ELD_002,78.5,39.7,36.34,17.0,96.8,8.0,78,awake,light
2026-08-01T08:39:00Z,ELD_002,67.3,41.5,36.26,15.1,96.3,8.0,78,awake,light
2026-08-01T08:40:00Z,ELD_002,66.1,45.9,36.41,15.5,96.5,8.0,78,awake,light
2026-08-01T08:41:00Z,ELD_002,71.9,44.7,36.43,16.7,96.1,8.0,78,awake,light
2026-08-01T08:42:00Z,ELD_002,69.4,46.5,36.39,15.7,96.7,8.0,78,awake,light
2026-08-01T08:43:00Z,ELD_002,67.7,44.6,36.32,15.3,96.9,8.0,78,awake,light
2026-08-01T08:44:00Z,ELD_002,71.4,43.8,36.4,15.2,96.5,8.0,78,awake,light
2026-08-01T08:45:00Z,ELD_002,72.4,42.6,36.36,16.0,96.6,8.0,78,awake,light
2026-08-01T08:46:00Z,ELD_002,76.2,36.4,36.35,16.4,96.1,8.0,78,awake,light
2026-08-01T08:47:00Z,ELD_002,71.9,43.7,36.42,15.6,95.9,8.0,78,awake,light
2026-08-01T08:48:00Z,ELD_002,76.5,41.3,36.58,15.6,96.9,8.0,78,awake,light
2026-08-01T08:49:00Z,ELD_002,74.3,43.2,36.47,15.3,96.6,8.0,78,awake,light
2026-08-01T08:50:00Z,ELD_002,74.3,42.4,36.51,15.1,97.0,8.0,78,awake,light
2026-08-01T08:51:00Z,ELD_002,75.5,43.2,36.51,16.6,96.6,8.0,78,awake,light
2026-08-01T08:52:00Z,ELD_002,69.5,46.1,36.59,15.7,96.4,8.0,78,awake,light
2026-08-01T08:53:00Z,ELD_002,74.8,42.5,36.43,16.4,96.8,8.0,78,awake,light
2026-08-01T08:54:00Z,ELD_002,70.3,42.9,36.31,14.8,96.8,8.0,78,awake,light
2026-08-01T08:55:00Z,ELD_002,73.1,43.4,36.54,15.4,96.9,8.0,78,awake,light
2026-08-01T08:56:00Z,ELD_002,74.8,41.2,36.56,16.9,96.9,8.0,78,awake,light
2026-08-01T08:57:00Z,ELD_002,68.6,39.9,36.52,15.1,96.6,8.0,78,awake,light
2026-08-01T08:58:00Z,ELD_002,72.2,44.6,36.55,15.3,96.2,8.0,78,awake,light
2026-08-01T08:59:00Z,ELD_002,67.2,44.6,36.32,16.0,96.9,8.0,78,awake,light
2026-08-01T09:00:00Z,ELD_002,72.3,42.9,36.53,15.8,96.3,8.0,78,awake,light
2026-08-01T09:01:00Z,ELD_002,66.3,45.7,36.26,14.9,96.3,8.0,78,awake,light
2026-08-01T09:02:00Z,ELD_002,70.0,43.1,36.25,15.5,96.0,8.0,78,awake,light
2026-08-01T09:03:00Z,ELD_002,67.6,41.2,36.42,15.0,96.4,8.0,78,awake,light
2026-08-01T09:04:00Z,ELD_002,71.2,41.1,36.46,14.9,96.4,8.0,78,awake,light
2026-08-01T09:05:00Z,ELD_002,68.9,44.8,36.26,15.4,96.9,8.0,78,awake,light
2026-08-01T09:06:00Z,ELD_002,71.2,41.7,36.52,14.6,97.0,8.0,78,awake,light
2026-08-01T09:07:00Z,ELD_002,68.2,42.3,36.47,14.5,96.5,8.0,78,awake,light
2026-08-01T09:08:00Z,ELD_002,72.1,41.0,36.42,15.9,96.4,8.0,78,awake,light
2026-08-01T09:09:00Z,ELD_002,72.9,45.9,36.32,15.4,96.5,8.0,78,awake,light
2026-08-01T09:10:00Z,ELD_002,70.7,43.4,36.36,16.5,96.1,8.0,78,awake,light
2026-08-01T09:11:00Z,ELD_002,72.3,41.9,36.46,15.3,96.7,8.0,78,awake,light
2026-08-01T09:12:00Z,ELD_002,71.3,40.6,36.36,15.6,95.9,8.0,78,awake,light
2026-08-01T09:13:00Z,ELD_002,66.3,44.1,36.58,14.9,96.0,8.0,78,awake,light
2026-08-01T09:14:00Z,ELD_002,74.2,40.1,36.5,16.0,96.3,8.0,78,awake,light
2026-08-01T09:15:00Z,ELD_002,77.1,37.8,36.33,16.5,96.8,8.0,78,awake,light
2026-08-01T09:16:00Z,ELD_002,74.2,40.1,36.39,15.5,96.8,8.0,78,awake,light
2026-08-01T09:17:00Z,ELD_002,69.2,43.4,36.46,15.6,96.8,8.0,78,awake,light
2026-08-01T09:18:00Z,ELD_002,67.4,42.5,36.41,15.2,96.1,8.0,78,awake,light
2026-08-01T09:19:00Z,ELD_002,67.4,49.3,36.41,14.7,96.5,8.0,78,awake,light
2026-08-01T09:20:00Z,ELD_002,65.1,42.9,36.34,14.6,96.5,8.0,78,awake,light
2026-08-01T09:21:00Z,ELD_002,68.9,40.7,36.38,15.5,96.9,8.0,78,awake,light
2026-08-01T09:22:00Z,ELD_002,77.6,43.3,36.49,15.5,96.8,8.0,78,awake,light
2026-08-01T09:23:00Z,ELD_002,71.8,42.7,36.48,16.4,96.9,8.0,78,awake,light
2026-08-01T09:24:00Z,ELD_002,69.5,44.9,36.49,15.7,96.9,8.0,78,awake,light
2026-08-01T09:25:00Z,ELD_002,74.0,41.3,36.37,15.6,96.6,8.0,78,awake,light
2026-08-01T09:26:00Z,ELD_002,66.6,46.3,36.49,15.0,96.9,8.0,78,awake,light
2026-08-01T09:27:00Z,ELD_002,69.7,41.1,36.27,15.0,97.0,8.0,78,awake,light
2026-08-01T09:28:00Z,ELD_002,73.4,44.5,36.41,16.1,96.7,8.0,78,awake,light
2026-08-01T09:29:00Z,ELD_002,70.0,44.8,36.23,15.4,96.2,8.0,78,awake,light
2026-08-01T09:30:00Z,ELD_002,70.2,43.6,36.37,14.0,96.6,8.0,78,awake,light
2026-08-01T09:31:00Z,ELD_002,70.1,42.0,36.46,15.6,96.7,8.0,78,awake,light
2026-08-01T09:32:00Z,ELD_002,68.1,47.4,36.38,15.4,96.7,8.0,78,awake,light
2026-08-01T09:33:00Z,ELD_002,72.2,40.5,36.1,15.3,96.8,8.0,78,awake,light
2026-08-01T09:34:00Z,ELD_002,72.8,44.4,36.33,15.9,96.6,8.0,78,awake,light
2026-08-01T09:35:00Z,ELD_002,67.4,44.0,36.56,16.1,96.3,8.0,78,awake,light
2026-08-01T09:36:00Z,ELD_002,73.3,41.4,36.42,16.4,96.8,8.0,78,awake,light
2026-08-01T09:37:00Z,ELD_002,69.7,48.4,36.48,15.9,96.5,8.0,78,awake,light
2026-08-01T09:38:00Z,ELD_002,71.3,43.3,36.43,15.4,97.0,8.0,78,awake,light
2026-08-01T09:39:00Z,ELD_002,70.2,44.1,36.45,16.5,96.8,8.0,78,awake,light
2026-08-01T09:40:00Z,ELD_002,71.8,42.7,36.29,15.6,96.8,8.0,78,awake,light
2026-08-01T09:41:00Z,ELD_002,72.2,42.5,36.44,15.3,96.9,8.0,78,awake,light
2026-08-01T09:42:00Z,ELD_002,69.3,45.3,36.44,15.1,96.9,8.0,78,awake,light
2026-08-01T09:43:00Z,ELD_002,70.6,40.7,36.49,16.0,96.9,8.0,78,awake,light
2026-08-01T09:44:00Z,ELD_002,68.9,40.5,36.3,15.2,96.8,8.0,78,awake,light
2026-08-01T09:45:00Z,ELD_002,65.9,45.9,36.54,15.1,97.0,8.0,78,awake,light
2026-08-01T09:46:00Z,ELD_002,71.5,44.6,36.24,15.4,97.0,8.0,78,awake,light
2026-08-01T09:47:00Z,ELD_002,68.0,44.6,36.39,16.2,96.4,8.0,78,awake,light
2026-08-01T09:48:00Z,ELD_002,70.2,47.6,36.45,15.5,96.6,8.0,78,awake,light
2026-08-01T09:49:00Z,ELD_002,70.2,42.0,36.53,15.3,96.6,8.0,78,awake,light
2026-08-01T09:50:00Z,ELD_002,70.7,39.0,36.42,14.9,96.3,8.0,78,awake,light
2026-08-01T09:51:00Z,ELD_002,73.2,42.6,36.39,15.9,96.5,8.0,78,awake,light
2026-08-01T09:52:00Z,ELD_002,62.7,44.5,36.63,14.0,96.8,8.0,78,awake,light
2026-08-01T09:53:00Z,ELD_002,71.6,42.1,36.46,15.4,96.2,8.0,78,awake,light
2026-08-01T09:54:00Z,ELD_002,65.4,43.2,36.28,14.8,96.5,8.0,78,awake,light
2026-08-01T09:55:00Z,ELD_002,69.8,42.9,36.52,14.9,96.4,8.0,78,awake,light
2026-08-01T09:56:00Z,ELD_002,66.6,43.3,36.4,14.9,96.8,8.0,78,awake,light
2026-08-01T09:57:00Z,ELD_002,70.7,43.7,36.4,14.7,96.5,8.0,78,awake,light
2026-08-01T09:58:00Z,ELD_002,73.5,40.9,36.43,15.6,96.9,8.0,78,awake,light
2026-08-01T09:59:00Z,ELD_002,75.6,44.4,36.35,16.5,96.1,8.0,78,awake,light
2026-08-01T10:00:00Z,ELD_002,71.2,40.5,36.24,16.4,96.2,8.0,78,awake,light
2026-08-01T10:01:00Z,ELD_002,68.7,45.5,36.5,14.8,96.3,8.0,78,awake,light
2026-08-01T10:02:00Z,ELD_002,74.2,43.4,36.64,15.9,96.9,8.0,78,awake,light
2026-08-01T10:03:00Z,ELD_002,72.7,43.0,36.44,15.2,97.0,8.0,78,awake,light
2026-08-01T10:04:00Z,ELD_002,71.1,44.3,36.36,16.0,96.9,8.0,78,awake,light
2026-08-01T10:05:00Z,ELD_002,72.9,42.0,36.34,15.2,96.8,8.0,78,awake,light
2026-08-01T10:06:00Z,ELD_002,69.8,44.0,36.27,15.1,97.0,8.0,78,awake,light
2026-08-01T10:07:00Z,ELD_002,68.1,46.8,36.43,14.9,96.2,8.0,78,awake,light
2026-08-01T10:08:00Z,ELD_002,67.7,45.2,36.35,14.8,96.6,8.0,78,awake,light
2026-08-01T10:09:00Z,ELD_002,73.3,39.5,36.47,17.2,96.9,8.0,78,awake,light
2026-08-01T10:10:00Z,ELD_002,72.5,41.5,36.47,17.1,96.5,8.0,78,awake,light
2026-08-01T10:11:00Z,ELD_002,70.5,45.0,36.51,14.8,96.8,8.0,78,awake,light
2026-08-01T10:12:00Z,ELD_002,68.4,45.5,36.48,15.3,95.9,8.0,78,awake,light
2026-08-01T10:13:00Z,ELD_002,68.8,40.4,36.47,14.5,96.5,8.0,78,awake,light
2026-08-01T10:14:00Z,ELD_002,70.7,43.9,36.36,15.8,96.7,8.0,78,awake,light
2026-08-01T10:15:00Z,ELD_002,64.9,43.9,36.23,14.6,97.0,8.0,78,awake,light
2026-08-01T10:16:00Z,ELD_002,74.3,43.4,36.73,15.4,97.0,8.0,78,awake,light
2026-08-01T10:17:00Z,ELD_002,72.0,46.1,36.32,16.5,96.9,8.0,78,awake,light
2026-08-01T10:18:00Z,ELD_002,64.2,45.2,36.5,15.1,95.4,8.0,78,awake,light
2026-08-01T10:19:00Z,ELD_002,74.4,39.5,36.32,15.9,96.9,8.0,78,awake,light
2026-08-01T10:20:00Z,ELD_002,66.7,45.5,36.44,15.7,96.5,8.0,78,awake,light
2026-08-01T10:21:00Z,ELD_002,70.2,44.0,36.2,14.9,96.2,8.0,78,awake,light
2026-08-01T10:22:00Z,ELD_002,69.1,42.1,36.54,15.5,96.4,8.0,78,awake,light
2026-08-01T10:23:00Z,ELD_002,64.8,44.3,36.4,15.2,96.9,8.0,78,awake,light
2026-08-01T10:24:00Z,ELD_002,71.0,43.2,36.36,16.1,96.4,8.0,78,awake,light
2026-08-01T10:25:00Z,ELD_002,66.1,49.6,36.28,14.6,96.6,8.0,78,awake,light
2026-08-01T10:26:00Z,ELD_002,62.4,42.9,36.18,14.5,96.7,8.0,78,awake,light
2026-08-01T10:27:00Z,ELD_002,66.9,43.6,36.34,15.7,96.6,8.0,78,awake,light
2026-08-01T10:28:00Z,ELD_002,72.2,45.5,36.42,15.8,96.9,8.0,78,awake,light
2026-08-01T10:29:00Z,ELD_002,73.1,42.6,36.34,15.7,95.9,8.0,78,awake,light
2026-08-01T10:30:00Z,ELD_002,68.5,43.3,36.34,15.7,96.9,8.0,78,awake,light
2026-08-01T10:31:00Z,ELD_002,68.8,42.3,36.57,15.7,96.6,8.0,78,awake,light
2026-08-01T10:32:00Z,ELD_002,69.9,42.0,36.49,15.0,96.9,8.0,78,awake,light
2026-08-01T10:33:00Z,ELD_002,66.5,41.2,36.28,14.5,96.8,8.0,78,awake,light
2026-08-01T10:34:00Z,ELD_002,66.1,44.5,36.22,15.1,96.8,8.0,78,awake,light
2026-08-01T10:35:00Z,ELD_002,71.4,41.3,36.22,15.8,96.7,8.0,78,awake,light
2026-08-01T10:36:00Z,ELD_002,66.1,41.5,36.34,14.4,96.8,8.0,78,awake,light
2026-08-01T10:37:00Z,ELD_002,72.5,39.6,36.41,15.8,96.8,8.0,78,awake,light
2026-08-01T10:38:00Z,ELD_002,70.2,43.1,36.45,15.0,97.0,8.0,78,awake,light
2026-08-01T10:39:00Z,ELD_002,64.2,45.0,36.29,14.2,97.0,8.0,78,awake,light
2026-08-01T10:40:00Z,ELD_002,67.0,46.3,36.52,14.1,96.0,8.0,78,awake,light
2026-08-01T10:41:00Z,ELD_002,70.3,44.0,36.44,15.3,96.6,8.0,78,awake,light
2026-08-01T10:42:00Z,ELD_002,65.6,39.0,36.43,14.8,96.7,8.0,78,awake,light
2026-08-01T10:43:00Z,ELD_002,69.2,46.2,36.24,15.6,96.6,8.0,78,awake,light
2026-08-01T10:44:00Z,ELD_002,69.3,42.1,36.47,15.4,96.9,8.0,78,awake,light
2026-08-01T10:45:00Z,ELD_002,69.0,47.3,36.51,15.1,96.8,8.0,78,awake,light
2026-08-01T10:46:00Z,ELD_002,71.6,41.6,36.49,15.6,96.5,8.0,78,awake,light
2026-08-01T10:47:00Z,ELD_002,69.5,42.4,36.41,16.4,96.9,8.0,78,awake,light
2026-08-01T10:48:00Z,ELD_002,66.7,41.5,36.41,15.5,96.9,8.0,78,awake,light
2026-08-01T10:49:00Z,ELD_002,68.9,44.2,36.4,15.2,95.7,8.0,78,awake,light
2026-08-01T10:50:00Z,ELD_002,67.1,45.2,36.26,14.3,96.9,8.0,78,awake,light
2026-08-01T10:51:00Z,ELD_002,67.9,44.6,36.48,15.7,96.4,8.0,78,awake,light
2026-08-01T10:52:00Z,ELD_002,71.4,41.5,36.37,15.0,96.1,8.0,78,awake,light
2026-08-01T10:53:00Z,ELD_002,69.8,44.7,36.57,15.8,96.6,8.0,78,awake,light
2026-08-01T10:54:00Z,ELD_002,74.1,40.4,36.41,16.1,96.8,8.0,78,awake,light
2026-08-01T10:55:00Z,ELD_002,67.1,47.9,36.38,15.4,96.7,8.0,78,awake,light
2026-08-01T10:56:00Z,ELD_002,63.3,47.6,36.4,16.0,96.5,8.0,78,awake,light
2026-08-01T10:57:00Z,ELD_002,69.3,42.6,36.43,15.0,96.8,8.0,78,awake,light
2026-08-01T10:58:00Z,ELD_002,66.7,43.8,36.53,15.1,97.0,8.0,78,awake,light
2026-08-01T10:59:00Z,ELD_002,67.8,47.3,36.49,14.6,95.5,8.0,78,awake,light
2026-08-01T11:00:00Z,ELD_002,71.0,43.5,36.48,15.4,95.7,8.0,78,awake,light
2026-08-01T11:01:00Z,ELD_002,65.6,42.8,36.42,14.9,96.6,8.0,78,awake,light
2026-08-01T11:02:00Z,ELD_002,73.0,43.0,36.43,17.0,96.4,8.0,78,awake,light
2026-08-01T11:03:00Z,ELD_002,66.7,43.7,36.43,15.0,96.5,8.0,78,awake,light
2026-08-01T11:04:00Z,ELD_002,70.1,44.9,36.49,15.4,96.0,8.0,78,awake,light
2026-08-01T11:05:00Z,ELD_002,69.7,38.7,36.59,15.3,96.5,8.0,78,awake,light
2026-08-01T11:06:00Z,ELD_002,66.7,46.4,36.38,15.4,96.6,8.0,78,awake,light
2026-08-01T11:07:00Z,ELD_002,68.3,44.4,36.37,14.7,96.9,8.0,78,awake,light
2026-08-01T11:08:00Z,ELD_002,66.1,44.9,36.51,15.6,96.0,8.0,78,awake,light
2026-08-01T11:09:00Z,ELD_002,65.6,41.1,36.32,15.0,97.0,8.0,78,awake,light
2026-08-01T11:10:00Z,ELD_002,66.0,45.3,36.5,14.8,96.5,8.0,78,awake,light
2026-08-01T11:11:00Z,ELD_002,72.9,43.8,36.45,16.1,96.8,8.0,78,awake,light
2026-08-01T11:12:00Z,ELD_002,67.3,42.1,36.29,16.1,96.4,8.0,78,awake,light
2026-08-01T11:13:00Z,ELD_002,65.0,44.5,36.27,15.7,95.5,8.0,78,awake,light
2026-08-01T11:14:00Z,ELD_002,64.9,48.1,36.48,14.3,96.6,8.0,78,awake,light
2026-08-01T11:15:00Z,ELD_002,67.7,45.1,36.52,15.5,96.9,8.0,78,awake,light
2026-08-01T11:16:00Z,ELD_002,69.1,42.4,36.48,15.5,97.0,8.0,78,awake,light
2026-08-01T11:17:00Z,ELD_002,62.8,43.2,36.44,14.5,96.1,8.0,78,awake,light
2026-08-01T11:18:00Z,ELD_002,70.5,44.5,36.51,14.8,96.7,8.0,78,awake,light
2026-08-01T11:19:00Z,ELD_002,60.9,46.7,36.42,14.4,96.4,8.0,78,awake,light
2026-08-01T11:20:00Z,ELD_002,67.4,40.5,36.4,15.6,96.8,8.0,78,awake,light
2026-08-01T11:21:00Z,ELD_002,68.1,42.8,36.55,15.4,96.2,8.0,78,awake,light
2026-08-01T11:22:00Z,ELD_002,68.1,45.4,36.44,14.9,96.5,8.0,78,awake,light
2026-08-01T11:23:00Z,ELD_002,69.9,42.2,36.39,15.2,96.7,8.0,78,awake,light
2026-08-01T11:24:00Z,ELD_002,61.6,46.5,36.37,14.0,96.9,8.0,78,awake,light
2026-08-01T11:25:00Z,ELD_002,71.1,47.0,36.36,15.9,97.0,8.0,78,awake,light
2026-08-01T11:26:00Z,ELD_002,64.3,46.9,36.43,15.2,96.3,8.0,78,awake,light
2026-08-01T11:27:00Z,ELD_002,66.0,44.9,36.4,15.4,96.5,8.0,78,awake,light
2026-08-01T11:28:00Z,ELD_002,66.2,46.4,36.43,15.2,97.0,8.0,78,awake,light
2026-08-01T11:29:00Z,ELD_002,64.3,45.6,36.53,14.8,96.9,8.0,78,awake,light
2026-08-01T11:30:00Z,ELD_002,66.7,45.6,36.48,14.7,96.7,8.0,78,awake,light
2026-08-01T11:31:00Z,ELD_002,68.1,46.2,36.1,14.7,96.8,8.0,78,awake,light
2026-08-01T11:32:00Z,ELD_002,69.7,42.9,36.25,15.4,96.8,8.0,78,awake,light
2026-08-01T11:33:00Z,ELD_002,67.8,46.2,36.66,15.7,96.9,8.0,78,awake,light
2026-08-01T11:34:00Z,ELD_002,68.3,44.0,36.48,15.2,96.8,8.0,78,awake,light
2026-08-01T11:35:00Z,ELD_002,64.0,42.9,36.33,15.2,97.0,8.0,78,awake,light
2026-08-01T11:36:00Z,ELD_002,65.6,44.2,36.38,15.4,96.7,8.0,78,awake,light
2026-08-01T11:37:00Z,ELD_002,70.0,41.3,36.41,16.8,96.9,8.0,78,awake,light
2026-08-01T11:38:00Z,ELD_002,72.3,44.6,36.46,15.5,96.6,8.0,78,awake,light
2026-08-01T11:39:00Z,ELD_002,69.8,45.6,36.25,15.4,95.7,8.0,78,awake,light
2026-08-01T11:40:00Z,ELD_002,68.4,45.0,36.57,14.7,96.0,8.0,78,awake,light
2026-08-01T11:41:00Z,ELD_002,69.9,44.3,36.64,15.0,96.7,8.0,78,awake,light
2026-08-01T11:42:00Z,ELD_002,68.0,41.1,36.14,14.7,96.5,8.0,78,awake,light
2026-08-01T11:43:00Z,ELD_002,66.6,44.3,36.4,15.3,96.1,8.0,78,awake,light
2026-08-01T11:44:00Z,ELD_002,64.5,47.1,36.41,14.5,96.8,8.0,78,awake,light
2026-08-01T11:45:00Z,ELD_002,69.8,43.6,36.26,15.6,96.5,8.0,78,awake,light
2026-08-01T11:46:00Z,ELD_002,70.0,43.0,36.46,16.1,96.8,8.0,78,awake,light
2026-08-01T11:47:00Z,ELD_002,65.3,45.1,36.43,15.0,97.0,8.0,78,awake,light
2026-08-01T11:48:00Z,ELD_002,62.2,45.6,36.28,14.1,96.8,8.0,78,awake,light
2026-08-01T11:49:00Z,ELD_002,70.1,41.5,36.38,16.0,96.4,8.0,78,awake,light
2026-08-01T11:50:00Z,ELD_002,59.0,45.5,36.19,14.6,96.7,8.0,78,awake,light
2026-08-01T11:51:00Z,ELD_002,63.9,47.2,36.35,15.2,95.9,8.0,78,awake,light
2026-08-01T11:52:00Z,ELD_002,60.6,46.2,36.58,14.4,96.7,8.0,78,awake,light
2026-08-01T11:53:00Z,ELD_002,70.6,43.0,36.52,15.9,96.1,8.0,78,awake,light
2026-08-01T11:54:00Z,ELD_002,64.3,41.1,36.44,15.0,96.4,8.0,78,awake,light
2026-08-01T11:55:00Z,ELD_002,60.9,47.0,36.55,14.4,96.7,8.0,78,awake,light
2026-08-01T11:56:00Z,ELD_002,66.4,44.1,36.34,14.8,96.4,8.0,78,awake,light
2026-08-01T11:57:00Z,ELD_002,65.8,44.5,36.45,14.1,96.4,8.0,78,awake,light
2026-08-01T11:58:00Z,ELD_002,63.9,45.8,36.42,14.5,96.7,8.0,78,awake,light
2026-08-01T11:59:00Z,ELD_002,61.8,44.9,36.42,15.7,96.3,8.0,78,awake,light
2026-08-01T12:00:00Z,ELD_002,67.6,46.6,36.38,15.2,96.7,8.0,78,awake,light
2026-08-01T12:01:00Z,ELD_002,65.3,38.8,36.28,14.6,96.3,8.0,78,awake,light
2026-08-01T12:02:00Z,ELD_002,65.5,49.2,36.52,14.3,96.8,8.0,78,awake,light
2026-08-01T12:03:00Z,ELD_002,63.3,46.6,36.46,14.4,96.7,8.0,78,awake,light
2026-08-01T12:04:00Z,ELD_002,61.8,46.9,36.32,15.3,96.5,8.0,78,awake,light
2026-08-01T12:05:00Z,ELD_002,65.5,46.5,36.33,14.9,96.6,8.0,78,awake,light
2026-08-01T12:06:00Z,ELD_002,62.5,46.5,36.34,14.7,96.9,8.0,78,awake,light
2026-08-01T12:07:00Z,ELD_002,67.3,43.8,36.45,14.9,96.4,8.0,78,awake,light
2026-08-01T12:08:00Z,ELD_002,66.3,43.3,36.43,15.1,96.0,8.0,78,awake,light
2026-08-01T12:09:00Z,ELD_002,61.4,47.2,36.28,15.3,96.9,8.0,78,awake,light
2026-08-01T12:10:00Z,ELD_002,63.9,43.9,36.41,15.7,96.6,8.0,78,awake,light
2026-08-01T12:11:00Z,ELD_002,65.3,43.4,36.42,15.3,96.2,8.0,78,awake,light
2026-08-01T12:12:00Z,ELD_002,67.0,46.4,36.47,15.1,96.3,8.0,78,awake,light
2026-08-01T12:13:00Z,ELD_002,69.9,45.1,36.52,16.4,96.5,8.0,78,awake,light
2026-08-01T12:14:00Z,ELD_002,66.7,43.9,36.63,15.6,97.0,8.0,78,awake,light
2026-08-01T12:15:00Z,ELD_002,66.3,45.8,36.45,14.9,96.7,8.0,78,awake,light
2026-08-01T12:16:00Z,ELD_002,62.3,46.9,36.39,14.8,96.5,8.0,78,awake,light
2026-08-01T12:17:00Z,ELD_002,62.6,43.6,36.6,14.7,96.8,8.0,78,awake,light
2026-08-01T12:18:00Z,ELD_002,63.1,46.2,36.39,15.2,96.6,8.0,78,awake,light
2026-08-01T12:19:00Z,ELD_002,61.8,45.6,36.29,14.3,96.3,8.0,78,awake,light
2026-08-01T12:20:00Z,ELD_002,67.4,45.4,36.4,15.4,96.2,8.0,78,awake,light
2026-08-01T12:21:00Z,ELD_002,64.9,43.8,36.5,15.9,96.5,8.0,78,awake,light
2026-08-01T12:22:00Z,ELD_002,64.1,46.0,36.29,14.2,96.5,8.0,78,awake,light
2026-08-01T12:23:00Z,ELD_002,63.8,47.3,36.48,15.0,96.5,8.0,78,awake,light
2026-08-01T12:24:00Z,ELD_002,67.8,43.8,36.28,14.6,96.8,8.0,78,awake,light
2026-08-01T12:25:00Z,ELD_002,64.4,45.0,36.38,14.5,96.8,8.0,78,awake,light
2026-08-01T12:26:00Z,ELD_002,59.1,46.3,36.31,14.1,96.2,8.0,78,awake,light
2026-08-01T12:27:00Z,ELD_002,62.1,44.2,36.37,14.2,96.5,8.0,78,awake,light
2026-08-01T12:28:00Z,ELD_002,62.5,43.5,36.56,14.4,96.5,8.0,78,awake,light
2026-08-01T12:29:00Z,ELD_002,63.4,44.4,36.42,15.0,95.8,8.0,78,awake,light
2026-08-01T12:30:00Z,ELD_002,64.1,45.6,36.39,15.5,96.6,8.0,78,awake,light
2026-08-01T12:31:00Z,ELD_002,65.6,44.7,36.61,15.1,97.0,8.0,78,awake,light
2026-08-01T12:32:00Z,ELD_002,59.9,45.4,36.39,14.7,96.4,8.0,78,awake,light
2026-08-01T12:33:00Z,ELD_002,65.0,45.6,36.4,14.7,96.4,8.0,78,awake,light
2026-08-01T12:34:00Z,ELD_002,66.1,43.6,36.4,15.8,95.5,8.0,78,awake,light
2026-08-01T12:35:00Z,ELD_002,65.4,43.1,36.46,15.9,96.4,8.0,78,awake,light
2026-08-01T12:36:00Z,ELD_002,65.6,46.6,36.54,15.1,96.7,8.0,78,awake,light
2026-08-01T12:37:00Z,ELD_002,66.3,47.2,36.5,15.5,96.9,8.0,78,awake,light
2026-08-01T12:38:00Z,ELD_002,60.9,46.1,36.42,14.1,96.4,8.0,78,awake,light
2026-08-01T12:39:00Z,ELD_002,66.8,42.8,36.34,15.2,97.0,8.0,78,awake,light
2026-08-01T12:40:00Z,ELD_002,68.7,44.8,36.38,15.8,96.8,8.0,78,awake,light
2026-08-01T12:41:00Z,ELD_002,65.4,48.9,36.57,15.5,97.0,8.0,78,awake,light
2026-08-01T12:42:00Z,ELD_002,57.7,45.3,36.48,14.1,97.0,8.0,78,awake,light
2026-08-01T12:43:00Z,ELD_002,66.4,45.1,36.36,14.5,96.7,8.0,78,awake,light
2026-08-01T12:44:00Z,ELD_002,57.6,48.3,36.45,14.0,97.0,8.0,78,awake,light
2026-08-01T12:45:00Z,ELD_002,61.6,43.4,36.41,15.1,96.7,8.0,78,awake,light
2026-08-01T12:46:00Z,ELD_002,61.1,46.2,36.37,15.8,96.8,8.0,78,awake,light
2026-08-01T12:47:00Z,ELD_002,62.9,48.0,36.32,13.8,96.8,8.0,78,awake,light
2026-08-01T12:48:00Z,ELD_002,61.9,46.5,36.39,14.7,96.5,8.0,78,awake,light
2026-08-01T12:49:00Z,ELD_002,63.2,45.1,36.57,15.2,96.6,8.0,78,awake,light
2026-08-01T12:50:00Z,ELD_002,58.0,47.0,36.33,13.9,97.0,8.0,78,awake,light
2026-08-01T12:51:00Z,ELD_002,62.7,47.1,36.38,14.0,96.4,8.0,78,awake,light
2026-08-01T12:52:00Z,ELD_002,59.9,49.1,36.34,14.6,97.0,8.0,78,awake,light
2026-08-01T12:53:00Z,ELD_002,61.8,46.5,36.28,14.9,96.8,8.0,78,awake,light
2026-08-01T12:54:00Z,ELD_002,62.3,50.1,36.35,14.5,96.3,8.0,78,awake,light
2026-08-01T12:55:00Z,ELD_002,62.9,48.6,36.45,15.3,96.8,8.0,78,awake,light
2026-08-01T12:56:00Z,ELD_002,62.4,45.7,36.44,14.0,96.6,8.0,78,awake,light
2026-08-01T12:57:00Z,ELD_002,61.8,46.9,36.39,14.3,96.4,8.0,78,awake,light
2026-08-01T12:58:00Z,ELD_002,63.1,42.3,36.56,15.3,96.9,8.0,78,awake,light
2026-08-01T12:59:00Z,ELD_002,67.7,46.4,36.55,15.0,96.7,8.0,78,awake,light
2026-08-01T13:00:00Z,ELD_002,64.3,45.3,36.62,15.2,96.6,8.0,78,awake,light
2026-08-01T13:01:00Z,ELD_002,64.5,46.8,36.4,15.5,96.6,8.0,78,awake,light
2026-08-01T13:02:00Z,ELD_002,59.0,43.9,36.11,13.9,96.9,8.0,78,awake,light
2026-08-01T13:03:00Z,ELD_002,59.1,47.2,36.48,14.0,96.6,8.0,78,awake,light
2026-08-01T13:04:00Z,ELD_002,61.2,47.2,36.49,14.7,95.6,8.0,78,awake,light
2026-08-01T13:05:00Z,ELD_002,64.3,44.3,36.65,14.0,96.9,8.0,78,awake,light
2026-08-01T13:06:00Z,ELD_002,59.7,46.6,36.43,14.4,96.9,8.0,78,awake,light
2026-08-01T13:07:00Z,ELD_002,60.4,46.8,36.39,14.6,96.9,8.0,78,awake,light
2026-08-01T13:08:00Z,ELD_002,62.9,43.2,36.28,15.3,96.5,8.0,78,awake,light
2026-08-01T13:09:00Z,ELD_002,60.6,48.3,36.26,14.5,96.4,8.0,78,awake,light
2026-08-01T13:10:00Z,ELD_002,58.9,48.0,36.38,13.7,96.5,8.0,78,awake,light
2026-08-01T13:11:00Z,ELD_002,57.8,46.2,36.54,14.7,96.6,8.0,78,awake,light
2026-08-01T13:12:00Z,ELD_002,55.6,47.3,36.45,13.9,96.5,8.0,78,awake,light
2026-08-01T13:13:00Z,ELD_002,64.0,42.8,36.31,14.9,96.6,8.0,78,awake,light
2026-08-01T13:14:00Z,ELD_002,61.1,46.0,36.6,14.4,96.5,8.0,78,awake,light
2026-08-01T13:15:00Z,ELD_002,67.2,46.4,36.45,14.5,96.8,8.0,78,awake,light
2026-08-01T13:16:00Z,ELD_002,59.0,50.2,36.3,15.0,96.6,8.0,78,awake,light
2026-08-01T13:17:00Z,ELD_002,66.2,48.0,36.3,15.6,96.6,8.0,78,awake,light
2026-08-01T13:18:00Z,ELD_002,67.0,44.1,36.43,14.3,97.0,8.0,78,awake,light
2026-08-01T13:19:00Z,ELD_002,59.4,46.0,36.25,14.3,97.0,8.0,78,awake,light
2026-08-01T13:20:00Z,ELD_002,63.4,45.4,36.35,15.1,96.8,8.0,78,awake,light
2026-08-01T13:21:00Z,ELD_002,62.8,45.5,36.35,15.2,96.8,8.0,78,awake,light
2026-08-01T13:22:00Z,ELD_002,59.2,46.5,36.41,13.9,96.3,8.0,78,awake,light
2026-08-01T13:23:00Z,ELD_002,57.9,45.1,36.27,14.7,96.9,8.0,78,awake,light
2026-08-01T13:24:00Z,ELD_002,59.7,51.6,36.41,13.5,96.8,8.0,78,awake,light
2026-08-01T13:25:00Z,ELD_002,63.9,45.4,36.46,14.5,96.8,8.0,78,awake,light
2026-08-01T13:26:00Z,ELD_002,59.1,43.8,36.37,15.1,96.4,8.0,78,awake,light
2026-08-01T13:27:00Z,ELD_002,63.3,47.0,36.4,14.6,96.7,8.0,78,awake,light
2026-08-01T13:28:00Z,ELD_002,58.6,43.9,36.4,14.0,96.7,8.0,78,awake,light
2026-08-01T13:29:00Z,ELD_002,57.8,43.8,36.37,13.6,97.0,8.0,78,awake,light
2026-08-01T13:30:00Z,ELD_002,63.7,43.5,36.41,14.8,96.8,8.0,78,awake,light
2026-08-01T13:31:00Z,ELD_002,56.2,47.8,36.52,14.4,96.9,8.0,78,awake,light
2026-08-01T13:32:00Z,ELD_002,59.3,48.0,36.43,13.2,97.0,8.0,78,awake,light
2026-08-01T13:33:00Z,ELD_002,59.8,44.3,36.23,15.2,96.7,8.0,78,awake,light
2026-08-01T13:34:00Z,ELD_002,56.5,47.7,36.36,14.1,96.9,8.0,78,awake,light
2026-08-01T13:35:00Z,ELD_002,64.8,44.2,36.02,15.7,96.6,8.0,78,awake,light
2026-08-01T13:36:00Z,ELD_002,55.4,51.8,36.5,14.8,96.7,8.0,78,awake,light
2026-08-01T13:37:00Z,ELD_002,57.3,45.9,36.4,14.6,96.5,8.0,78,awake,light
2026-08-01T13:38:00Z,ELD_002,64.6,42.1,36.32,14.5,96.3,8.0,78,awake,light
2026-08-01T13:39:00Z,ELD_002,65.0,48.1,36.3,15.1,96.7,8.0,78,awake,light
2026-08-01T13:40:00Z,ELD_002,67.6,43.3,36.46,15.2,96.7,8.0,78,awake,light
2026-08-01T13:41:00Z,ELD_002,57.1,49.6,36.32,13.8,96.6,8.0,78,awake,light
2026-08-01T13:42:00Z,ELD_002,59.7,45.0,36.42,14.5,96.2,8.0,78,awake,light
2026-08-01T13:43:00Z,ELD_002,63.4,46.1,36.31,14.9,96.5,8.0,78,awake,light
2026-08-01T13:44:00Z,ELD_002,60.7,50.4,36.36,14.6,96.4,8.0,78,awake,light
2026-08-01T13:45:00Z,ELD_002,63.1,49.5,36.47,14.8,96.9,8.0,78,awake,light
2026-08-01T13:46:00Z,ELD_002,66.4,45.4,36.32,14.4,96.7,8.0,78,awake,light
2026-08-01T13:47:00Z,ELD_002,60.5,46.5,36.42,15.2,96.4,8.0,78,awake,light
2026-08-01T13:48:00Z,ELD_002,60.6,43.8,36.48,15.2,96.4,8.0,78,awake,light
2026-08-01T13:49:00Z,ELD_002,58.5,46.0,36.23,13.7,96.5,8.0,78,awake,light
2026-08-01T13:50:00Z,ELD_002,59.4,47.7,36.37,14.3,96.3,8.0,78,awake,light
2026-08-01T13:51:00Z,ELD_002,60.3,49.5,36.45,14.3,96.4,8.0,78,awake,light
2026-08-01T13:52:00Z,ELD_002,59.4,49.5,36.37,14.7,96.8,8.0,78,awake,light
2026-08-01T13:53:00Z,ELD_002,64.0,46.0,36.45,14.9,96.8,8.0,78,awake,light
2026-08-01T13:54:00Z,ELD_002,56.0,48.7,36.27,14.6,96.9,8.0,78,awake,light
2026-08-01T13:55:00Z,ELD_002,62.7,45.9,36.33,14.9,96.7,8.0,78,awake,light
2026-08-01T13:56:00Z,ELD_002,63.8,46.6,36.51,15.1,96.3,8.0,78,awake,light
2026-08-01T13:57:00Z,ELD_002,60.3,45.6,36.4,13.9,96.8,8.0,78,awake,light
2026-08-01T13:58:00Z,ELD_002,59.7,49.3,36.24,15.2,96.6,8.0,78,awake,light
2026-08-01T13:59:00Z,ELD_002,56.5,45.9,36.36,14.8,96.8,8.0,78,awake,light
2026-08-01T14:00:00Z,ELD_002,57.8,44.0,36.46,14.4,96.2,8.0,78,awake,light
2026-08-01T14:01:00Z,ELD_002,63.5,45.8,36.43,14.9,96.8,8.0,78,awake,light
2026-08-01T14:02:00Z,ELD_002,60.4,44.4,36.35,14.3,96.4,8.0,78,awake,light
2026-08-01T14:03:00Z,ELD_002,56.4,49.3,36.39,14.0,97.0,8.0,78,awake,light
2026-08-01T14:04:00Z,ELD_002,64.9,43.8,36.53,15.3,96.0,8.0,78,awake,light
2026-08-01T14:05:00Z,ELD_002,62.2,47.6,36.46,14.6,96.2,8.0,78,awake,light
2026-08-01T14:06:00Z,ELD_002,57.8,47.9,36.52,13.8,97.0,8.0,78,awake,light
2026-08-01T14:07:00Z,ELD_002,59.3,46.3,36.5,14.3,97.0,8.0,78,awake,light
2026-08-01T14:08:00Z,ELD_002,58.5,48.7,36.4,14.7,96.6,8.0,78,awake,light
2026-08-01T14:09:00Z,ELD_002,66.7,44.2,36.38,14.0,96.0,8.0,78,awake,light
2026-08-01T14:10:00Z,ELD_002,60.1,42.6,36.39,14.5,96.4,8.0,78,awake,light
2026-08-01T14:11:00Z,ELD_002,63.2,42.6,36.23,14.6,96.9,8.0,78,awake,light
2026-08-01T14:12:00Z,ELD_002,54.9,50.1,36.19,14.2,96.9,8.0,78,awake,light
2026-08-01T14:13:00Z,ELD_002,63.5,46.2,36.42,14.8,96.7,8.0,78,awake,light
2026-08-01T14:14:00Z,ELD_002,63.9,43.2,36.57,14.6,96.6,8.0,78,awake,light
2026-08-01T14:15:00Z,ELD_002,57.5,48.8,36.54,14.6,96.8,8.0,78,awake,light
2026-08-01T14:16:00Z,ELD_002,60.2,46.2,36.54,14.6,96.7,8.0,78,awake,light
2026-08-01T14:17:00Z,ELD_002,57.9,47.4,36.38,14.8,96.7,8.0,78,awake,light
2026-08-01T14:18:00Z,ELD_002,62.0,44.6,36.39,15.0,96.4,8.0,78,awake,light
2026-08-01T14:19:00Z,ELD_002,55.9,44.2,36.42,14.3,96.0,8.0,78,awake,light
2026-08-01T14:20:00Z,ELD_002,54.6,48.0,36.32,13.6,96.3,8.0,78,awake,light
2026-08-01T14:21:00Z,ELD_002,61.3,46.4,36.32,14.0,96.8,8.0,78,awake,light
2026-08-01T14:22:00Z,ELD_002,57.8,46.9,36.27,14.1,96.8,8.0,78,awake,light
2026-08-01T14:23:00Z,ELD_002,54.4,46.8,36.65,14.1,96.7,8.0,78,awake,light
2026-08-01T14:24:00Z,ELD_002,52.2,50.9,36.51,14.0,97.0,8.0,78,awake,light
2026-08-01T14:25:00Z,ELD_002,63.8,46.7,36.48,15.0,96.7,8.0,78,awake,light
2026-08-01T14:26:00Z,ELD_002,57.6,46.7,36.25,13.9,96.0,8.0,78,awake,light
2026-08-01T14:27:00Z,ELD_002,57.2,48.0,36.32,14.8,96.5,8.0,78,awake,light
2026-08-01T14:28:00Z,ELD_002,60.0,45.8,36.38,15.2,96.8,8.0,78,awake,light
2026-08-01T14:29:00Z,ELD_002,57.9,49.7,36.28,13.7,96.8,8.0,78,awake,light
2026-08-01T14:30:00Z,ELD_002,56.1,51.2,36.39,13.6,96.8,8.0,78,awake,light
2026-08-01T14:31:00Z,ELD_002,58.6,48.0,36.26,14.6,96.3,8.0,78,awake,light
2026-08-01T14:32:00Z,ELD_002,60.2,44.1,36.2,14.4,96.8,8.0,78,awake,light
2026-08-01T14:33:00Z,ELD_002,61.4,42.6,36.4,14.1,97.0,8.0,78,awake,light
2026-08-01T14:34:00Z,ELD_002,63.1,44.1,36.35,15.1,96.2,8.0,78,awake,light
2026-08-01T14:35:00Z,ELD_002,59.9,47.5,36.38,14.3,96.8,8.0,78,awake,light
2026-08-01T14:36:00Z,ELD_002,52.9,48.4,36.43,13.5,96.5,8.0,78,awake,light
2026-08-01T14:37:00Z,ELD_002,63.2,44.6,36.32,13.5,96.5,8.0,78,awake,light
2026-08-01T14:38:00Z,ELD_002,58.3,47.8,36.39,13.6,97.0,8.0,78,awake,light
2026-08-01T14:39:00Z,ELD_002,60.5,43.5,36.23,14.6,96.8,8.0,78,awake,light
2026-08-01T14:40:00Z,ELD_002,56.4,47.1,36.32,14.1,96.9,8.0,78,awake,light
2026-08-01T14:41:00Z,ELD_002,61.6,44.6,36.54,14.5,96.9,8.0,78,awake,light
2026-08-01T14:42:00Z,ELD_002,61.3,46.7,36.37,14.2,96.3,8.0,78,awake,light
2026-08-01T14:43:00Z,ELD_002,62.9,44.2,36.53,14.5,95.9,8.0,78,awake,light
2026-08-01T14:44:00Z,ELD_002,51.4,51.5,36.5,13.5,96.8,8.0,78,awake,light
2026-08-01T14:45:00Z,ELD_002,55.4,47.7,36.45,14.0,96.8,8.0,78,awake,light
2026-08-01T14:46:00Z,ELD_002,55.1,48.9,36.35,13.1,95.8,8.0,78,awake,light
2026-08-01T14:47:00Z,ELD_002,55.5,45.5,36.39,13.8,96.5,8.0,78,awake,light
2026-08-01T14:48:00Z,ELD_002,52.3,47.5,36.41,14.4,96.9,8.0,78,awake,light
2026-08-01T14:49:00Z,ELD_002,60.9,50.9,36.51,14.8,96.9,8.0,78,awake,light
2026-08-01T14:50:00Z,ELD_002,59.0,48.5,36.54,14.3,96.9,8.0,78,awake,light
2026-08-01T14:51:00Z,ELD_002,63.6,46.7,36.33,15.6,97.0,8.0,78,awake,light
2026-08-01T14:52:00Z,ELD_002,52.8,48.4,36.32,13.8,96.5,8.0,78,awake,light
2026-08-01T14:53:00Z,ELD_002,55.5,50.2,36.56,13.6,95.9,8.0,78,awake,light
2026-08-01T14:54:00Z,ELD_002,57.5,46.8,36.47,13.5,96.7,8.0,78,awake,light
2026-08-01T14:55:00Z,ELD_002,56.1,49.5,36.4,13.8,96.9,8.0,78,awake,light
2026-08-01T14:56:00Z,ELD_002,60.4,45.8,36.62,14.0,96.6,8.0,78,awake,light
2026-08-01T14:57:00Z,ELD_002,60.3,46.5,36.31,15.1,96.0,8.0,78,awake,light
2026-08-01T14:58:00Z,ELD_002,62.7,47.9,36.41,15.2,96.8,8.0,78,awake,light
2026-08-01T14:59:00Z,ELD_002,55.6,48.2,36.32,14.3,97.0,8.0,78,awake,light
2026-08-01T15:00:00Z,ELD_002,57.1,47.9,36.4,14.8,96.5,8.0,78,awake,light
2026-08-01T15:01:00Z,ELD_002,62.0,47.4,36.47,15.4,96.2,8.0,78,awake,light
2026-08-01T15:02:00Z,ELD_002,65.0,45.9,36.48,15.9,96.7,8.0,78,awake,light
2026-08-01T15:03:00Z,ELD_002,54.9,48.4,36.39,13.9,97.0,8.0,78,awake,light
2026-08-01T15:04:00Z,ELD_002,55.2,46.0,36.42,14.4,95.4,8.0,78,awake,light
2026-08-01T15:05:00Z,ELD_002,56.4,48.5,36.22,13.9,96.4,8.0,78,awake,light
2026-08-01T15:06:00Z,ELD_002,62.2,47.2,36.39,15.3,96.9,8.0,78,awake,light
2026-08-01T15:07:00Z,ELD_002,56.9,48.4,36.41,14.5,96.8,8.0,78,awake,light
2026-08-01T15:08:00Z,ELD_002,56.8,47.9,36.36,13.3,96.5,8.0,78,awake,light
2026-08-01T15:09:00Z,ELD_002,56.1,43.4,36.26,14.2,96.3,8.0,78,awake,light
2026-08-01T15:10:00Z,ELD_002,58.4,50.4,36.38,14.6,96.5,8.0,78,awake,light
2026-08-01T15:11:00Z,ELD_002,55.1,48.5,36.31,13.4,96.8,8.0,78,awake,light
2026-08-01T15:12:00Z,ELD_002,60.3,47.6,36.76,14.6,96.4,8.0,78,awake,light
2026-08-01T15:13:00Z,ELD_002,55.2,47.2,36.42,14.0,96.1,8.0,78,awake,light
2026-08-01T15:14:00Z,ELD_002,57.1,49.8,36.2,14.4,96.2,8.0,78,awake,light
2026-08-01T15:15:00Z,ELD_002,55.7,49.0,36.25,14.0,96.3,8.0,78,awake,light
2026-08-01T15:16:00Z,ELD_002,62.2,46.4,36.59,14.2,97.0,8.0,78,awake,light
2026-08-01T15:17:00Z,ELD_002,59.9,47.7,36.25,14.2,96.5,8.0,78,awake,light
2026-08-01T15:18:00Z,ELD_002,58.2,49.7,36.4,14.9,95.9,8.0,78,awake,light
2026-08-01T15:19:00Z,ELD_002,55.6,43.7,36.47,14.5,96.9,8.0,78,awake,light
2026-08-01T15:20:00Z,ELD_002,59.0,48.2,36.4,14.4,96.2,8.0,78,awake,light
2026-08-01T15:21:00Z,ELD_002,60.0,48.6,36.48,14.4,97.0,8.0,78,awake,light
2026-08-01T15:22:00Z,ELD_002,51.1,51.5,36.48,14.2,96.4,8.0,78,awake,light
2026-08-01T15:23:00Z,ELD_002,50.0,52.6,36.56,13.7,97.0,8.0,78,awake,light
2026-08-01T15:24:00Z,ELD_002,54.4,50.1,36.57,13.4,96.9,8.0,78,awake,light
2026-08-01T15:25:00Z,ELD_002,64.2,44.4,36.39,14.9,96.9,8.0,78,awake,light
2026-08-01T15:26:00Z,ELD_002,57.6,49.6,36.25,14.6,96.6,8.0,78,awake,light
2026-08-01T15:27:00Z,ELD_002,58.6,46.8,36.22,13.8,96.9,8.0,78,awake,light
2026-08-01T15:28:00Z,ELD_002,55.3,49.2,36.37,13.4,96.6,8.0,78,awake,light
2026-08-01T15:29:00Z,ELD_002,60.5,50.3,36.48,14.4,96.7,8.0,78,awake,light
2026-08-01T15:30:00Z,ELD_002,56.5,47.5,36.31,13.8,95.9,8.0,78,awake,light
2026-08-01T15:31:00Z,ELD_002,58.4,45.8,36.33,14.0,96.4,8.0,78,awake,light
2026-08-01T15:32:00Z,ELD_002,55.4,51.6,36.19,14.3,96.7,8.0,78,awake,light
2026-08-01T15:33:00Z,ELD_002,56.1,50.9,36.42,14.4,96.8,8.0,78,awake,light
2026-08-01T15:34:00Z,ELD_002,54.9,48.6,36.22,14.6,96.0,8.0,78,awake,light
2026-08-01T15:35:00Z,ELD_002,58.0,47.9,36.43,13.3,96.5,8.0,78,awake,light
2026-08-01T15:36:00Z,ELD_002,58.3,49.8,36.39,13.8,97.0,8.0,78,awake,light
2026-08-01T15:37:00Z,ELD_002,57.4,46.3,36.35,13.4,96.8,8.0,78,awake,light
2026-08-01T15:38:00Z,ELD_002,60.5,46.8,36.38,13.1,96.3,8.0,78,awake,light
2026-08-01T15:39:00Z,ELD_002,56.2,48.1,36.52,13.9,96.4,8.0,78,awake,light
2026-08-01T15:40:00Z,ELD_002,59.4,45.4,36.49,14.9,96.6,8.0,78,awake,light
2026-08-01T15:41:00Z,ELD_002,58.8,44.7,36.53,14.5,96.5,8.0,78,awake,light
2026-08-01T15:42:00Z,ELD_002,59.4,45.2,36.51,13.7,96.8,8.0,78,awake,light
2026-08-01T15:43:00Z,ELD_002,56.4,45.7,36.6,15.1,96.8,8.0,78,awake,light
2026-08-01T15:44:00Z,ELD_002,56.7,49.6,36.25,13.6,96.0,8.0,78,awake,light
2026-08-01T15:45:00Z,ELD_002,59.1,46.7,36.42,14.1,96.7,8.0,78,awake,light
2026-08-01T15:46:00Z,ELD_002,57.3,46.3,36.36,14.5,96.8,8.0,78,awake,light
2026-08-01T15:47:00Z,ELD_002,56.3,47.6,36.4,13.2,96.6,8.0,78,awake,light
2026-08-01T15:48:00Z,ELD_002,53.7,44.4,36.28,14.1,96.3,8.0,78,awake,light
2026-08-01T15:49:00Z,ELD_002,52.7,48.3,36.37,14.0,96.4,8.0,78,awake,light
2026-08-01T15:50:00Z,ELD_002,59.8,49.3,36.53,13.8,96.5,8.0,78,awake,light
2026-08-01T15:51:00Z,ELD_002,59.3,43.0,36.29,14.3,95.8,8.0,78,awake,light
2026-08-01T15:52:00Z,ELD_002,54.1,50.5,36.28,14.5,97.0,8.0,78,awake,light
2026-08-01T15:53:00Z,ELD_002,59.9,47.7,36.36,14.1,97.0,8.0,78,awake,light
2026-08-01T15:54:00Z,ELD_002,57.0,49.1,36.26,14.4,96.9,8.0,78,awake,light
2026-08-01T15:55:00Z,ELD_002,58.9,45.7,36.33,14.5,96.8,8.0,78,awake,light
2026-08-01T15:56:00Z,ELD_002,55.2,49.6,36.5,14.5,96.9,8.0,78,awake,light
2026-08-01T15:57:00Z,ELD_002,58.1,47.4,36.48,14.2,96.6,8.0,78,awake,light
2026-08-01T15:58:00Z,ELD_002,55.6,47.0,36.38,14.7,96.9,8.0,78,awake,light
2026-08-01T15:59:00Z,ELD_002,55.2,47.3,36.56,14.2,96.6,8.0,78,awake,light
2026-08-01T16:00:00Z,ELD_002,51.4,50.2,36.25,13.1,96.9,8.0,78,awake,light
2026-08-01T16:01:00Z,ELD_002,56.7,47.1,36.54,14.5,96.0,8.0,78,awake,light
2026-08-01T16:02:00Z,ELD_002,55.4,43.7,36.43,14.7,97.0,8.0,78,awake,light
2026-08-01T16:03:00Z,ELD_002,56.0,49.7,36.24,13.5,96.3,8.0,78,awake,light
2026-08-01T16:04:00Z,ELD_002,55.4,49.8,36.4,13.5,96.6,8.0,78,awake,light
2026-08-01T16:05:00Z,ELD_002,52.4,52.3,36.48,13.4,96.5,8.0,78,awake,light
2026-08-01T16:06:00Z,ELD_002,53.0,49.6,36.45,14.6,96.9,8.0,78,awake,light
2026-08-01T16:07:00Z,ELD_002,51.6,48.7,36.27,13.6,96.3,8.0,78,awake,light
2026-08-01T16:08:00Z,ELD_002,56.5,47.0,36.19,13.6,96.4,8.0,78,awake,light
2026-08-01T16:09:00Z,ELD_002,56.2,47.0,36.58,14.6,96.3,8.0,78,awake,light
2026-08-01T16:10:00Z,ELD_002,61.2,47.8,36.27,13.9,96.3,8.0,78,awake,light
2026-08-01T16:11:00Z,ELD_002,57.5,47.1,36.27,13.0,96.3,8.0,78,awake,light
2026-08-01T16:12:00Z,ELD_002,57.7,48.7,36.32,14.4,96.7,8.0,78,awake,light
2026-08-01T16:13:00Z,ELD_002,59.2,47.2,36.5,14.5,96.6,8.0,78,awake,light
2026-08-01T16:14:00Z,ELD_002,54.7,50.4,36.3,13.9,96.0,8.0,78,awake,light
2026-08-01T16:15:00Z,ELD_002,56.5,48.2,36.36,14.0,96.5,8.0,78,awake,light
2026-08-01T16:16:00Z,ELD_002,50.9,50.1,36.43,13.8,96.7,8.0,78,awake,light
2026-08-01T16:17:00Z,ELD_002,58.9,48.8,36.38,14.5,96.8,8.0,78,awake,light
2026-08-01T16:18:00Z,ELD_002,59.6,47.4,36.32,14.0,96.5,8.0,78,awake,light
2026-08-01T16:19:00Z,ELD_002,59.6,47.9,36.33,14.0,96.7,8.0,78,awake,light
2026-08-01T16:20:00Z,ELD_002,52.0,51.7,36.41,13.5,96.8,8.0,78,awake,light
2026-08-01T16:21:00Z,ELD_002,52.9,49.5,36.35,13.4,96.9,8.0,78,awake,light
2026-08-01T16:22:00Z,ELD_002,55.4,47.3,36.38,14.0,96.7,8.0,78,awake,light
2026-08-01T16:23:00Z,ELD_002,57.4,45.3,36.38,14.6,96.9,8.0,78,awake,light
2026-08-01T16:24:00Z,ELD_002,55.6,46.9,36.36,14.7,96.3,8.0,78,awake,light
2026-08-01T16:25:00Z,ELD_002,55.8,47.6,36.39,13.4,96.3,8.0,78,awake,light
2026-08-01T16:26:00Z,ELD_002,56.3,47.8,36.36,13.9,96.5,8.0,78,awake,light
2026-08-01T16:27:00Z,ELD_002,55.0,45.6,36.28,13.8,96.8,8.0,78,awake,light
2026-08-01T16:28:00Z,ELD_002,55.7,46.4,36.37,14.4,96.8,8.0,78,awake,light
2026-08-01T16:29:00Z,ELD_002,60.3,45.2,36.55,14.4,96.8,8.0,78,awake,light
2026-08-01T16:30:00Z,ELD_002,54.4,49.9,36.32,13.6,96.4,8.0,78,awake,light
2026-08-01T16:31:00Z,ELD_002,56.2,48.7,36.29,14.3,96.1,8.0,78,awake,light
2026-08-01T16:32:00Z,ELD_002,58.3,45.5,36.46,14.2,96.6,8.0,78,awake,light
2026-08-01T16:33:00Z,ELD_002,56.5,48.1,36.41,14.4,96.7,8.0,78,awake,light
2026-08-01T16:34:00Z,ELD_002,50.0,51.2,36.35,12.6,96.4,8.0,78,awake,light
2026-08-01T16:35:00Z,ELD_002,58.1,46.7,36.43,14.0,95.9,8.0,78,awake,light
2026-08-01T16:36:00Z,ELD_002,55.9,46.1,36.39,13.3,96.4,8.0,78,awake,light
2026-08-01T16:37:00Z,ELD_002,56.7,50.3,36.49,14.5,96.9,8.0,78,awake,light
2026-08-01T16:38:00Z,ELD_002,55.8,47.5,36.44,13.9,96.1,8.0,78,awake,light
2026-08-01T16:39:00Z,ELD_002,52.5,48.9,36.38,13.0,96.9,8.0,78,awake,light
2026-08-01T16:40:00Z,ELD_002,54.7,47.6,36.33,14.2,96.5,8.0,78,awake,light
2026-08-01T16:41:00Z,ELD_002,60.4,46.8,36.29,14.9,96.5,8.0,78,awake,light
2026-08-01T16:42:00Z,ELD_002,57.2,46.7,36.43,14.1,96.8,8.0,78,awake,light
2026-08-01T16:43:00Z,ELD_002,60.9,50.8,36.35,14.1,96.7,8.0,78,awake,light
2026-08-01T16:44:00Z,ELD_002,55.3,47.1,36.36,14.6,96.9,8.0,78,awake,light
2026-08-01T16:45:00Z,ELD_002,51.9,46.8,36.47,14.6,97.0,8.0,78,awake,light
2026-08-01T16:46:00Z,ELD_002,54.8,45.9,36.46,14.8,96.1,8.0,78,awake,light
2026-08-01T16:47:00Z,ELD_002,47.6,44.9,36.33,13.2,96.2,8.0,78,awake,light
2026-08-01T16:48:00Z,ELD_002,56.1,46.3,36.43,14.5,96.0,8.0,78,awake,light
2026-08-01T16:49:00Z,ELD_002,51.2,50.7,36.27,13.1,95.6,8.0,78,awake,light
2026-08-01T16:50:00Z,ELD_002,62.1,43.4,36.44,13.9,96.5,8.0,78,awake,light
2026-08-01T16:51:00Z,ELD_002,59.6,46.7,36.37,15.0,96.8,8.0,78,awake,light
2026-08-01T16:52:00Z,ELD_002,53.2,45.9,36.49,14.4,96.7,8.0,78,awake,light
2026-08-01T16:53:00Z,ELD_002,62.8,45.3,36.45,15.4,96.4,8.0,78,awake,light
2026-08-01T16:54:00Z,ELD_002,54.5,48.9,36.3,13.9,96.8,8.0,78,awake,light
2026-08-01T16:55:00Z,ELD_002,49.9,50.4,36.37,13.5,96.4,8.0,78,awake,light
2026-08-01T16:56:00Z,ELD_002,59.1,50.0,36.42,14.6,96.3,8.0,78,awake,light
2026-08-01T16:57:00Z,ELD_002,56.1,46.6,36.57,14.2,96.6,8.0,78,awake,light
2026-08-01T16:58:00Z,ELD_002,57.9,46.5,36.45,14.8,96.9,8.0,78,awake,light
2026-08-01T16:59:00Z,ELD_002,53.4,47.6,36.4,13.7,96.4,8.0,78,awake,light
2026-08-01T17:00:00Z,ELD_002,56.3,48.5,36.34,14.2,96.0,8.0,78,awake,light
2026-08-01T17:01:00Z,ELD_002,53.7,47.1,36.49,14.2,96.8,8.0,78,awake,light
2026-08-01T17:02:00Z,ELD_002,58.4,49.0,36.58,14.2,96.2,8.0,78,awake,light
2026-08-01T17:03:00Z,ELD_002,60.5,45.5,36.41,13.9,96.9,8.0,78,awake,light
2026-08-01T17:04:00Z,ELD_002,57.8,46.7,36.38,14.6,96.6,8.0,78,awake,light
2026-08-01T17:05:00Z,ELD_002,52.3,46.8,36.45,14.1,96.9,8.0,78,awake,light
2026-08-01T17:06:00Z,ELD_002,55.1,49.0,36.34,14.1,96.6,8.0,78,awake,light
2026-08-01T17:07:00Z,ELD_002,54.7,48.7,36.33,14.6,96.6,8.0,78,awake,light
2026-08-01T17:08:00Z,ELD_002,53.8,49.3,36.41,14.6,96.6,8.0,78,awake,light
2026-08-01T17:09:00Z,ELD_002,52.9,52.1,36.4,14.0,96.1,8.0,78,awake,light
2026-08-01T17:10:00Z,ELD_002,54.6,48.5,36.47,14.5,96.5,8.0,78,awake,light
2026-08-01T17:11:00Z,ELD_002,54.7,47.9,36.3,14.0,96.5,8.0,78,awake,light
2026-08-01T17:12:00Z,ELD_002,58.3,47.3,36.38,13.7,96.7,8.0,78,awake,light
2026-08-01T17:13:00Z,ELD_002,54.8,44.2,36.34,14.7,96.9,8.0,78,awake,light
2026-08-01T17:14:00Z,ELD_002,59.2,46.0,36.35,14.3,96.3,8.0,78,awake,light
2026-08-01T17:15:00Z,ELD_002,58.2,49.1,36.42,14.2,96.9,8.0,78,awake,light
2026-08-01T17:16:00Z,ELD_002,49.8,51.4,36.48,13.1,96.7,8.0,78,awake,light
2026-08-01T17:17:00Z,ELD_002,55.5,45.2,36.46,14.2,96.1,8.0,78,awake,light
2026-08-01T17:18:00Z,ELD_002,53.9,45.1,36.42,13.5,96.7,8.0,78,awake,light
2026-08-01T17:19:00Z,ELD_002,57.2,46.7,36.48,13.9,96.9,8.0,78,awake,light
2026-08-01T17:20:00Z,ELD_002,54.6,47.4,36.45,14.6,96.9,8.0,78,awake,light
2026-08-01T17:21:00Z,ELD_002,53.6,47.4,36.41,14.5,96.1,8.0,78,awake,light
2026-08-01T17:22:00Z,ELD_002,57.5,51.5,36.32,13.7,96.9,8.0,78,awake,light
2026-08-01T17:23:00Z,ELD_002,56.4,47.1,36.44,13.6,96.6,8.0,78,awake,light
2026-08-01T17:24:00Z,ELD_002,55.5,45.8,36.3,14.4,96.9,8.0,78,awake,light
2026-08-01T17:25:00Z,ELD_002,62.4,44.9,36.37,14.8,96.9,8.0,78,awake,light
2026-08-01T17:26:00Z,ELD_002,55.1,46.1,36.38,14.1,96.9,8.0,78,awake,light
2026-08-01T17:27:00Z,ELD_002,54.1,51.4,36.56,13.5,96.5,8.0,78,awake,light
2026-08-01T17:28:00Z,ELD_002,58.6,47.4,36.56,14.5,97.0,8.0,78,awake,light
2026-08-01T17:29:00Z,ELD_002,60.9,47.5,36.48,13.7,96.4,8.0,78,awake,light
2026-08-01T17:30:00Z,ELD_002,54.3,44.3,36.54,14.4,96.9,8.0,78,awake,light
2026-08-01T17:31:00Z,ELD_002,56.4,48.1,36.31,13.8,97.0,8.0,78,awake,light
2026-08-01T17:32:00Z,ELD_002,53.6,48.2,36.33,13.9,96.3,8.0,78,awake,light
2026-08-01T17:33:00Z,ELD_002,56.9,46.4,36.37,13.6,96.6,8.0,78,awake,light
2026-08-01T17:34:00Z,ELD_002,58.5,48.0,36.37,14.9,96.8,8.0,78,awake,light
2026-08-01T17:35:00Z,ELD_002,53.9,50.6,36.33,13.7,97.0,8.0,78,awake,light
2026-08-01T17:36:00Z,ELD_002,52.5,47.6,36.22,13.7,96.2,8.0,78,awake,light
2026-08-01T17:37:00Z,ELD_002,55.7,47.2,36.49,14.6,96.6,8.0,78,awake,light
2026-08-01T17:38:00Z,ELD_002,54.5,45.9,36.39,13.6,96.8,8.0,78,awake,light
2026-08-01T17:39:00Z,ELD_002,58.6,44.8,36.47,14.2,96.9,8.0,78,awake,light
2026-08-01T17:40:00Z,ELD_002,55.3,49.1,36.39,13.6,96.8,8.0,78,awake,light
2026-08-01T17:41:00Z,ELD_002,52.3,48.8,36.52,13.9,96.9,8.0,78,awake,light
2026-08-01T17:42:00Z,ELD_002,48.6,50.6,36.39,14.1,96.9,8.0,78,awake,light
2026-08-01T17:43:00Z,ELD_002,54.2,45.1,36.42,14.5,96.9,8.0,78,awake,light
2026-08-01T17:44:00Z,ELD_002,56.5,48.2,36.37,13.4,96.7,8.0,78,awake,light
2026-08-01T17:45:00Z,ELD_002,54.9,46.2,36.35,13.8,96.6,8.0,78,awake,light
2026-08-01T17:46:00Z,ELD_002,55.1,46.3,36.29,13.5,96.5,8.0,78,awake,light
2026-08-01T17:47:00Z,ELD_002,59.0,46.9,36.32,14.1,96.7,8.0,78,awake,light
2026-08-01T17:48:00Z,ELD_002,53.6,49.0,36.36,14.3,96.3,8.0,78,awake,light
2026-08-01T17:49:00Z,ELD_002,58.8,50.8,36.48,14.6,96.8,8.0,78,awake,light
2026-08-01T17:50:00Z,ELD_002,56.6,46.6,36.5,15.1,96.6,8.0,78,awake,light
2026-08-01T17:51:00Z,ELD_002,53.8,49.0,36.3,14.3,96.0,8.0,78,awake,light
2026-08-01T17:52:00Z,ELD_002,55.1,50.1,36.56,13.6,96.5,8.0,78,awake,light
2026-08-01T17:53:00Z,ELD_002,57.6,48.2,36.4,13.8,96.7,8.0,78,awake,light
2026-08-01T17:54:00Z,ELD_002,57.6,45.9,36.38,13.9,96.9,8.0,78,awake,light
2026-08-01T17:55:00Z,ELD_002,58.5,48.5,36.38,14.5,96.9,8.0,78,awake,light
2026-08-01T17:56:00Z,ELD_002,51.3,47.1,36.51,13.1,96.7,8.0,78,awake,light
2026-08-01T17:57:00Z,ELD_002,59.1,45.8,36.46,14.9,96.9,8.0,78,awake,light
2026-08-01T17:58:00Z,ELD_002,51.2,49.4,36.39,13.0,96.7,8.0,78,awake,light
2026-08-01T17:59:00Z,ELD_002,52.4,48.5,36.2,14.0,96.4,8.0,78,awake,light
2026-08-01T18:00:00Z,ELD_002,51.5,49.4,36.37,13.7,96.3,8.0,78,awake,light
2026-08-01T18:01:00Z,ELD_002,59.0,49.8,36.38,13.9,96.9,8.0,78,awake,light
2026-08-01T18:02:00Z,ELD_002,48.6,51.5,36.35,13.8,96.8,8.0,78,awake,light
2026-08-01T18:03:00Z,ELD_002,51.9,50.4,36.37,13.9,96.7,8.0,78,awake,light
2026-08-01T18:04:00Z,ELD_002,53.2,49.0,36.4,13.8,96.8,8.0,78,awake,light
2026-08-01T18:05:00Z,ELD_002,57.7,46.8,36.47,14.9,96.6,8.0,78,awake,light
2026-08-01T18:06:00Z,ELD_002,58.1,50.0,36.47,13.3,96.8,8.0,78,awake,light
2026-08-01T18:07:00Z,ELD_002,48.5,50.3,36.4,12.5,97.0,8.0,78,awake,light
2026-08-01T18:08:00Z,ELD_002,54.2,47.0,36.45,14.4,96.6,8.0,78,awake,light
2026-08-01T18:09:00Z,ELD_002,54.9,47.2,36.37,14.0,96.8,8.0,78,awake,light
2026-08-01T18:10:00Z,ELD_002,53.5,49.1,36.38,13.8,97.0,8.0,78,awake,light
2026-08-01T18:11:00Z,ELD_002,51.2,49.1,36.4,13.7,96.7,8.0,78,awake,light
2026-08-01T18:12:00Z,ELD_002,54.8,48.7,36.27,13.5,96.9,8.0,78,awake,light
2026-08-01T18:13:00Z,ELD_002,50.9,48.4,36.35,14.1,95.8,8.0,78,awake,light
2026-08-01T18:14:00Z,ELD_002,57.0,43.7,36.55,14.4,95.7,8.0,78,awake,light
2026-08-01T18:15:00Z,ELD_002,55.5,49.1,36.43,14.0,96.7,8.0,78,awake,light
2026-08-01T18:16:00Z,ELD_002,57.2,45.9,36.37,14.5,96.9,8.0,78,awake,light
2026-08-01T18:17:00Z,ELD_002,52.6,47.9,36.49,14.0,96.8,8.0,78,awake,light
2026-08-01T18:18:00Z,ELD_002,49.0,51.3,36.5,13.0,96.8,8.0,78,awake,light
2026-08-01T18:19:00Z,ELD_002,53.7,48.0,36.35,13.2,96.7,8.0,78,awake,light
2026-08-01T18:20:00Z,ELD_002,51.8,49.6,36.2,13.1,96.8,8.0,78,awake,light
2026-08-01T18:21:00Z,ELD_002,56.1,46.4,36.46,14.7,96.1,8.0,78,awake,light
2026-08-01T18:22:00Z,ELD_002,55.4,47.3,36.34,14.0,96.5,8.0,78,awake,light
2026-08-01T18:23:00Z,ELD_002,52.4,49.1,36.32,13.0,96.9,8.0,78,awake,light
2026-08-01T18:24:00Z,ELD_002,58.8,43.6,36.4,14.3,96.7,8.0,78,awake,light
2026-08-01T18:25:00Z,ELD_002,56.6,46.7,36.4,14.0,96.7,8.0,78,awake,light
2026-08-01T18:26:00Z,ELD_002,57.6,45.5,36.39,15.2,96.7,8.0,78,awake,light
2026-08-01T18:27:00Z,ELD_002,53.3,48.3,36.33,14.6,96.8,8.0,78,awake,light
2026-08-01T18:28:00Z,ELD_002,55.2,48.6,36.56,13.9,96.8,8.0,78,awake,light
2026-08-01T18:29:00Z,ELD_002,53.4,46.0,36.37,14.7,96.1,8.0,78,awake,light
2026-08-01T18:30:00Z,ELD_002,50.2,53.6,36.47,13.6,96.3,8.0,78,awake,light
2026-08-01T18:31:00Z,ELD_002,57.6,45.5,36.49,14.8,96.4,8.0,78,awake,light
2026-08-01T18:32:00Z,ELD_002,58.3,46.2,36.4,14.8,96.9,8.0,78,awake,light
2026-08-01T18:33:00Z,ELD_002,57.9,49.6,36.46,13.7,96.7,8.0,78,awake,light
2026-08-01T18:34:00Z,ELD_002,54.3,51.6,36.52,13.1,96.0,8.0,78,awake,light
2026-08-01T18:35:00Z,ELD_002,52.6,45.6,36.44,13.7,96.2,8.0,78,awake,light
2026-08-01T18:36:00Z,ELD_002,49.6,49.9,36.53,13.2,96.6,8.0,78,awake,light
2026-08-01T18:37:00Z,ELD_002,53.3,46.4,36.34,14.9,96.7,8.0,78,awake,light
2026-08-01T18:38:00Z,ELD_002,56.7,47.6,36.25,14.2,96.9,8.0,78,awake,light
2026-08-01T18:39:00Z,ELD_002,56.0,49.2,36.28,13.7,96.9,8.0,78,awake,light
2026-08-01T18:40:00Z,ELD_002,50.7,50.0,36.5,13.9,97.0,8.0,78,awake,light
2026-08-01T18:41:00Z,ELD_002,52.3,43.1,36.41,13.9,96.9,8.0,78,awake,light
2026-08-01T18:42:00Z,ELD_002,52.6,47.5,36.47,14.0,96.5,8.0,78,awake,light
2026-08-01T18:43:00Z,ELD_002,54.4,46.2,36.43,14.0,96.9,8.0,78,awake,light
2026-08-01T18:44:00Z,ELD_002,51.9,48.3,36.53,14.0,96.9,8.0,78,awake,light
2026-08-01T18:45:00Z,ELD_002,51.3,52.4,36.29,13.4,96.9,8.0,78,awake,light
2026-08-01T18:46:00Z,ELD_002,55.5,45.5,36.52,14.6,96.6,8.0,78,awake,light
2026-08-01T18:47:00Z,ELD_002,56.3,49.4,36.24,13.9,96.3,8.0,78,awake,light
2026-08-01T18:48:00Z,ELD_002,53.2,47.4,36.43,14.9,96.9,8.0,78,awake,light
2026-08-01T18:49:00Z,ELD_002,51.3,45.7,36.57,13.9,96.9,8.0,78,awake,light
2026-08-01T18:50:00Z,ELD_002,58.1,49.7,36.51,14.2,96.9,8.0,78,awake,light
2026-08-01T18:51:00Z,ELD_002,50.4,45.4,36.39,12.8,96.9,8.0,78,awake,light
2026-08-01T18:52:00Z,ELD_002,60.3,47.5,36.49,15.0,96.8,8.0,78,awake,light
2026-08-01T18:53:00Z,ELD_002,57.1,49.4,36.38,14.4,96.5,8.0,78,awake,light
2026-08-01T18:54:00Z,ELD_002,51.8,50.9,36.38,13.9,95.8,8.0,78,awake,light
2026-08-01T18:55:00Z,ELD_002,49.5,49.6,36.27,13.8,97.0,8.0,78,awake,light
2026-08-01T18:56:00Z,ELD_002,51.7,46.7,36.46,13.4,96.9,8.0,78,awake,light
2026-08-01T18:57:00Z,ELD_002,55.8,45.2,36.39,14.6,96.7,8.0,78,awake,light
2026-08-01T18:58:00Z,ELD_002,55.5,45.0,36.49,14.6,96.8,8.0,78,awake,light
2026-08-01T18:59:00Z,ELD_002,59.0,47.0,36.48,13.6,96.6,8.0,78,awake,light
2026-08-01T19:00:00Z,ELD_002,59.0,46.3,36.3,13.5,96.6,8.0,78,awake,light
2026-08-01T19:01:00Z,ELD_002,54.6,46.7,36.45,14.1,96.7,8.0,78,awake,light
2026-08-01T19:02:00Z,ELD_002,48.8,50.8,36.46,13.0,96.1,8.0,78,awake,light
2026-08-01T19:03:00Z,ELD_002,58.1,47.1,36.32,14.3,96.5,8.0,78,awake,light
2026-08-01T19:04:00Z,ELD_002,55.3,46.2,36.44,13.1,96.5,8.0,78,awake,light
2026-08-01T19:05:00Z,ELD_002,54.2,47.6,36.23,14.2,96.5,8.0,78,awake,light
2026-08-01T19:06:00Z,ELD_002,61.8,45.9,36.44,15.2,96.7,8.0,78,awake,light
2026-08-01T19:07:00Z,ELD_002,56.6,48.0,36.29,14.1,96.7,8.0,78,awake,light
2026-08-01T19:08:00Z,ELD_002,55.3,47.3,36.26,14.1,96.9,8.0,78,awake,light
2026-08-01T19:09:00Z,ELD_002,55.9,46.5,36.44,14.5,96.3,8.0,78,awake,light
2026-08-01T19:10:00Z,ELD_002,56.4,46.5,36.38,14.3,96.6,8.0,78,awake,light
2026-08-01T19:11:00Z,ELD_002,54.9,45.2,36.35,14.5,97.0,8.0,78,awake,light
2026-08-01T19:12:00Z,ELD_002,56.8,46.7,36.63,13.9,96.4,8.0,78,awake,light
2026-08-01T19:13:00Z,ELD_002,50.2,50.4,36.37,12.4,96.6,8.0,78,awake,light
2026-08-01T19:14:00Z,ELD_002,56.5,46.3,36.51,13.6,96.7,8.0,78,awake,light
2026-08-01T19:15:00Z,ELD_002,54.9,48.6,36.44,14.2,96.4,8.0,78,awake,light
2026-08-01T19:16:00Z,ELD_002,62.2,47.9,36.43,14.3,97.0,8.0,78,awake,light
2026-08-01T19:17:00Z,ELD_002,54.1,48.9,36.36,14.0,96.6,8.0,78,awake,light
2026-08-01T19:18:00Z,ELD_002,52.9,48.4,36.31,13.6,95.9,8.0,78,awake,light
2026-08-01T19:19:00Z,ELD_002,51.1,49.9,36.4,13.9,97.0,8.0,78,awake,light
2026-08-01T19:20:00Z,ELD_002,52.5,48.3,36.35,14.1,96.8,8.0,78,awake,light
2026-08-01T19:21:00Z,ELD_002,55.2,48.6,36.43,14.4,96.8,8.0,78,awake,light
2026-08-01T19:22:00Z,ELD_002,55.0,44.8,36.47,14.5,96.7,8.0,78,awake,light
2026-08-01T19:23:00Z,ELD_002,53.7,47.0,36.61,14.0,96.1,8.0,78,awake,light
2026-08-01T19:24:00Z,ELD_002,57.0,52.1,36.29,13.5,96.1,8.0,78,awake,light
2026-08-01T19:25:00Z,ELD_002,60.7,43.5,36.39,16.0,96.8,8.0,78,awake,light
2026-08-01T19:26:00Z,ELD_002,58.4,48.1,36.47,14.7,96.9,8.0,78,awake,light
2026-08-01T19:27:00Z,ELD_002,50.2,51.4,36.38,13.2,96.6,8.0,78,awake,light
2026-08-01T19:28:00Z,ELD_002,55.2,49.2,36.2,13.8,96.3,8.0,78,awake,light
2026-08-01T19:29:00Z,ELD_002,57.7,46.3,36.26,14.3,97.0,8.0,78,awake,light
2026-08-01T19:30:00Z,ELD_002,58.3,44.7,36.35,15.0,96.5,8.0,78,awake,light
2026-08-01T19:31:00Z,ELD_002,55.7,43.6,36.51,13.8,96.5,8.0,78,awake,light
2026-08-01T19:32:00Z,ELD_002,54.1,50.6,36.32,14.0,96.7,8.0,78,awake,light
2026-08-01T19:33:00Z,ELD_002,58.3,47.1,36.51,14.1,96.8,8.0,78,awake,light
2026-08-01T19:34:00Z,ELD_002,60.1,42.7,36.38,13.5,97.0,8.0,78,awake,light
2026-08-01T19:35:00Z,ELD_002,57.7,49.3,36.42,13.1,96.8,8.0,78,awake,light
2026-08-01T19:36:00Z,ELD_002,51.8,49.9,36.22,14.2,96.2,8.0,78,awake,light
2026-08-01T19:37:00Z,ELD_002,59.6,47.2,36.3,14.8,96.8,8.0,78,awake,light
2026-08-01T19:38:00Z,ELD_002,53.2,47.0,36.33,13.6,96.7,8.0,78,awake,light
2026-08-01T19:39:00Z,ELD_002,64.0,44.5,36.38,15.3,96.5,8.0,78,awake,light
2026-08-01T19:40:00Z,ELD_002,59.6,45.9,36.42,13.0,96.9,8.0,78,awake,light
2026-08-01T19:41:00Z,ELD_002,56.7,45.1,36.39,13.9,97.0,8.0,78,awake,light
2026-08-01T19:42:00Z,ELD_002,53.5,46.0,36.39,14.3,96.6,8.0,78,awake,light
2026-08-01T19:43:00Z,ELD_002,46.9,47.5,36.31,14.1,96.9,8.0,78,awake,light
2026-08-01T19:44:00Z,ELD_002,53.6,51.0,36.27,13.4,96.2,8.0,78,awake,light
2026-08-01T19:45:00Z,ELD_002,55.5,51.3,36.31,15.6,96.9,8.0,78,awake,light
2026-08-01T19:46:00Z,ELD_002,52.6,47.2,36.49,13.3,96.6,8.0,78,awake,light
2026-08-01T19:47:00Z,ELD_002,49.4,49.2,36.38,13.9,96.8,8.0,78,awake,light
2026-08-01T19:48:00Z,ELD_002,50.8,48.7,36.51,13.3,96.9,8.0,78,awake,light
2026-08-01T19:49:00Z,ELD_002,61.9,45.0,36.53,14.9,96.0,8.0,78,awake,light
2026-08-01T19:50:00Z,ELD_002,56.1,47.6,36.42,14.0,96.5,8.0,78,awake,light
2026-08-01T19:51:00Z,ELD_002,54.2,47.2,36.2,14.1,97.0,8.0,78,awake,light
2026-08-01T19:52:00Z,ELD_002,56.6,50.0,36.67,13.1,96.8,8.0,78,awake,light
2026-08-01T19:53:00Z,ELD_002,51.7,49.4,36.34,12.6,96.7,8.0,78,awake,light
2026-08-01T19:54:00Z,ELD_002,51.2,43.5,36.33,13.1,97.0,8.0,78,awake,light
2026-08-01T19:55:00Z,ELD_002,50.9,52.3,36.53,13.9,96.6,8.0,78,awake,light
2026-08-01T19:56:00Z,ELD_002,55.5,50.3,36.23,14.0,96.5,8.0,78,awake,light
2026-08-01T19:57:00Z,ELD_002,54.1,47.6,36.4,13.5,96.4,8.0,78,awake,light
2026-08-01T19:58:00Z,ELD_002,59.1,46.6,36.52,15.1,96.0,8.0,78,awake,light
2026-08-01T19:59:00Z,ELD_002,61.0,46.1,36.4,15.3,96.6,8.0,78,awake,light
2026-08-01T20:00:00Z,ELD_002,53.5,50.1,36.48,14.3,97.0,8.0,78,awake,light
2026-08-01T20:01:00Z,ELD_002,52.8,49.1,36.54,14.4,96.4,8.0,78,awake,light
2026-08-01T20:02:00Z,ELD_002,53.9,50.6,36.47,13.6,96.2,8.0,78,awake,light
2026-08-01T20:03:00Z,ELD_002,55.8,49.1,36.54,13.4,97.0,8.0,78,awake,light
2026-08-01T20:04:00Z,ELD_002,55.9,45.1,36.68,14.1,95.8,8.0,78,awake,light
2026-08-01T20:05:00Z,ELD_002,58.0,48.6,36.39,13.7,96.7,8.0,78,awake,light
2026-08-01T20:06:00Z,ELD_002,59.5,48.1,36.43,14.4,96.5,8.0,78,awake,light
2026-08-01T20:07:00Z,ELD_002,61.6,50.2,36.3,14.8,96.9,8.0,78,awake,light
2026-08-01T20:08:00Z,ELD_002,58.4,50.0,36.46,14.5,95.7,8.0,78,awake,light
2026-08-01T20:09:00Z,ELD_002,62.2,45.7,36.48,14.6,96.8,8.0,78,awake,light
2026-08-01T20:10:00Z,ELD_002,51.2,49.9,36.33,13.3,96.9,8.0,78,awake,light
2026-08-01T20:11:00Z,ELD_002,48.1,50.2,36.42,12.8,96.0,8.0,78,awake,light
2026-08-01T20:12:00Z,ELD_002,59.0,48.4,36.47,14.9,96.8,8.0,78,awake,light
2026-08-01T20:13:00Z,ELD_002,62.0,46.6,36.65,15.3,96.9,8.0,78,awake,light
2026-08-01T20:14:00Z,ELD_002,55.7,53.5,36.45,14.3,96.7,8.0,78,awake,light
2026-08-01T20:15:00Z,ELD_002,55.5,50.8,36.33,13.9,96.9,8.0,78,awake,light
2026-08-01T20:16:00Z,ELD_002,58.7,51.0,36.28,15.4,96.5,8.0,78,awake,light
2026-08-01T20:17:00Z,ELD_002,58.6,48.1,36.47,13.6,96.5,8.0,78,awake,light
2026-08-01T20:18:00Z,ELD_002,56.8,46.0,36.35,14.5,96.4,8.0,78,awake,light
2026-08-01T20:19:00Z,ELD_002,59.2,47.9,36.4,14.1,96.7,8.0,78,awake,light
2026-08-01T20:20:00Z,ELD_002,62.5,44.3,36.5,14.8,96.8,8.0,78,awake,light
2026-08-01T20:21:00Z,ELD_002,60.0,44.8,36.47,14.6,96.8,8.0,78,awake,light
2026-08-01T20:22:00Z,ELD_002,58.1,46.9,36.23,13.2,96.6,8.0,78,awake,light
2026-08-01T20:23:00Z,ELD_002,57.1,43.6,36.4,14.0,96.6,8.0,78,awake,light
2026-08-01T20:24:00Z,ELD_002,54.1,52.0,36.16,13.9,96.8,8.0,78,awake,light
2026-08-01T20:25:00Z,ELD_002,60.5,49.3,36.34,14.1,97.0,8.0,78,awake,light
2026-08-01T20:26:00Z,ELD_002,61.4,48.6,36.25,14.3,96.4,8.0,78,awake,light
2026-08-01T20:27:00Z,ELD_002,58.4,45.3,36.38,13.9,97.0,8.0,78,awake,light
2026-08-01T20:28:00Z,ELD_002,58.6,46.4,36.39,14.1,96.5,8.0,78,awake,light
2026-08-01T20:29:00Z,ELD_002,57.5,50.1,36.44,15.5,96.8,8.0,78,awake,light
2026-08-01T20:30:00Z,ELD_002,54.4,47.6,36.29,14.0,96.2,8.0,78,awake,light
2026-08-01T20:31:00Z,ELD_002,63.5,48.8,36.45,14.7,96.6,8.0,78,awake,light
2026-08-01T20:32:00Z,ELD_002,54.9,49.6,36.39,13.8,96.8,8.0,78,awake,light
2026-08-01T20:33:00Z,ELD_002,60.6,47.3,36.34,14.8,96.7,8.0,78,awake,light
2026-08-01T20:34:00Z,ELD_002,55.0,49.1,36.47,14.6,96.9,8.0,78,awake,light
2026-08-01T20:35:00Z,ELD_002,58.5,48.2,36.63,14.5,96.8,8.0,78,awake,light
2026-08-01T20:36:00Z,ELD_002,59.1,45.3,36.27,14.1,96.7,8.0,78,awake,light
2026-08-01T20:37:00Z,ELD_002,53.5,51.3,36.36,13.4,96.9,8.0,78,awake,light
2026-08-01T20:38:00Z,ELD_002,61.2,51.7,36.35,14.3,96.9,8.0,78,awake,light
2026-08-01T20:39:00Z,ELD_002,59.9,46.8,36.3,14.4,97.0,8.0,78,awake,light
2026-08-01T20:40:00Z,ELD_002,54.8,49.2,36.58,14.2,96.5,8.0,78,awake,light
2026-08-01T20:41:00Z,ELD_002,55.3,49.0,36.58,13.2,96.8,8.0,78,awake,light
2026-08-01T20:42:00Z,ELD_002,55.8,45.0,36.19,13.5,96.8,8.0,78,awake,light
2026-08-01T20:43:00Z,ELD_002,62.5,45.2,36.43,14.5,96.2,8.0,78,awake,light
2026-08-01T20:44:00Z,ELD_002,54.2,50.9,36.41,13.9,96.4,8.0,78,awake,light
2026-08-01T20:45:00Z,ELD_002,59.3,46.6,36.45,14.3,96.5,8.0,78,awake,light
2026-08-01T20:46:00Z,ELD_002,56.0,49.3,36.19,13.7,96.8,8.0,78,awake,light
2026-08-01T20:47:00Z,ELD_002,52.7,51.1,36.22,13.7,96.9,8.0,78,awake,light
2026-08-01T20:48:00Z,ELD_002,57.3,47.8,36.27,14.2,95.9,8.0,78,awake,light
2026-08-01T20:49:00Z,ELD_002,54.1,49.0,36.43,13.5,96.7,8.0,78,awake,light
2026-08-01T20:50:00Z,ELD_002,52.5,51.0,36.39,13.9,96.7,8.0,78,awake,light
2026-08-01T20:51:00Z,ELD_002,60.3,51.0,36.2,14.7,96.6,8.0,78,awake,light
2026-08-01T20:52:00Z,ELD_002,55.9,48.1,36.37,13.6,96.6,8.0,78,awake,light
2026-08-01T20:53:00Z,ELD_002,59.4,50.6,36.38,15.2,96.1,8.0,78,awake,light
2026-08-01T20:54:00Z,ELD_002,54.6,45.9,36.52,14.3,96.6,8.0,78,awake,light
2026-08-01T20:55:00Z,ELD_002,57.4,45.4,36.57,13.9,96.7,8.0,78,awake,light
2026-08-01T20:56:00Z,ELD_002,58.3,47.5,36.43,14.6,96.2,8.0,78,awake,light
2026-08-01T20:57:00Z,ELD_002,54.6,48.3,36.29,13.4,97.0,8.0,78,awake,light
2026-08-01T20:58:00Z,ELD_002,64.4,45.3,36.39,13.9,96.6,8.0,78,awake,light
2026-08-01T20:59:00Z,ELD_002,55.6,45.8,36.52,15.5,96.9,8.0,78,awake,light
2026-08-01T21:00:00Z,ELD_002,57.3,46.2,36.31,13.8,96.9,8.0,78,awake,light
2026-08-01T21:01:00Z,ELD_002,60.2,50.6,36.36,14.4,96.8,8.0,78,awake,light
2026-08-01T21:02:00Z,ELD_002,54.9,47.4,36.28,13.6,96.7,8.0,78,awake,light
2026-08-01T21:03:00Z,ELD_002,59.1,51.3,36.44,14.8,96.8,8.0,78,awake,light
2026-08-01T21:04:00Z,ELD_002,59.7,48.7,36.35,14.1,96.9,8.0,78,awake,light
2026-08-01T21:05:00Z,ELD_002,58.8,46.3,36.23,14.0,96.4,8.0,78,awake,light
2026-08-01T21:06:00Z,ELD_002,59.6,42.3,36.51,15.7,96.4,8.0,78,awake,light
2026-08-01T21:07:00Z,ELD_002,61.6,44.3,36.46,15.0,96.3,8.0,78,awake,light
2026-08-01T21:08:00Z,ELD_002,61.5,45.8,36.43,13.7,96.9,8.0,78,awake,light
2026-08-01T21:09:00Z,ELD_002,55.1,48.8,36.44,14.2,96.6,8.0,78,awake,light
2026-08-01T21:10:00Z,ELD_002,58.6,48.8,36.33,14.1,96.9,8.0,78,awake,light
2026-08-01T21:11:00Z,ELD_002,58.0,46.5,36.58,14.1,96.2,8.0,78,awake,light
2026-08-01T21:12:00Z,ELD_002,52.8,50.2,36.33,14.5,96.6,8.0,78,awake,light
2026-08-01T21:13:00Z,ELD_002,58.5,46.9,36.32,14.4,96.1,8.0,78,awake,light
2026-08-01T21:14:00Z,ELD_002,60.2,49.4,36.62,15.3,96.5,8.0,78,awake,light
2026-08-01T21:15:00Z,ELD_002,59.2,49.7,36.4,13.7,96.9,8.0,78,awake,light
2026-08-01T21:16:00Z,ELD_002,57.8,47.2,36.39,14.2,96.9,8.0,78,awake,light
2026-08-01T21:17:00Z,ELD_002,59.5,44.5,36.64,14.7,96.7,8.0,78,awake,light
2026-08-01T21:18:00Z,ELD_002,59.6,46.1,36.49,14.3,96.6,8.0,78,awake,light
2026-08-01T21:19:00Z,ELD_002,58.5,47.9,36.37,14.2,96.7,8.0,78,awake,light
2026-08-01T21:20:00Z,ELD_002,58.9,43.2,36.25,14.6,96.9,8.0,78,awake,light
2026-08-01T21:21:00Z,ELD_002,59.1,48.2,36.43,15.5,96.0,8.0,78,awake,light
2026-08-01T21:22:00Z,ELD_002,58.4,45.5,36.47,14.1,96.9,8.0,78,awake,light
2026-08-01T21:23:00Z,ELD_002,60.2,42.7,36.48,14.8,96.8,8.0,78,awake,light
2026-08-01T21:24:00Z,ELD_002,60.1,46.3,36.21,14.7,96.5,8.0,78,awake,light
2026-08-01T21:25:00Z,ELD_002,56.8,49.4,36.41,14.7,96.8,8.0,78,awake,light
2026-08-01T21:26:00Z,ELD_002,55.4,50.6,36.37,14.3,96.3,8.0,78,awake,light
2026-08-01T21:27:00Z,ELD_002,54.9,45.7,36.34,13.9,96.8,8.0,78,awake,light
2026-08-01T21:28:00Z,ELD_002,57.5,50.9,36.51,14.6,97.0,8.0,78,awake,light
2026-08-01T21:29:00Z,ELD_002,61.6,42.9,36.35,14.9,97.0,8.0,78,awake,light
2026-08-01T21:30:00Z,ELD_002,57.4,45.3,36.42,15.3,96.8,8.0,78,awake,light
2026-08-01T21:31:00Z,ELD_002,57.5,49.6,36.45,13.8,96.9,8.0,78,awake,light
2026-08-01T21:32:00Z,ELD_002,58.8,47.8,36.37,14.3,96.3,8.0,78,awake,light
2026-08-01T21:33:00Z,ELD_002,63.0,46.0,36.22,14.5,97.0,8.0,78,awake,light
2026-08-01T21:34:00Z,ELD_002,59.8,44.0,36.28,14.3,96.8,8.0,78,awake,light
2026-08-01T21:35:00Z,ELD_002,56.6,47.0,36.3,13.5,95.8,8.0,78,awake,light
2026-08-01T21:36:00Z,ELD_002,55.5,45.4,36.38,13.6,96.8,8.0,78,awake,light
2026-08-01T21:37:00Z,ELD_002,58.0,44.5,36.57,14.1,96.8,8.0,78,awake,light
2026-08-01T21:38:00Z,ELD_002,56.7,49.1,36.49,14.0,96.3,8.0,78,awake,light
2026-08-01T21:39:00Z,ELD_002,56.8,44.1,36.44,13.4,96.6,8.0,78,awake,light
2026-08-01T21:40:00Z,ELD_002,60.5,49.0,36.23,14.6,97.0,8.0,78,awake,light
2026-08-01T21:41:00Z,ELD_002,60.1,49.5,36.38,14.5,97.0,8.0,78,awake,light
2026-08-01T21:42:00Z,ELD_002,58.3,44.9,36.37,14.2,96.8,8.0,78,awake,light
2026-08-01T21:43:00Z,ELD_002,63.3,43.4,36.56,14.8,96.3,8.0,78,awake,light
2026-08-01T21:44:00Z,ELD_002,58.1,46.6,36.56,14.0,97.0,8.0,78,awake,light
2026-08-01T21:45:00Z,ELD_002,59.0,48.5,36.52,14.9,96.4,8.0,78,awake,light
2026-08-01T21:46:00Z,ELD_002,62.3,46.4,36.52,14.5,96.6,8.0,78,awake,light
2026-08-01T21:47:00Z,ELD_002,57.7,47.4,36.45,14.6,96.7,8.0,78,awake,light
2026-08-01T21:48:00Z,ELD_002,62.3,44.7,36.38,15.3,96.7,8.0,78,awake,light
2026-08-01T21:49:00Z,ELD_002,58.7,50.4,36.32,14.2,96.6,8.0,78,awake,light
2026-08-01T21:50:00Z,ELD_002,57.8,46.8,36.1,14.8,96.0,8.0,78,awake,light
2026-08-01T21:51:00Z,ELD_002,62.7,47.0,36.51,14.7,96.6,8.0,78,awake,light
2026-08-01T21:52:00Z,ELD_002,57.4,46.0,36.44,14.6,96.5,8.0,78,awake,light
2026-08-01T21:53:00Z,ELD_002,61.0,44.6,36.56,14.5,95.6,8.0,78,awake,light
2026-08-01T21:54:00Z,ELD_002,58.5,46.3,36.56,15.2,97.0,8.0,78,awake,light
2026-08-01T21:55:00Z,ELD_002,61.7,44.3,36.44,14.5,96.7,8.0,78,awake,light
2026-08-01T21:56:00Z,ELD_002,54.9,50.9,36.26,13.7,96.6,8.0,78,awake,light
2026-08-01T21:57:00Z,ELD_002,61.0,46.1,36.42,14.7,96.4,8.0,78,awake,light
2026-08-01T21:58:00Z,ELD_002,63.7,43.7,36.29,15.2,96.6,8.0,78,awake,light
2026-08-01T21:59:00Z,ELD_002,61.3,45.7,36.4,14.0,96.9,8.0,78,awake,light
2026-08-01T22:00:00Z,ELD_002,58.6,47.0,36.54,13.4,96.7,8.0,78,awake,light
2026-08-01T22:01:00Z,ELD_002,59.5,48.3,36.34,14.7,96.8,8.0,78,awake,light
2026-08-01T22:02:00Z,ELD_002,60.9,45.4,36.41,15.1,96.5,8.0,78,awake,light
2026-08-01T22:03:00Z,ELD_002,58.4,45.3,36.42,13.5,96.2,8.0,78,awake,light
2026-08-01T22:04:00Z,ELD_002,65.4,45.4,36.46,16.1,96.6,8.0,78,awake,light
2026-08-01T22:05:00Z,ELD_002,60.7,46.4,36.4,13.6,96.8,8.0,78,awake,light
2026-08-01T22:06:00Z,ELD_002,64.1,47.4,36.33,14.8,96.4,8.0,78,awake,light
2026-08-01T22:07:00Z,ELD_002,61.1,45.8,36.21,14.7,96.7,8.0,78,awake,light
2026-08-01T22:08:00Z,ELD_002,60.2,46.0,36.28,13.3,96.6,8.0,78,awake,light
2026-08-01T22:09:00Z,ELD_002,55.9,49.8,36.41,15.0,96.9,8.0,78,awake,light
2026-08-01T22:10:00Z,ELD_002,61.0,48.6,36.4,14.1,96.5,8.0,78,awake,light
2026-08-01T22:11:00Z,ELD_002,54.9,50.3,36.44,13.6,96.8,8.0,78,awake,light
2026-08-01T22:12:00Z,ELD_002,60.0,44.6,36.66,14.9,96.7,8.0,78,awake,light
2026-08-01T22:13:00Z,ELD_002,57.3,45.4,36.44,14.1,96.8,8.0,78,awake,light
2026-08-01T22:14:00Z,ELD_002,58.7,46.3,36.53,14.9,96.9,8.0,78,awake,light
2026-08-01T22:15:00Z,ELD_002,58.7,46.2,36.39,14.6,96.7,8.0,78,awake,light
2026-08-01T22:16:00Z,ELD_002,59.4,46.1,36.43,14.1,96.7,8.0,78,awake,light
2026-08-01T22:17:00Z,ELD_002,59.2,43.7,36.29,13.7,96.2,8.0,78,awake,light
2026-08-01T22:18:00Z,ELD_002,62.9,40.4,36.41,15.2,95.9,8.0,78,awake,light
2026-08-01T22:19:00Z,ELD_002,60.2,45.2,36.42,14.9,96.9,8.0,78,awake,light
2026-08-01T22:20:00Z,ELD_002,59.6,48.5,36.29,13.7,96.5,8.0,78,awake,light
2026-08-01T22:21:00Z,ELD_002,56.8,49.6,36.51,14.0,96.9,8.0,78,awake,light
2026-08-01T22:22:00Z,ELD_002,62.8,48.0,36.43,14.6,96.6,8.0,78,awake,light
2026-08-01T22:23:00Z,ELD_002,59.6,45.8,36.47,15.0,96.9,8.0,78,awake,light
2026-08-01T22:24:00Z,ELD_002,63.1,44.4,36.37,15.0,96.9,8.0,78,awake,light
2026-08-01T22:25:00Z,ELD_002,53.4,43.9,36.41,14.0,96.9,8.0,78,awake,light
2026-08-01T22:26:00Z,ELD_002,66.0,42.1,36.38,16.5,96.6,8.0,78,awake,light
2026-08-01T22:27:00Z,ELD_002,62.4,47.1,36.41,14.7,96.8,8.0,78,awake,light
2026-08-01T22:28:00Z,ELD_002,57.6,48.3,36.31,14.8,96.6,8.0,78,awake,light
2026-08-01T22:29:00Z,ELD_002,59.3,44.3,36.22,15.8,96.6,8.0,78,awake,light
2026-08-01T22:30:00Z,ELD_002,58.7,48.1,36.43,13.1,96.8,8.0,78,awake,light
2026-08-01T22:31:00Z,ELD_002,59.2,49.6,36.53,13.8,97.0,8.0,78,awake,light
2026-08-01T22:32:00Z,ELD_002,63.7,45.5,36.38,14.6,96.9,8.0,78,awake,light
2026-08-01T22:33:00Z,ELD_002,61.0,43.4,36.47,14.7,96.7,8.0,78,awake,light
2026-08-01T22:34:00Z,ELD_002,65.2,44.6,36.37,15.3,96.9,8.0,78,awake,light
2026-08-01T22:35:00Z,ELD_002,59.7,49.3,36.52,14.4,96.4,8.0,78,awake,light
2026-08-01T22:36:00Z,ELD_002,56.8,46.6,36.55,14.9,96.9,8.0,78,awake,light
2026-08-01T22:37:00Z,ELD_002,56.1,45.6,36.44,14.0,96.9,8.0,78,awake,light
2026-08-01T22:38:00Z,ELD_002,60.0,46.5,36.41,13.8,96.6,8.0,78,awake,light
2026-08-01T22:39:00Z,ELD_002,58.9,47.3,36.3,14.5,96.2,8.0,78,awake,light
2026-08-01T22:40:00Z,ELD_002,61.7,46.4,36.2,14.9,96.7,8.0,78,awake,light
2026-08-01T22:41:00Z,ELD_002,58.8,46.1,36.23,14.9,96.6,8.0,78,awake,light
2026-08-01T22:42:00Z,ELD_002,65.1,44.7,36.5,15.0,96.5,8.0,78,awake,light
2026-08-01T22:43:00Z,ELD_002,61.1,48.8,36.5,14.6,96.8,8.0,78,awake,light
2026-08-01T22:44:00Z,ELD_002,61.4,48.0,36.34,14.4,96.6,8.0,78,awake,light
2026-08-01T22:45:00Z,ELD_002,63.1,43.1,36.42,14.2,96.7,8.0,78,awake,light
2026-08-01T22:46:00Z,ELD_002,60.3,44.3,36.38,13.5,96.7,8.0,78,awake,light
2026-08-01T22:47:00Z,ELD_002,56.9,47.8,36.44,14.2,95.9,8.0,78,awake,light
2026-08-01T22:48:00Z,ELD_002,65.1,47.2,36.43,15.7,97.0,8.0,78,awake,light
2026-08-01T22:49:00Z,ELD_002,57.3,46.1,36.27,14.4,97.0,8.0,78,awake,light
2026-08-01T22:50:00Z,ELD_002,65.2,44.7,36.36,14.8,96.7,8.0,78,awake,light
2026-08-01T22:51:00Z,ELD_002,65.8,44.8,36.48,14.4,96.1,8.0,78,awake,light
2026-08-01T22:52:00Z,ELD_002,65.5,44.5,36.22,15.0,96.6,8.0,78,awake,light
2026-08-01T22:53:00Z,ELD_002,63.3,45.9,36.47,13.2,96.5,8.0,78,awake,light
2026-08-01T22:54:00Z,ELD_002,66.5,44.4,36.32,15.0,96.9,8.0,78,awake,light
2026-08-01T22:55:00Z,ELD_002,63.7,48.2,36.23,14.7,96.2,8.0,78,awake,light
2026-08-01T22:56:00Z,ELD_002,56.8,46.8,36.45,13.2,96.9,8.0,78,awake,light
2026-08-01T22:57:00Z,ELD_002,62.3,47.1,36.3,15.0,96.8,8.0,78,awake,light
2026-08-01T22:58:00Z,ELD_002,58.9,47.4,36.41,14.3,96.7,8.0,78,awake,light
2026-08-01T22:59:00Z,ELD_002,66.0,48.3,36.3,14.5,96.5,8.0,78,awake,light
2026-08-01T23:00:00Z,ELD_002,61.7,47.9,36.39,14.5,96.8,8.0,78,light_sleep,resting
2026-08-01T23:01:00Z,ELD_002,62.5,47.1,36.39,15.9,96.7,8.0,78,light_sleep,resting
2026-08-01T23:02:00Z,ELD_002,65.4,47.0,36.49,15.0,96.2,8.0,78,light_sleep,resting
2026-08-01T23:03:00Z,ELD_002,62.7,47.1,36.51,14.2,96.5,8.0,78,light_sleep,resting
2026-08-01T23:04:00Z,ELD_002,65.4,44.7,36.49,15.0,96.9,8.0,78,light_sleep,resting
2026-08-01T23:05:00Z,ELD_002,63.7,44.2,36.3,15.0,96.7,8.0,78,light_sleep,resting
2026-08-01T23:06:00Z,ELD_002,63.1,45.3,36.47,14.4,96.7,8.0,78,light_sleep,resting
2026-08-01T23:07:00Z,ELD_002,62.6,45.6,36.38,14.3,96.6,8.0,78,light_sleep,resting
2026-08-01T23:08:00Z,ELD_002,59.1,45.7,36.33,14.7,96.5,8.0,78,light_sleep,resting
2026-08-01T23:09:00Z,ELD_002,63.3,45.0,36.28,15.3,96.7,8.0,78,light_sleep,resting
2026-08-01T23:10:00Z,ELD_002,64.3,44.3,36.32,14.6,96.9,8.0,78,light_sleep,resting
2026-08-01T23:11:00Z,ELD_002,62.8,50.3,36.27,14.9,96.3,8.0,78,light_sleep,resting
2026-08-01T23:12:00Z,ELD_002,63.7,48.9,36.48,14.6,96.7,8.0,78,light_sleep,resting
2026-08-01T23:13:00Z,ELD_002,61.2,47.4,36.46,13.9,96.4,8.0,78,light_sleep,resting
2026-08-01T23:14:00Z,ELD_002,60.5,48.0,36.43,14.3,96.3,8.0,78,light_sleep,resting
2026-08-01T23:15:00Z,ELD_002,60.3,45.7,36.32,14.8,97.0,8.0,78,light_sleep,resting
2026-08-01T23:16:00Z,ELD_002,65.0,47.1,36.4,15.1,96.4,8.0,78,light_sleep,resting
2026-08-01T23:17:00Z,ELD_002,58.1,47.1,36.27,14.7,97.0,8.0,78,light_sleep,resting
2026-08-01T23:18:00Z,ELD_002,69.2,42.2,36.55,15.3,96.5,8.0,78,light_sleep,resting
2026-08-01T23:19:00Z,ELD_002,60.4,47.8,36.39,14.9,97.0,8.0,78,light_sleep,resting
2026-08-01T23:20:00Z,ELD_002,63.6,44.9,36.64,14.5,96.8,8.0,78,light_sleep,resting
2026-08-01T23:21:00Z,ELD_002,59.5,46.3,36.36,14.6,96.5,8.0,78,light_sleep,resting
2026-08-01T23:22:00Z,ELD_002,63.5,44.5,36.44,14.7,96.1,8.0,78,light_sleep,resting
2026-08-01T23:23:00Z,ELD_002,64.4,45.5,36.39,15.2,96.1,8.0,78,light_sleep,resting
2026-08-01T23:24:00Z,ELD_002,62.9,47.4,36.34,15.2,96.9,8.0,78,light_sleep,resting
2026-08-01T23:25:00Z,ELD_002,71.5,40.2,36.16,15.4,97.0,8.0,78,light_sleep,resting
2026-08-01T23:26:00Z,ELD_002,62.2,45.3,36.29,14.0,96.9,8.0,78,light_sleep,resting
2026-08-01T23:27:00Z,ELD_002,62.0,43.3,36.4,14.2,96.6,8.0,78,light_sleep,resting
2026-08-01T23:28:00Z,ELD_002,62.3,46.5,36.49,14.5,97.0,8.0,78,light_sleep,resting
2026-08-01T23:29:00Z,ELD_002,59.1,43.9,36.33,13.9,96.2,8.0,78,light_sleep,resting
2026-08-01T23:30:00Z,ELD_002,66.1,46.6,36.4,14.2,96.5,8.0,78,light_sleep,resting
2026-08-01T23:31:00Z,ELD_002,62.2,40.9,36.39,14.7,96.9,8.0,78,light_sleep,resting
2026-08-01T23:32:00Z,ELD_002,62.7,45.9,36.43,14.4,96.6,8.0,78,light_sleep,resting
2026-08-01T23:33:00Z,ELD_002,65.3,42.8,36.39,15.1,96.1,8.0,78,light_sleep,resting
2026-08-01T23:34:00Z,ELD_002,61.5,45.3,36.47,13.6,96.7,8.0,78,light_sleep,resting
2026-08-01T23:35:00Z,ELD_002,61.0,46.2,36.44,15.2,96.7,8.0,78,light_sleep,resting
2026-08-01T23:36:00Z,ELD_002,65.4,42.8,36.47,14.5,96.9,8.0,78,light_sleep,resting
2026-08-01T23:37:00Z,ELD_002,67.0,44.6,36.57,14.3,96.6,8.0,78,light_sleep,resting
2026-08-01T23:38:00Z,ELD_002,62.4,42.3,36.24,14.2,96.4,8.0,78,light_sleep,resting
2026-08-01T23:39:00Z,ELD_002,61.5,46.1,36.25,15.5,96.9,8.0,78,light_sleep,resting
2026-08-01T23:40:00Z,ELD_002,63.1,44.8,36.6,15.1,96.1,8.0,78,light_sleep,resting
2026-08-01T23:41:00Z,ELD_002,60.7,46.3,36.39,14.5,96.8,8.0,78,light_sleep,resting
2026-08-01T23:42:00Z,ELD_002,59.9,50.7,36.25,13.6,96.5,8.0,78,light_sleep,resting
2026-08-01T23:43:00Z,ELD_002,63.0,44.5,36.25,15.9,96.3,8.0,78,light_sleep,resting
2026-08-01T23:44:00Z,ELD_002,66.7,44.2,36.33,15.7,96.0,8.0,78,light_sleep,resting
2026-08-01T23:45:00Z,ELD_002,68.6,44.4,36.47,15.8,95.9,8.0,78,light_sleep,resting
2026-08-01T23:46:00Z,ELD_002,66.8,45.9,36.43,15.5,96.1,8.0,78,light_sleep,resting
2026-08-01T23:47:00Z,ELD_002,63.5,48.2,36.4,14.7,96.9,8.0,78,light_sleep,resting
2026-08-01T23:48:00Z,ELD_002,69.0,38.8,36.48,14.8,96.8,8.0,78,light_sleep,resting
2026-08-01T23:49:00Z,ELD_002,64.6,48.4,36.36,14.9,96.2,8.0,78,light_sleep,resting
2026-08-01T23:50:00Z,ELD_002,66.0,46.2,36.26,16.0,96.3,8.0,78,light_sleep,resting
2026-08-01T23:51:00Z,ELD_002,64.5,43.2,36.19,14.4,96.5,8.0,78,light_sleep,resting
2026-08-01T23:52:00Z,ELD_002,62.9,46.7,36.45,14.5,97.0,8.0,78,light_sleep,resting
2026-08-01T23:53:00Z,ELD_002,62.6,44.9,36.36,14.4,96.0,8.0,78,light_sleep,resting
2026-08-01T23:54:00Z,ELD_002,67.8,45.8,36.35,14.5,96.1,8.0,78,light_sleep,resting
2026-08-01T23:55:00Z,ELD_002,61.0,42.4,36.36,14.7,96.7,8.0,78,light_sleep,resting
2026-08-01T23:56:00Z,ELD_002,63.4,46.3,36.49,15.3,96.7,8.0,78,light_sleep,resting
2026-08-01T23:57:00Z,ELD_002,66.3,42.8,36.38,16.1,96.8,8.0,78,light_sleep,resting
2026-08-01T23:58:00Z,ELD_002,64.6,45.9,36.49,14.9,96.4,8.0,78,light_sleep,resting
2026-08-01T23:59:00Z,ELD_002,67.4,42.4,36.49,15.6,96.8,8.0,78,light_sleep,resting
2026-08-02T00:00:00Z,ELD_002,59.8,44.7,36.51,14.9,96.3,8.0,78,light_sleep,resting
2026-08-02T00:01:00Z,ELD_002,62.7,44.5,36.43,14.8,96.8,8.0,78,light_sleep,resting
2026-08-02T00:02:00Z,ELD_002,61.6,45.8,36.43,15.2,96.3,8.0,78,light_sleep,resting
2026-08-02T00:03:00Z,ELD_002,56.9,46.7,36.52,15.1,96.7,8.0,78,light_sleep,resting
2026-08-02T00:04:00Z,ELD_002,65.0,49.7,36.47,15.1,96.7,8.0,78,light_sleep,resting
2026-08-02T00:05:00Z,ELD_002,67.4,45.6,36.46,15.2,96.8,8.0,78,light_sleep,resting
2026-08-02T00:06:00Z,ELD_002,66.7,41.9,36.27,14.3,96.9,8.0,78,light_sleep,resting
2026-08-02T00:07:00Z,ELD_002,65.5,42.3,36.26,15.6,96.4,8.0,78,light_sleep,resting
2026-08-02T00:08:00Z,ELD_002,64.9,48.3,36.46,15.5,96.3,8.0,78,light_sleep,resting
2026-08-02T00:09:00Z,ELD_002,61.6,47.7,36.5,15.4,96.8,8.0,78,light_sleep,resting
2026-08-02T00:10:00Z,ELD_002,63.5,49.0,36.52,14.9,96.5,8.0,78,light_sleep,resting
2026-08-02T00:11:00Z,ELD_002,62.0,45.5,36.5,15.0,96.5,8.0,78,light_sleep,resting
2026-08-02T00:12:00Z,ELD_002,62.5,45.7,36.65,14.8,96.9,8.0,78,light_sleep,resting
2026-08-02T00:13:00Z,ELD_002,63.4,43.9,36.65,15.2,96.4,8.0,78,light_sleep,resting
2026-08-02T00:14:00Z,ELD_002,66.5,43.7,36.54,15.8,96.5,8.0,78,light_sleep,resting
2026-08-02T00:15:00Z,ELD_002,62.8,42.4,36.33,14.9,96.5,8.0,78,light_sleep,resting
2026-08-02T00:16:00Z,ELD_002,66.4,45.1,36.5,14.9,96.2,8.0,78,light_sleep,resting
2026-08-02T00:17:00Z,ELD_002,62.4,46.4,36.27,15.2,96.7,8.0,78,light_sleep,resting
2026-08-02T00:18:00Z,ELD_002,70.4,43.8,36.3,16.0,95.8,8.0,78,light_sleep,resting
2026-08-02T00:19:00Z,ELD_002,69.0,48.8,36.56,15.1,96.5,8.0,78,light_sleep,resting
2026-08-02T00:20:00Z,ELD_002,62.9,50.3,36.32,14.9,96.6,8.0,78,light_sleep,resting
2026-08-02T00:21:00Z,ELD_002,68.6,43.2,36.39,15.4,96.7,8.0,78,light_sleep,resting
2026-08-02T00:22:00Z,ELD_002,68.3,42.0,36.35,14.4,96.8,8.0,78,light_sleep,resting
2026-08-02T00:23:00Z,ELD_002,69.5,46.5,36.62,14.9,96.1,8.0,78,light_sleep,resting
2026-08-02T00:24:00Z,ELD_002,62.2,46.6,36.65,15.4,96.3,8.0,78,light_sleep,resting
2026-08-02T00:25:00Z,ELD_002,71.0,44.9,36.43,14.9,96.8,8.0,78,light_sleep,resting
2026-08-02T00:26:00Z,ELD_002,65.7,44.8,36.51,14.8,97.0,8.0,78,light_sleep,resting
2026-08-02T00:27:00Z,ELD_002,66.8,47.1,36.51,16.2,96.8,8.0,78,light_sleep,resting
2026-08-02T00:28:00Z,ELD_002,64.4,44.6,36.46,14.5,96.4,8.0,78,light_sleep,resting
2026-08-02T00:29:00Z,ELD_002,65.8,45.9,36.64,15.3,96.8,8.0,78,light_sleep,resting
2026-08-02T00:30:00Z,ELD_002,65.1,44.0,36.32,14.6,96.9,8.0,78,light_sleep,resting
2026-08-02T00:31:00Z,ELD_002,64.3,45.0,36.38,15.0,96.8,8.0,78,light_sleep,resting
2026-08-02T00:32:00Z,ELD_002,68.3,43.7,36.68,14.9,97.0,8.0,78,light_sleep,resting
2026-08-02T00:33:00Z,ELD_002,64.2,46.0,36.3,15.5,96.4,8.0,78,light_sleep,resting
2026-08-02T00:34:00Z,ELD_002,68.4,43.9,36.49,15.1,96.4,8.0,78,light_sleep,resting
2026-08-02T00:35:00Z,ELD_002,62.4,45.2,36.49,14.9,96.8,8.0,78,light_sleep,resting
2026-08-02T00:36:00Z,ELD_002,62.5,45.3,36.16,14.3,96.9,8.0,78,light_sleep,resting
2026-08-02T00:37:00Z,ELD_002,71.3,42.0,36.59,15.9,96.9,8.0,78,light_sleep,resting
2026-08-02T00:38:00Z,ELD_002,67.3,48.3,36.53,15.5,96.8,8.0,78,light_sleep,resting
2026-08-02T00:39:00Z,ELD_002,64.7,43.6,36.55,14.1,96.2,8.0,78,light_sleep,resting
2026-08-02T00:40:00Z,ELD_002,62.6,45.8,36.42,14.5,96.6,8.0,78,light_sleep,resting
2026-08-02T00:41:00Z,ELD_002,69.9,42.3,36.34,15.3,96.8,8.0,78,light_sleep,resting
2026-08-02T00:42:00Z,ELD_002,68.2,45.4,36.31,15.6,96.8,8.0,78,light_sleep,resting
2026-08-02T00:43:00Z,ELD_002,66.3,46.1,36.3,14.7,97.0,8.0,78,light_sleep,resting
2026-08-02T00:44:00Z,ELD_002,61.2,47.1,36.41,13.9,96.9,8.0,78,light_sleep,resting
2026-08-02T00:45:00Z,ELD_002,66.7,46.2,36.5,15.6,96.3,8.0,78,light_sleep,resting
2026-08-02T00:46:00Z,ELD_002,61.9,41.8,36.4,14.6,96.9,8.0,78,light_sleep,resting
2026-08-02T00:47:00Z,ELD_002,74.3,45.3,36.4,14.8,96.6,8.0,78,light_sleep,resting
2026-08-02T00:48:00Z,ELD_002,70.7,43.4,36.41,15.4,96.4,8.0,78,light_sleep,resting
2026-08-02T00:49:00Z,ELD_002,68.7,45.6,36.41,15.3,96.4,8.0,78,light_sleep,resting
2026-08-02T00:50:00Z,ELD_002,70.9,44.4,36.36,15.9,96.9,8.0,78,light_sleep,resting
2026-08-02T00:51:00Z,ELD_002,65.1,47.5,36.42,14.9,96.9,8.0,78,light_sleep,resting
2026-08-02T00:52:00Z,ELD_002,68.0,46.8,36.36,14.9,97.0,8.0,78,light_sleep,resting
2026-08-02T00:53:00Z,ELD_002,65.1,45.5,36.5,15.5,96.5,8.0,78,light_sleep,resting
2026-08-02T00:54:00Z,ELD_002,61.6,40.8,36.61,14.7,96.5,8.0,78,light_sleep,resting
2026-08-02T00:55:00Z,ELD_002,66.0,45.1,36.36,15.6,96.5,8.0,78,light_sleep,resting
2026-08-02T00:56:00Z,ELD_002,61.4,46.7,36.43,14.2,96.5,8.0,78,light_sleep,resting
2026-08-02T00:57:00Z,ELD_002,68.7,50.1,36.31,15.4,96.5,8.0,78,light_sleep,resting
2026-08-02T00:58:00Z,ELD_002,70.2,41.6,36.46,15.5,96.8,8.0,78,light_sleep,resting
2026-08-02T00:59:00Z,ELD_002,70.3,44.4,36.48,16.4,96.3,8.0,78,light_sleep,resting
2026-08-02T01:00:00Z,ELD_002,69.8,45.4,36.26,15.9,96.7,8.0,78,light_sleep,resting
2026-08-02T01:01:00Z,ELD_002,70.1,40.9,36.48,15.6,96.5,8.0,78,light_sleep,resting
2026-08-02T01:02:00Z,ELD_002,65.4,44.2,36.53,14.8,96.5,8.0,78,light_sleep,resting
2026-08-02T01:03:00Z,ELD_002,68.0,46.0,36.47,15.5,96.5,8.0,78,light_sleep,resting
2026-08-02T01:04:00Z,ELD_002,68.7,41.4,36.44,15.2,96.4,8.0,78,light_sleep,resting
2026-08-02T01:05:00Z,ELD_002,68.0,46.1,36.48,14.8,96.3,8.0,78,light_sleep,resting
2026-08-02T01:06:00Z,ELD_002,65.9,42.5,36.43,14.6,97.0,8.0,78,light_sleep,resting
2026-08-02T01:07:00Z,ELD_002,64.6,41.8,36.38,14.9,96.8,8.0,78,light_sleep,resting
2026-08-02T01:08:00Z,ELD_002,70.6,41.8,36.43,16.1,96.3,8.0,78,light_sleep,resting
2026-08-02T01:09:00Z,ELD_002,68.6,44.3,36.52,14.0,96.1,8.0,78,light_sleep,resting
2026-08-02T01:10:00Z,ELD_002,67.8,43.5,36.4,15.8,96.5,8.0,78,light_sleep,resting
2026-08-02T01:11:00Z,ELD_002,72.1,44.2,36.38,16.1,96.6,8.0,78,light_sleep,resting
2026-08-02T01:12:00Z,ELD_002,70.7,47.6,36.59,15.7,96.9,8.0,78,light_sleep,resting
2026-08-02T01:13:00Z,ELD_002,67.8,49.1,36.28,14.9,96.7,8.0,78,light_sleep,resting
2026-08-02T01:14:00Z,ELD_002,69.9,48.3,36.16,15.8,96.9,8.0,78,light_sleep,resting
2026-08-02T01:15:00Z,ELD_002,73.8,42.5,36.32,16.5,96.7,8.0,78,light_sleep,resting
2026-08-02T01:16:00Z,ELD_002,64.7,47.3,36.33,15.3,96.4,8.0,78,light_sleep,resting
2026-08-02T01:17:00Z,ELD_002,69.5,41.0,36.41,15.2,96.2,8.0,78,light_sleep,resting
2026-08-02T01:18:00Z,ELD_002,70.6,46.2,36.4,16.2,96.9,8.0,78,light_sleep,resting
2026-08-02T01:19:00Z,ELD_002,68.1,43.4,36.58,15.8,96.8,8.0,78,light_sleep,resting
2026-08-02T01:20:00Z,ELD_002,67.4,41.3,36.43,15.3,96.9,8.0,78,light_sleep,resting
2026-08-02T01:21:00Z,ELD_002,71.8,42.9,36.28,15.8,96.5,8.0,78,light_sleep,resting
2026-08-02T01:22:00Z,ELD_002,67.8,44.3,36.32,15.6,96.6,8.0,78,light_sleep,resting
2026-08-02T01:23:00Z,ELD_002,69.2,45.1,36.3,14.7,96.8,8.0,78,light_sleep,resting
2026-08-02T01:24:00Z,ELD_002,68.5,45.8,36.26,15.4,96.3,8.0,78,light_sleep,resting
2026-08-02T01:25:00Z,ELD_002,67.0,43.9,36.38,14.6,96.7,8.0,78,light_sleep,resting
2026-08-02T01:26:00Z,ELD_002,71.5,43.5,36.25,15.1,96.8,8.0,78,light_sleep,resting
2026-08-02T01:27:00Z,ELD_002,67.7,44.9,36.47,15.3,96.8,8.0,78,light_sleep,resting
2026-08-02T01:28:00Z,ELD_002,70.0,43.8,36.27,16.7,96.4,8.0,78,light_sleep,resting
2026-08-02T01:29:00Z,ELD_002,69.8,42.2,36.47,14.5,96.8,8.0,78,light_sleep,resting
2026-08-02T01:30:00Z,ELD_002,72.7,41.9,36.31,15.5,96.4,8.0,78,light_sleep,resting
2026-08-02T01:31:00Z,ELD_002,69.0,44.8,36.52,14.9,96.5,8.0,78,light_sleep,resting
2026-08-02T01:32:00Z,ELD_002,66.1,46.7,36.31,15.8,96.7,8.0,78,light_sleep,resting
2026-08-02T01:33:00Z,ELD_002,72.2,40.7,36.51,16.2,96.4,8.0,78,light_sleep,resting
2026-08-02T01:34:00Z,ELD_002,68.2,42.9,36.33,16.5,96.8,8.0,78,light_sleep,resting
2026-08-02T01:35:00Z,ELD_002,74.2,42.6,36.42,16.0,96.5,8.0,78,light_sleep,resting
2026-08-02T01:36:00Z,ELD_002,64.8,44.7,36.5,14.9,95.9,8.0,78,light_sleep,resting
2026-08-02T01:37:00Z,ELD_002,66.3,41.1,36.41,14.8,96.5,8.0,78,light_sleep,resting
2026-08-02T01:38:00Z,ELD_002,74.1,42.9,36.29,15.0,96.2,8.0,78,light_sleep,resting
2026-08-02T01:39:00Z,ELD_002,62.7,48.8,36.43,14.6,96.9,8.0,78,light_sleep,resting
2026-08-02T01:40:00Z,ELD_002,66.9,45.8,36.33,15.0,96.7,8.0,78,light_sleep,resting
2026-08-02T01:41:00Z,ELD_002,67.0,41.7,36.37,14.4,96.8,8.0,78,light_sleep,resting
2026-08-02T01:42:00Z,ELD_002,70.2,43.4,36.38,15.3,96.1,8.0,78,light_sleep,resting
2026-08-02T01:43:00Z,ELD_002,65.5,46.2,36.38,14.5,96.7,8.0,78,light_sleep,resting
2026-08-02T01:44:00Z,ELD_002,70.5,43.9,36.29,15.6,96.8,8.0,78,light_sleep,resting
2026-08-02T01:45:00Z,ELD_002,72.5,41.5,36.42,16.1,96.9,8.0,78,light_sleep,resting
2026-08-02T01:46:00Z,ELD_002,71.0,42.6,36.37,15.2,96.6,8.0,78,light_sleep,resting
2026-08-02T01:47:00Z,ELD_002,68.4,44.9,36.39,15.1,96.7,8.0,78,light_sleep,resting
2026-08-02T01:48:00Z,ELD_002,66.6,45.5,36.35,15.6,96.3,8.0,78,light_sleep,resting
2026-08-02T01:49:00Z,ELD_002,69.2,43.8,36.44,16.0,96.3,8.0,78,light_sleep,resting
2026-08-02T01:50:00Z,ELD_002,70.2,44.3,36.5,16.2,96.8,8.0,78,light_sleep,resting
2026-08-02T01:51:00Z,ELD_002,72.0,42.7,36.29,15.5,96.9,8.0,78,light_sleep,resting
2026-08-02T01:52:00Z,ELD_002,67.4,49.6,36.35,15.0,97.0,8.0,78,light_sleep,resting
2026-08-02T01:53:00Z,ELD_002,63.6,42.5,36.5,14.9,96.3,8.0,78,light_sleep,resting
2026-08-02T01:54:00Z,ELD_002,71.4,41.0,36.28,15.6,96.9,8.0,78,light_sleep,resting
2026-08-02T01:55:00Z,ELD_002,72.1,43.3,36.24,16.8,96.8,8.0,78,light_sleep,resting
2026-08-02T01:56:00Z,ELD_002,68.7,42.7,36.44,15.9,97.0,8.0,78,light_sleep,resting
2026-08-02T01:57:00Z,ELD_002,68.1,44.6,36.6,16.2,96.9,8.0,78,light_sleep,resting
2026-08-02T01:58:00Z,ELD_002,65.6,45.7,36.37,15.1,96.7,8.0,78,light_sleep,resting
2026-08-02T01:59:00Z,ELD_002,75.7,42.9,36.55,15.4,96.7,8.0,78,light_sleep,resting
2026-08-02T02:00:00Z,ELD_002,66.0,42.5,36.42,15.2,96.8,8.0,78,light_sleep,resting
2026-08-02T02:01:00Z,ELD_002,67.0,42.0,36.53,15.6,96.9,8.0,78,light_sleep,resting
2026-08-02T02:02:00Z,ELD_002,70.0,43.5,36.23,16.0,96.4,8.0,78,light_sleep,resting
2026-08-02T02:03:00Z,ELD_002,71.1,40.8,36.3,16.4,96.4,8.0,78,light_sleep,resting
2026-08-02T02:04:00Z,ELD_002,70.5,45.3,36.61,16.1,96.6,8.0,78,light_sleep,resting
2026-08-02T02:05:00Z,ELD_002,71.0,42.6,36.53,15.8,96.2,8.0,78,light_sleep,resting
2026-08-02T02:06:00Z,ELD_002,69.7,43.0,36.56,15.0,96.5,8.0,78,light_sleep,resting
2026-08-02T02:07:00Z,ELD_002,71.0,43.0,36.4,15.9,97.0,8.0,78,light_sleep,resting
2026-08-02T02:08:00Z,ELD_002,68.2,42.2,36.34,15.4,96.7,8.0,78,light_sleep,resting
2026-08-02T02:09:00Z,ELD_002,67.4,45.0,36.52,16.1,96.1,8.0,78,light_sleep,resting
2026-08-02T02:10:00Z,ELD_002,69.6,41.5,36.37,15.6,96.6,8.0,78,light_sleep,resting
2026-08-02T02:11:00Z,ELD_002,72.4,41.6,36.45,15.2,96.9,8.0,78,light_sleep,resting
2026-08-02T02:12:00Z,ELD_002,68.8,45.2,36.36,15.3,96.6,8.0,78,light_sleep,resting
2026-08-02T02:13:00Z,ELD_002,71.2,43.1,36.49,15.8,96.8,8.0,78,light_sleep,resting
2026-08-02T02:14:00Z,ELD_002,62.5,45.2,36.29,15.4,96.8,8.0,78,light_sleep,resting
2026-08-02T02:15:00Z,ELD_002,71.5,42.8,36.39,15.3,96.7,8.0,78,light_sleep,resting
2026-08-02T02:16:00Z,ELD_002,70.2,44.1,36.31,15.6,96.8,8.0,78,light_sleep,resting
2026-08-02T02:17:00Z,ELD_002,68.5,44.1,36.44,15.9,96.8,8.0,78,light_sleep,resting
2026-08-02T02:18:00Z,ELD_002,70.2,44.3,36.34,15.9,96.8,8.0,78,light_sleep,resting
2026-08-02T02:19:00Z,ELD_002,68.4,44.5,36.6,16.4,96.5,8.0,78,light_sleep,resting
2026-08-02T02:20:00Z,ELD_002,74.8,42.8,36.19,15.6,96.5,8.0,78,light_sleep,resting
2026-08-02T02:21:00Z,ELD_002,73.4,44.7,36.44,15.4,96.8,8.0,78,light_sleep,resting
2026-08-02T02:22:00Z,ELD_002,69.9,45.6,36.55,15.1,96.2,8.0,78,light_sleep,resting
2026-08-02T02:23:00Z,ELD_002,70.7,44.1,36.35,15.9,96.4,8.0,78,light_sleep,resting
2026-08-02T02:24:00Z,ELD_002,66.7,42.9,36.58,14.8,96.8,8.0,78,light_sleep,resting
2026-08-02T02:25:00Z,ELD_002,73.9,42.2,36.34,15.9,96.7,8.0,78,light_sleep,resting
2026-08-02T02:26:00Z,ELD_002,74.1,39.0,36.37,16.0,96.6,8.0,78,light_sleep,resting
2026-08-02T02:27:00Z,ELD_002,76.7,39.2,36.33,16.2,96.7,8.0,78,light_sleep,resting
2026-08-02T02:28:00Z,ELD_002,70.2,41.9,36.55,15.7,96.5,8.0,78,light_sleep,resting
2026-08-02T02:29:00Z,ELD_002,68.3,42.7,36.34,16.3,96.7,8.0,78,light_sleep,resting
2026-08-02T02:30:00Z,ELD_002,71.1,44.7,36.2,16.3,96.6,8.0,78,light_sleep,resting
2026-08-02T02:31:00Z,ELD_002,69.1,41.3,36.41,15.6,96.4,8.0,78,light_sleep,resting
2026-08-02T02:32:00Z,ELD_002,70.5,47.3,36.15,15.2,96.8,8.0,78,light_sleep,resting
2026-08-02T02:33:00Z,ELD_002,71.3,40.9,36.36,15.7,96.1,8.0,78,light_sleep,resting
2026-08-02T02:34:00Z,ELD_002,64.6,45.6,36.4,13.8,96.8,8.0,78,light_sleep,resting
2026-08-02T02:35:00Z,ELD_002,70.7,46.4,36.45,15.3,96.7,8.0,78,light_sleep,resting
2026-08-02T02:36:00Z,ELD_002,73.7,44.8,36.31,16.2,97.0,8.0,78,light_sleep,resting
2026-08-02T02:37:00Z,ELD_002,67.9,43.6,36.36,15.8,96.1,8.0,78,light_sleep,resting
2026-08-02T02:38:00Z,ELD_002,72.5,44.7,36.27,15.8,96.9,8.0,78,light_sleep,resting
2026-08-02T02:39:00Z,ELD_002,72.0,40.4,36.42,16.1,96.1,8.0,78,light_sleep,resting
2026-08-02T02:40:00Z,ELD_002,70.8,45.5,36.41,15.4,96.9,8.0,78,light_sleep,resting
2026-08-02T02:41:00Z,ELD_002,69.5,42.8,36.34,15.1,96.8,8.0,78,light_sleep,resting
2026-08-02T02:42:00Z,ELD_002,68.4,41.9,36.49,15.1,96.2,8.0,78,light_sleep,resting
2026-08-02T02:43:00Z,ELD_002,71.2,41.8,36.37,15.4,96.3,8.0,78,light_sleep,resting
2026-08-02T02:44:00Z,ELD_002,73.8,41.8,36.44,15.7,96.6,8.0,78,light_sleep,resting
2026-08-02T02:45:00Z,ELD_002,75.5,40.9,36.46,15.8,96.6,8.0,78,light_sleep,resting
2026-08-02T02:46:00Z,ELD_002,74.7,44.7,36.32,15.7,96.2,8.0,78,light_sleep,resting
2026-08-02T02:47:00Z,ELD_002,76.4,39.5,36.49,15.7,96.1,8.0,78,light_sleep,resting
2026-08-02T02:48:00Z,ELD_002,72.2,45.2,36.52,14.6,96.6,8.0,78,light_sleep,resting
2026-08-02T02:49:00Z,ELD_002,71.1,43.4,36.25,15.2,96.5,8.0,78,light_sleep,resting
2026-08-02T02:50:00Z,ELD_002,73.1,39.4,36.28,15.9,96.8,8.0,78,light_sleep,resting
2026-08-02T02:51:00Z,ELD_002,67.0,42.8,36.3,16.2,97.0,8.0,78,light_sleep,resting
2026-08-02T02:52:00Z,ELD_002,70.9,44.3,36.5,14.9,96.9,8.0,78,light_sleep,resting
2026-08-02T02:53:00Z,ELD_002,77.5,44.6,36.35,16.3,96.5,8.0,78,light_sleep,resting
2026-08-02T02:54:00Z,ELD_002,74.2,42.7,36.31,16.1,96.7,8.0,78,light_sleep,resting
2026-08-02T02:55:00Z,ELD_002,72.8,43.3,36.42,16.1,96.1,8.0,78,light_sleep,resting
2026-08-02T02:56:00Z,ELD_002,71.4,44.2,36.46,16.8,96.8,8.0,78,light_sleep,resting
2026-08-02T02:57:00Z,ELD_002,71.5,42.3,36.49,15.8,96.9,8.0,78,light_sleep,resting
2026-08-02T02:58:00Z,ELD_002,75.5,40.8,36.45,16.4,96.6,8.0,78,light_sleep,resting
2026-08-02T02:59:00Z,ELD_002,74.3,44.6,36.36,15.7,97.0,8.0,78,light_sleep,resting
2026-08-02T03:00:00Z,ELD_002,66.3,43.5,36.43,15.0,96.5,8.0,78,light_sleep,resting
2026-08-02T03:01:00Z,ELD_002,74.9,42.7,36.36,16.1,96.8,8.0,78,light_sleep,resting
2026-08-02T03:02:00Z,ELD_002,68.5,42.3,36.47,15.9,97.0,8.0,78,light_sleep,resting
2026-08-02T03:03:00Z,ELD_002,70.4,42.6,36.31,16.5,96.6,8.0,78,light_sleep,resting
2026-08-02T03:04:00Z,ELD_002,66.6,43.5,36.22,14.5,96.1,8.0,78,light_sleep,resting
2026-08-02T03:05:00Z,ELD_002,71.2,43.2,36.56,15.4,96.7,8.0,78,light_sleep,resting
2026-08-02T03:06:00Z,ELD_002,75.4,39.3,36.39,15.5,96.4,8.0,78,light_sleep,resting
2026-08-02T03:07:00Z,ELD_002,76.5,39.6,36.41,16.1,96.5,8.0,78,light_sleep,resting
2026-08-02T03:08:00Z,ELD_002,74.2,41.0,36.52,15.6,96.7,8.0,78,light_sleep,resting
2026-08-02T03:09:00Z,ELD_002,74.3,43.1,36.21,16.5,96.5,8.0,78,light_sleep,resting
2026-08-02T03:10:00Z,ELD_002,69.4,42.1,36.37,15.2,96.6,8.0,78,light_sleep,resting
2026-08-02T03:11:00Z,ELD_002,72.5,42.9,36.43,15.6,96.7,8.0,78,light_sleep,resting
2026-08-02T03:12:00Z,ELD_002,71.5,47.2,36.46,15.7,96.5,8.0,78,light_sleep,resting
2026-08-02T03:13:00Z,ELD_002,73.7,41.8,36.35,16.3,95.8,8.0,78,light_sleep,resting
2026-08-02T03:14:00Z,ELD_002,71.0,42.5,36.32,15.3,96.9,8.0,78,light_sleep,resting
2026-08-02T03:15:00Z,ELD_002,73.5,42.6,36.37,15.2,96.1,8.0,78,light_sleep,resting
2026-08-02T03:16:00Z,ELD_002,71.5,44.4,36.47,15.5,96.9,8.0,78,light_sleep,resting
2026-08-02T03:17:00Z,ELD_002,68.3,44.3,36.41,14.8,96.8,8.0,78,light_sleep,resting
2026-08-02T03:18:00Z,ELD_002,72.7,41.5,36.43,17.0,96.3,8.0,78,light_sleep,resting
2026-08-02T03:19:00Z,ELD_002,68.8,41.6,36.31,15.2,96.8,8.0,78,light_sleep,resting
2026-08-02T03:20:00Z,ELD_002,73.4,44.3,36.34,15.9,96.3,8.0,78,light_sleep,resting
2026-08-02T03:21:00Z,ELD_002,68.0,48.1,36.27,16.3,96.8,8.0,78,light_sleep,resting
2026-08-02T03:22:00Z,ELD_002,72.4,41.6,36.2,16.2,96.7,8.0,78,light_sleep,resting
2026-08-02T03:23:00Z,ELD_002,73.8,39.5,36.5,15.8,96.6,8.0,78,light_sleep,resting
2026-08-02T03:24:00Z,ELD_002,71.9,41.3,36.45,15.8,96.7,8.0,78,light_sleep,resting
2026-08-02T03:25:00Z,ELD_002,72.8,42.1,36.41,16.0,96.4,8.0,78,light_sleep,resting
2026-08-02T03:26:00Z,ELD_002,74.0,42.9,36.32,15.0,97.0,8.0,78,light_sleep,resting
2026-08-02T03:27:00Z,ELD_002,73.2,42.7,36.41,16.5,96.1,8.0,78,light_sleep,resting
2026-08-02T03:28:00Z,ELD_002,76.3,42.4,36.41,16.5,96.9,8.0,78,light_sleep,resting
2026-08-02T03:29:00Z,ELD_002,75.1,42.9,36.32,16.0,96.5,8.0,78,light_sleep,resting
2026-08-02T03:30:00Z,ELD_002,72.4,45.1,36.57,15.5,97.0,8.0,78,light_sleep,resting
2026-08-02T03:31:00Z,ELD_002,71.4,42.2,36.26,15.3,96.7,8.0,78,light_sleep,resting
2026-08-02T03:32:00Z,ELD_002,77.2,40.4,36.36,15.5,96.5,8.0,78,light_sleep,resting
2026-08-02T03:33:00Z,ELD_002,67.4,43.8,36.34,14.9,96.2,8.0,78,light_sleep,resting
2026-08-02T03:34:00Z,ELD_002,72.2,41.6,36.37,15.7,96.5,8.0,78,light_sleep,resting
2026-08-02T03:35:00Z,ELD_002,68.3,45.0,36.39,15.8,96.2,8.0,78,light_sleep,resting
2026-08-02T03:36:00Z,ELD_002,77.5,43.0,36.29,16.1,96.6,8.0,78,light_sleep,resting
2026-08-02T03:37:00Z,ELD_002,74.1,41.3,36.17,15.1,96.0,8.0,78,light_sleep,resting
2026-08-02T03:38:00Z,ELD_002,72.6,44.6,36.46,15.7,96.8,8.0,78,light_sleep,resting
2026-08-02T03:39:00Z,ELD_002,75.7,39.3,36.34,16.3,96.9,8.0,78,light_sleep,resting
2026-08-02T03:40:00Z,ELD_002,76.1,41.6,36.13,16.8,96.7,8.0,78,light_sleep,resting
2026-08-02T03:41:00Z,ELD_002,75.4,39.6,36.27,16.0,96.2,8.0,78,light_sleep,resting
2026-08-02T03:42:00Z,ELD_002,69.8,43.8,36.38,15.0,96.6,8.0,78,light_sleep,resting
2026-08-02T03:43:00Z,ELD_002,80.5,39.3,36.56,16.3,96.8,8.0,78,light_sleep,resting
2026-08-02T03:44:00Z,ELD_002,70.7,44.9,36.52,15.5,96.7,8.0,78,light_sleep,resting
2026-08-02T03:45:00Z,ELD_002,67.2,42.4,36.49,14.9,96.6,8.0,78,light_sleep,resting
2026-08-02T03:46:00Z,ELD_002,80.0,40.9,36.63,16.6,96.8,8.0,78,light_sleep,resting
2026-08-02T03:47:00Z,ELD_002,76.0,42.9,36.39,16.7,96.8,8.0,78,light_sleep,resting
2026-08-02T03:48:00Z,ELD_002,71.7,39.0,36.43,15.3,96.6,8.0,78,light_sleep,resting
2026-08-02T03:49:00Z,ELD_002,74.4,44.6,36.5,15.9,96.4,8.0,78,light_sleep,resting
2026-08-02T03:50:00Z,ELD_002,72.1,42.8,36.4,16.3,97.0,8.0,78,light_sleep,resting
2026-08-02T03:51:00Z,ELD_002,76.3,40.8,36.36,15.9,96.5,8.0,78,light_sleep,resting
2026-08-02T03:52:00Z,ELD_002,71.8,40.8,36.37,16.0,96.5,8.0,78,light_sleep,resting
2026-08-02T03:53:00Z,ELD_002,72.3,41.6,36.45,16.0,96.6,8.0,78,light_sleep,resting
2026-08-02T03:54:00Z,ELD_002,74.6,38.1,36.33,15.6,96.1,8.0,78,light_sleep,resting
2026-08-02T03:55:00Z,ELD_002,72.0,42.0,36.7,15.3,96.0,8.0,78,light_sleep,resting
2026-08-02T03:56:00Z,ELD_002,73.8,43.0,36.35,15.7,96.6,8.0,78,light_sleep,resting
2026-08-02T03:57:00Z,ELD_002,67.2,44.9,36.27,14.9,96.3,8.0,78,light_sleep,resting
2026-08-02T03:58:00Z,ELD_002,71.1,44.1,36.37,15.4,96.9,8.0,78,light_sleep,resting
2026-08-02T03:59:00Z,ELD_002,78.0,40.8,36.22,16.6,96.8,8.0,78,light_sleep,resting
2026-08-02T04:00:00Z,ELD_002,70.6,40.1,36.48,15.2,96.7,8.0,78,light_sleep,resting
2026-08-02T04:01:00Z,ELD_002,71.4,44.0,36.41,16.9,96.4,8.0,78,light_sleep,resting
2026-08-02T04:02:00Z,ELD_002,71.8,42.6,36.26,15.9,96.6,8.0,78,light_sleep,resting
2026-08-02T04:03:00Z,ELD_002,72.1,44.5,36.46,15.3,96.7,8.0,78,light_sleep,resting
2026-08-02T04:04:00Z,ELD_002,74.5,40.9,36.38,16.1,96.7,8.0,78,light_sleep,resting
2026-08-02T04:05:00Z,ELD_002,76.0,44.0,36.36,15.6,96.4,8.0,78,light_sleep,resting
2026-08-02T04:06:00Z,ELD_002,75.2,39.6,36.5,17.0,96.5,8.0,78,light_sleep,resting
2026-08-02T04:07:00Z,ELD_002,71.5,42.9,36.38,15.3,96.9,8.0,78,light_sleep,resting
2026-08-02T04:08:00Z,ELD_002,75.4,41.2,36.46,16.2,96.5,8.0,78,light_sleep,resting
2026-08-02T04:09:00Z,ELD_002,74.3,45.7,36.36,15.8,96.1,8.0,78,light_sleep,resting
2026-08-02T04:10:00Z,ELD_002,77.6,42.0,36.37,14.7,96.8,8.0,78,light_sleep,resting
2026-08-02T04:11:00Z,ELD_002,76.3,42.9,36.57,15.9,96.9,8.0,78,light_sleep,resting
2026-08-02T04:12:00Z,ELD_002,73.9,44.5,36.28,15.9,96.7,8.0,78,light_sleep,resting
2026-08-02T04:13:00Z,ELD_002,75.7,42.8,36.48,16.0,96.8,8.0,78,light_sleep,resting
2026-08-02T04:14:00Z,ELD_002,73.8,42.6,36.23,15.0,96.8,8.0,78,light_sleep,resting
2026-08-02T04:15:00Z,ELD_002,74.7,41.0,36.5,15.8,96.8,8.0,78,light_sleep,resting
2026-08-02T04:16:00Z,ELD_002,76.4,39.6,36.38,16.2,96.2,8.0,78,light_sleep,resting
2026-08-02T04:17:00Z,ELD_002,75.0,41.2,36.24,15.8,96.6,8.0,78,light_sleep,resting
2026-08-02T04:18:00Z,ELD_002,72.4,40.6,36.25,15.1,97.0,8.0,78,light_sleep,resting
2026-08-02T04:19:00Z,ELD_002,67.2,47.0,36.45,14.8,96.4,8.0,78,light_sleep,resting
2026-08-02T04:20:00Z,ELD_002,78.1,39.1,36.33,16.2,97.0,8.0,78,light_sleep,resting
2026-08-02T04:21:00Z,ELD_002,71.1,38.4,36.48,15.5,96.6,8.0,78,light_sleep,resting
2026-08-02T04:22:00Z,ELD_002,67.5,45.4,36.4,15.8,96.8,8.0,78,light_sleep,resting
2026-08-02T04:23:00Z,ELD_002,76.5,39.6,36.42,16.5,96.7,8.0,78,light_sleep,resting
2026-08-02T04:24:00Z,ELD_002,75.4,40.5,36.28,16.3,96.8,8.0,78,light_sleep,resting
2026-08-02T04:25:00Z,ELD_002,77.5,40.7,36.49,16.7,96.0,8.0,78,light_sleep,resting
2026-08-02T04:26:00Z,ELD_002,71.6,41.9,36.22,15.1,96.9,8.0,78,light_sleep,resting
2026-08-02T04:27:00Z,ELD_002,69.9,44.9,36.45,15.2,97.0,8.0,78,light_sleep,resting
2026-08-02T04:28:00Z,ELD_002,80.2,37.5,36.33,16.0,96.6,8.0,78,light_sleep,resting
2026-08-02T04:29:00Z,ELD_002,72.6,43.6,36.43,15.5,96.4,8.0,78,light_sleep,resting
2026-08-02T04:30:00Z,ELD_002,75.7,40.2,36.4,16.2,96.0,8.0,78,light_sleep,resting
2026-08-02T04:31:00Z,ELD_002,70.3,46.2,36.35,15.5,96.2,8.0,78,light_sleep,resting
2026-08-02T04:32:00Z,ELD_002,73.9,38.6,36.32,16.1,96.8,8.0,78,light_sleep,resting
2026-08-02T04:33:00Z,ELD_002,73.0,43.2,36.6,15.2,96.2,8.0,78,light_sleep,resting
2026-08-02T04:34:00Z,ELD_002,77.5,40.0,36.35,16.0,96.5,8.0,78,light_sleep,resting
2026-08-02T04:35:00Z,ELD_002,73.8,41.0,36.21,16.1,96.3,8.0,78,light_sleep,resting
2026-08-02T04:36:00Z,ELD_002,74.7,41.3,36.44,16.1,96.2,8.0,78,light_sleep,resting
2026-08-02T04:37:00Z,ELD_002,76.2,41.9,36.34,15.6,96.4,8.0,78,light_sleep,resting
2026-08-02T04:38:00Z,ELD_002,76.1,42.3,36.38,15.2,96.8,8.0,78,light_sleep,resting
2026-08-02T04:39:00Z,ELD_002,69.6,42.4,36.49,16.0,96.9,8.0,78,light_sleep,resting
2026-08-02T04:40:00Z,ELD_002,73.2,43.3,36.36,16.4,96.4,8.0,78,light_sleep,resting
2026-08-02T04:41:00Z,ELD_002,73.7,42.7,36.34,15.5,96.5,8.0,78,light_sleep,resting
2026-08-02T04:42:00Z,ELD_002,73.0,44.0,36.51,16.3,96.8,8.0,78,light_sleep,resting
2026-08-02T04:43:00Z,ELD_002,78.6,46.4,36.41,16.4,96.9,8.0,78,light_sleep,resting
2026-08-02T04:44:00Z,ELD_002,75.7,39.9,36.44,15.6,96.9,8.0,78,light_sleep,resting
2026-08-02T04:45:00Z,ELD_002,73.3,40.5,36.37,16.2,96.4,8.0,78,light_sleep,resting
2026-08-02T04:46:00Z,ELD_002,75.3,44.4,36.38,15.3,96.9,8.0,78,light_sleep,resting
2026-08-02T04:47:00Z,ELD_002,77.1,42.0,36.49,15.2,96.5,8.0,78,light_sleep,resting
2026-08-02T04:48:00Z,ELD_002,71.6,42.1,36.48,15.7,95.4,8.0,78,light_sleep,resting
2026-08-02T04:49:00Z,ELD_002,71.4,44.4,36.23,15.4,96.5,8.0,78,light_sleep,resting
2026-08-02T04:50:00Z,ELD_002,74.1,42.3,36.47,14.8,96.9,8.0,78,light_sleep,resting
2026-08-02T04:51:00Z,ELD_002,75.2,43.1,36.4,16.1,96.6,8.0,78,light_sleep,resting
2026-08-02T04:52:00Z,ELD_002,73.2,42.0,36.25,14.8,97.0,8.0,78,light_sleep,resting
2026-08-02T04:53:00Z,ELD_002,77.3,41.4,36.46,16.0,96.7,8.0,78,light_sleep,resting
2026-08-02T04:54:00Z,ELD_002,74.9,43.5,36.52,16.7,96.8,8.0,78,light_sleep,resting
2026-08-02T04:55:00Z,ELD_002,73.0,41.4,36.26,16.5,96.7,8.0,78,light_sleep,resting
2026-08-02T04:56:00Z,ELD_002,76.6,39.3,36.17,15.4,96.6,8.0,78,light_sleep,resting
2026-08-02T04:57:00Z,ELD_002,77.0,38.3,36.41,16.2,96.6,8.0,78,light_sleep,resting
2026-08-02T04:58:00Z,ELD_002,74.0,41.9,36.29,16.0,96.7,8.0,78,light_sleep,resting
2026-08-02T04:59:00Z,ELD_002,73.1,39.4,36.33,15.2,96.7,8.0,78,light_sleep,resting
2026-08-02T05:00:00Z,ELD_002,69.5,44.9,36.25,15.2,96.6,8.0,78,light_sleep,resting
2026-08-02T05:01:00Z,ELD_002,68.0,47.7,36.14,15.5,96.0,8.0,78,light_sleep,resting
2026-08-02T05:02:00Z,ELD_002,73.9,42.5,36.36,15.3,96.3,8.0,78,light_sleep,resting
2026-08-02T05:03:00Z,ELD_002,76.1,42.1,36.38,16.5,96.9,8.0,78,light_sleep,resting
2026-08-02T05:04:00Z,ELD_002,71.6,43.8,36.35,16.2,96.5,8.0,78,light_sleep,resting
2026-08-02T05:05:00Z,ELD_002,73.5,46.1,36.47,15.6,96.6,8.0,78,light_sleep,resting
2026-08-02T05:06:00Z,ELD_002,80.0,39.2,36.46,16.7,96.9,8.0,78,light_sleep,resting
2026-08-02T05:07:00Z,ELD_002,72.1,44.7,36.24,16.7,96.5,8.0,78,light_sleep,resting
2026-08-02T05:08:00Z,ELD_002,80.6,41.4,36.21,16.4,96.4,8.0,78,light_sleep,resting
2026-08-02T05:09:00Z,ELD_002,71.9,44.4,36.41,15.6,96.4,8.0,78,light_sleep,resting
2026-08-02T05:10:00Z,ELD_002,75.0,44.4,36.28,15.5,96.9,8.0,78,light_sleep,resting
2026-08-02T05:11:00Z,ELD_002,71.5,44.1,36.27,15.7,96.9,8.0,78,light_sleep,resting
2026-08-02T05:12:00Z,ELD_002,77.4,39.6,36.45,16.3,96.9,8.0,78,light_sleep,resting
2026-08-02T05:13:00Z,ELD_002,70.0,43.1,36.46,15.3,96.3,8.0,78,light_sleep,resting
2026-08-02T05:14:00Z,ELD_002,79.2,39.9,36.44,16.7,96.2,8.0,78,light_sleep,resting
2026-08-02T05:15:00Z,ELD_002,80.9,39.6,36.52,17.1,96.8,8.0,78,light_sleep,resting
2026-08-02T05:16:00Z,ELD_002,65.7,41.5,36.46,15.6,95.9,8.0,78,light_sleep,resting
2026-08-02T05:17:00Z,ELD_002,73.8,42.8,36.54,15.3,96.9,8.0,78,light_sleep,resting
2026-08-02T05:18:00Z,ELD_002,72.9,43.1,36.22,16.2,96.9,8.0,78,light_sleep,resting
2026-08-02T05:19:00Z,ELD_002,76.2,40.2,36.36,16.7,96.8,8.0,78,light_sleep,resting
2026-08-02T05:20:00Z,ELD_002,71.6,42.7,36.53,16.1,96.5,8.0,78,light_sleep,resting
2026-08-02T05:21:00Z,ELD_002,72.3,37.7,36.41,16.2,96.9,8.0,78,light_sleep,resting
2026-08-02T05:22:00Z,ELD_002,75.3,39.3,36.53,15.6,96.7,8.0,78,light_sleep,resting
2026-08-02T05:23:00Z,ELD_002,73.3,43.2,36.25,16.2,96.1,8.0,78,light_sleep,resting
2026-08-02T05:24:00Z,ELD_002,73.6,41.8,36.45,16.0,96.8,8.0,78,light_sleep,resting
2026-08-02T05:25:00Z,ELD_002,73.8,42.0,36.36,16.1,96.8,8.0,78,light_sleep,resting
2026-08-02T05:26:00Z,ELD_002,69.1,46.0,36.29,15.8,96.6,8.0,78,light_sleep,resting
2026-08-02T05:27:00Z,ELD_002,73.4,39.2,36.48,15.6,96.5,8.0,78,light_sleep,resting
2026-08-02T05:28:00Z,ELD_002,77.6,40.7,36.33,16.5,96.3,8.0,78,light_sleep,resting
2026-08-02T05:29:00Z,ELD_002,68.3,45.3,36.23,14.7,96.9,8.0,78,light_sleep,resting
2026-08-02T05:30:00Z,ELD_002,75.6,39.4,36.45,16.6,96.5,8.0,78,light_sleep,resting
2026-08-02T05:31:00Z,ELD_002,76.7,40.1,36.56,15.1,96.7,8.0,78,light_sleep,resting
2026-08-02T05:32:00Z,ELD_002,70.7,44.8,36.28,15.7,96.9,8.0,78,light_sleep,resting
2026-08-02T05:33:00Z,ELD_002,75.4,41.4,36.39,15.9,97.0,8.0,78,light_sleep,resting
2026-08-02T05:34:00Z,ELD_002,74.1,42.3,36.37,16.1,96.8,8.0,78,light_sleep,resting
2026-08-02T05:35:00Z,ELD_002,76.0,39.8,36.46,16.3,96.9,8.0,78,light_sleep,resting
2026-08-02T05:36:00Z,ELD_002,72.6,38.6,36.59,15.6,96.9,8.0,78,light_sleep,resting
2026-08-02T05:37:00Z,ELD_002,74.5,43.9,36.23,15.7,96.9,8.0,78,light_sleep,resting
2026-08-02T05:38:00Z,ELD_002,72.0,42.8,36.47,16.6,96.2,8.0,78,light_sleep,resting
2026-08-02T05:39:00Z,ELD_002,72.3,43.5,36.29,15.0,96.7,8.0,78,light_sleep,resting
2026-08-02T05:40:00Z,ELD_002,76.2,42.1,36.49,16.1,96.8,8.0,78,light_sleep,resting
2026-08-02T05:41:00Z,ELD_002,77.2,38.8,36.4,15.9,96.3,8.0,78,light_sleep,resting
2026-08-02T05:42:00Z,ELD_002,72.2,40.3,36.26,15.7,96.8,8.0,78,light_sleep,resting
2026-08-02T05:43:00Z,ELD_002,71.9,45.2,36.57,14.7,96.7,8.0,78,light_sleep,resting
2026-08-02T05:44:00Z,ELD_002,72.5,43.4,36.27,16.3,96.3,8.0,78,light_sleep,resting
2026-08-02T05:45:00Z,ELD_002,75.7,42.2,36.35,15.6,96.6,8.0,78,light_sleep,resting
2026-08-02T05:46:00Z,ELD_002,77.8,39.5,36.42,16.2,96.2,8.0,78,light_sleep,resting
2026-08-02T05:47:00Z,ELD_002,75.5,43.8,36.4,15.5,96.4,8.0,78,light_sleep,resting
2026-08-02T05:48:00Z,ELD_002,82.2,39.4,36.43,16.5,96.2,8.0,78,light_sleep,resting
2026-08-02T05:49:00Z,ELD_002,77.1,40.4,36.32,15.5,96.8,8.0,78,light_sleep,resting
2026-08-02T05:50:00Z,ELD_002,78.3,41.6,36.32,16.7,96.7,8.0,78,light_sleep,resting
2026-08-02T05:51:00Z,ELD_002,77.4,41.7,36.36,16.5,96.1,8.0,78,light_sleep,resting
2026-08-02T05:52:00Z,ELD_002,74.0,43.1,36.37,15.2,96.7,8.0,78,light_sleep,resting
2026-08-02T05:53:00Z,ELD_002,71.5,38.9,36.42,15.6,96.7,8.0,78,light_sleep,resting
2026-08-02T05:54:00Z,ELD_002,74.6,44.5,36.42,16.1,96.9,8.0,78,light_sleep,resting
2026-08-02T05:55:00Z,ELD_002,73.4,39.2,36.47,16.0,95.7,8.0,78,light_sleep,resting
2026-08-02T05:56:00Z,ELD_002,78.6,41.9,36.36,16.6,96.5,8.0,78,light_sleep,resting
2026-08-02T05:57:00Z,ELD_002,71.9,43.9,36.26,15.2,96.3,8.0,78,light_sleep,resting
2026-08-02T05:58:00Z,ELD_002,74.7,41.7,36.22,15.9,96.5,8.0,78,light_sleep,resting
2026-08-02T05:59:00Z,ELD_002,70.6,45.1,36.2,16.2,96.7,8.0,78,light_sleep,resting
2026-08-02T06:00:00Z,ELD_002,72.0,43.4,36.36,15.8,96.8,8.0,78,light_sleep,resting
2026-08-02T06:01:00Z,ELD_002,82.4,40.8,36.46,16.6,96.3,8.0,78,light_sleep,resting
2026-08-02T06:02:00Z,ELD_002,74.9,40.4,36.32,15.3,96.4,8.0,78,light_sleep,resting
2026-08-02T06:03:00Z,ELD_002,77.5,45.2,36.3,17.3,96.7,8.0,78,light_sleep,resting
2026-08-02T06:04:00Z,ELD_002,73.4,43.8,36.35,15.5,96.2,8.0,78,light_sleep,resting
2026-08-02T06:05:00Z,ELD_002,71.7,47.4,36.52,15.8,96.4,8.0,78,light_sleep,resting
2026-08-02T06:06:00Z,ELD_002,72.0,41.9,36.28,15.7,96.7,8.0,78,light_sleep,resting
2026-08-02T06:07:00Z,ELD_002,77.0,42.9,36.28,16.9,96.6,8.0,78,light_sleep,resting
2026-08-02T06:08:00Z,ELD_002,78.4,41.2,36.53,15.7,96.6,8.0,78,light_sleep,resting
2026-08-02T06:09:00Z,ELD_002,78.0,41.1,36.31,15.7,96.6,8.0,78,light_sleep,resting
2026-08-02T06:10:00Z,ELD_002,73.0,39.6,36.62,15.8,96.5,8.0,78,light_sleep,resting
2026-08-02T06:11:00Z,ELD_002,77.3,42.1,36.48,16.2,95.9,8.0,78,light_sleep,resting
2026-08-02T06:12:00Z,ELD_002,76.0,42.2,36.35,16.2,96.8,8.0,78,light_sleep,resting
2026-08-02T06:13:00Z,ELD_002,71.3,39.5,36.34,15.2,96.9,8.0,78,light_sleep,resting
2026-08-02T06:14:00Z,ELD_002,73.3,40.6,36.45,15.9,96.4,8.0,78,light_sleep,resting
2026-08-02T06:15:00Z,ELD_002,76.2,43.8,36.32,17.2,96.6,8.0,78,light_sleep,resting
2026-08-02T06:16:00Z,ELD_002,78.0,38.0,36.56,15.8,96.5,8.0,78,light_sleep,resting
2026-08-02T06:17:00Z,ELD_002,72.8,44.2,36.41,15.9,96.4,8.0,78,light_sleep,resting
2026-08-02T06:18:00Z,ELD_002,70.6,43.9,36.39,16.0,96.4,8.0,78,light_sleep,resting
2026-08-02T06:19:00Z,ELD_002,79.5,39.6,36.29,16.4,96.6,8.0,78,light_sleep,resting
2026-08-02T06:20:00Z,ELD_002,74.5,41.4,36.29,16.2,97.0,8.0,78,light_sleep,resting
2026-08-02T06:21:00Z,ELD_002,66.4,44.2,36.42,14.9,96.8,8.0,78,light_sleep,resting
2026-08-02T06:22:00Z,ELD_002,69.4,46.6,36.38,15.0,96.7,8.0,78,light_sleep,resting
2026-08-02T06:23:00Z,ELD_002,73.3,39.9,36.38,15.8,96.8,8.0,78,light_sleep,resting
2026-08-02T06:24:00Z,ELD_002,80.2,39.5,36.55,16.1,96.8,8.0,78,light_sleep,resting
2026-08-02T06:25:00Z,ELD_002,74.9,42.3,36.6,16.1,96.6,8.0,78,light_sleep,resting
2026-08-02T06:26:00Z,ELD_002,79.4,40.7,36.25,17.0,96.9,8.0,78,light_sleep,resting
2026-08-02T06:27:00Z,ELD_002,72.3,46.9,36.53,15.6,96.7,8.0,78,light_sleep,resting
2026-08-02T06:28:00Z,ELD_002,69.3,45.5,36.44,15.6,96.6,8.0,78,light_sleep,resting
2026-08-02T06:29:00Z,ELD_002,80.5,38.3,36.29,16.9,96.6,8.0,78,light_sleep,resting
2026-08-02T06:30:00Z,ELD_002,71.1,42.8,36.54,15.2,96.8,8.0,78,light_sleep,resting
2026-08-02T06:31:00Z,ELD_002,72.1,43.1,36.41,15.2,96.1,8.0,78,light_sleep,resting
2026-08-02T06:32:00Z,ELD_002,75.4,38.9,36.34,16.8,97.0,8.0,78,light_sleep,resting
2026-08-02T06:33:00Z,ELD_002,76.9,35.8,36.27,16.8,96.8,8.0,78,light_sleep,resting
2026-08-02T06:34:00Z,ELD_002,74.1,42.2,36.28,16.7,96.9,8.0,78,light_sleep,resting
2026-08-02T06:35:00Z,ELD_002,70.7,42.4,36.28,15.5,96.8,8.0,78,light_sleep,resting
2026-08-02T06:36:00Z,ELD_002,77.6,41.7,36.39,17.8,96.5,8.0,78,light_sleep,resting
2026-08-02T06:37:00Z,ELD_002,75.4,39.8,36.44,15.6,96.4,8.0,78,light_sleep,resting
2026-08-02T06:38:00Z,ELD_002,76.0,44.5,36.33,16.2,96.6,8.0,78,light_sleep,resting
2026-08-02T06:39:00Z,ELD_002,80.4,40.5,36.34,16.8,96.7,8.0,78,light_sleep,resting
2026-08-02T06:40:00Z,ELD_002,72.7,43.3,36.63,15.7,96.9,8.0,78,light_sleep,resting
2026-08-02T06:41:00Z,ELD_002,73.4,43.0,36.43,15.3,97.0,8.0,78,light_sleep,resting
2026-08-02T06:42:00Z,ELD_002,72.8,43.5,36.38,15.7,96.5,8.0,78,light_sleep,resting
2026-08-02T06:43:00Z,ELD_002,68.3,38.4,36.45,15.9,96.4,8.0,78,light_sleep,resting
2026-08-02T06:44:00Z,ELD_002,73.2,41.6,36.42,15.2,96.8,8.0,78,light_sleep,resting
2026-08-02T06:45:00Z,ELD_002,73.5,41.3,36.37,16.0,96.7,8.0,78,light_sleep,resting
2026-08-02T06:46:00Z,ELD_002,71.0,44.3,36.36,15.4,96.4,8.0,78,light_sleep,resting
2026-08-02T06:47:00Z,ELD_002,77.0,41.1,36.49,16.4,96.9,8.0,78,light_sleep,resting
2026-08-02T06:48:00Z,ELD_002,76.8,40.3,36.26,15.5,97.0,8.0,78,light_sleep,resting
2026-08-02T06:49:00Z,ELD_002,75.0,43.8,36.24,15.2,95.5,8.0,78,light_sleep,resting
2026-08-02T06:50:00Z,ELD_002,76.4,40.3,36.5,16.9,96.6,8.0,78,light_sleep,resting
2026-08-02T06:51:00Z,ELD_002,75.3,42.2,36.32,16.2,97.0,8.0,78,light_sleep,resting
2026-08-02T06:52:00Z,ELD_002,80.4,42.4,36.49,16.2,96.5,8.0,78,light_sleep,resting
2026-08-02T06:53:00Z,ELD_002,71.3,41.2,36.34,16.0,96.8,8.0,78,light_sleep,resting
2026-08-02T06:54:00Z,ELD_002,73.6,41.7,36.44,15.4,96.9,8.0,78,light_sleep,resting
2026-08-02T06:55:00Z,ELD_002,74.8,44.5,36.5,16.1,96.8,8.0,78,light_sleep,resting
2026-08-02T06:56:00Z,ELD_002,74.5,44.9,36.27,15.5,96.6,8.0,78,light_sleep,resting
2026-08-02T06:57:00Z,ELD_002,75.2,45.5,36.54,15.2,96.3,8.0,78,light_sleep,resting
2026-08-02T06:58:00Z,ELD_002,76.5,42.5,36.6,16.4,96.8,8.0,78,light_sleep,resting
2026-08-02T06:59:00Z,ELD_002,75.4,41.2,36.5,16.1,97.0,8.0,78,light_sleep,resting
2026-08-02T07:00:00Z,ELD_002,78.7,38.8,36.42,16.4,96.1,8.0,78,awake,light
2026-08-02T07:01:00Z,ELD_002,80.3,39.8,36.29,17.2,96.9,8.0,78,awake,light
2026-08-02T07:02:00Z,ELD_002,78.2,41.5,36.37,17.5,96.4,8.0,78,awake,light
2026-08-02T07:03:00Z,ELD_002,76.8,40.7,36.45,16.6,97.0,8.0,78,awake,light
2026-08-02T07:04:00Z,ELD_002,72.7,41.1,36.3,16.5,96.3,8.0,78,awake,light
2026-08-02T07:05:00Z,ELD_002,76.8,37.8,36.38,16.7,96.6,8.0,78,awake,light
2026-08-02T07:06:00Z,ELD_002,70.2,43.0,36.41,15.9,96.9,8.0,78,awake,light
2026-08-02T07:07:00Z,ELD_002,74.6,44.3,36.44,15.7,96.7,8.0,78,awake,light
2026-08-02T07:08:00Z,ELD_002,73.9,41.1,36.37,15.6,96.2,8.0,78,awake,light
2026-08-02T07:09:00Z,ELD_002,76.0,41.8,36.37,15.7,96.3,8.0,78,awake,light
2026-08-02T07:10:00Z,ELD_002,68.8,40.5,36.54,16.0,96.8,8.0,78,awake,light
2026-08-02T07:11:00Z,ELD_002,70.0,42.6,36.28,15.7,96.7,8.0,78,awake,light
2026-08-02T07:12:00Z,ELD_002,73.0,42.5,36.42,15.9,96.7,8.0,78,awake,light
2026-08-02T07:13:00Z,ELD_002,71.3,43.5,36.49,16.0,96.8,8.0,78,awake,light
2026-08-02T07:14:00Z,ELD_002,74.7,43.4,36.18,15.5,96.7,8.0,78,awake,light
2026-08-02T07:15:00Z,ELD_002,77.9,44.3,36.27,16.4,96.6,8.0,78,awake,light
2026-08-02T07:16:00Z,ELD_002,77.1,40.7,36.45,15.9,96.9,8.0,78,awake,light
2026-08-02T07:17:00Z,ELD_002,71.0,42.8,36.4,16.4,96.9,8.0,78,awake,light
2026-08-02T07:18:00Z,ELD_002,70.7,42.9,36.26,15.7,96.4,8.0,78,awake,light
2026-08-02T07:19:00Z,ELD_002,75.6,42.2,36.4,15.4,97.0,8.0,78,awake,light
2026-08-02T07:20:00Z,ELD_002,73.3,44.2,36.31,16.0,96.3,8.0,78,awake,light
2026-08-02T07:21:00Z,ELD_002,79.2,41.3,36.48,16.2,96.9,8.0,78,awake,light
2026-08-02T07:22:00Z,ELD_002,79.4,38.5,36.39,17.0,97.0,8.0,78,awake,light
2026-08-02T07:23:00Z,ELD_002,74.9,42.0,36.28,14.8,96.7,8.0,78,awake,light
2026-08-02T07:24:00Z,ELD_002,73.3,38.1,36.25,15.2,96.0,8.0,78,awake,light
2026-08-02T07:25:00Z,ELD_002,75.1,39.0,36.41,15.8,96.5,8.0,78,awake,light
2026-08-02T07:26:00Z,ELD_002,79.5,40.2,36.46,15.7,96.8,8.0,78,awake,light
2026-08-02T07:27:00Z,ELD_002,71.9,43.2,36.38,16.1,97.0,8.0,78,awake,light
2026-08-02T07:28:00Z,ELD_002,77.1,40.1,36.34,16.5,96.8,8.0,78,awake,light
2026-08-02T07:29:00Z,ELD_002,80.4,40.1,36.49,16.2,96.8,8.0,78,awake,light
2026-08-02T07:30:00Z,ELD_002,72.9,42.1,36.64,14.5,96.4,8.0,78,awake,light
2026-08-02T07:31:00Z,ELD_002,76.0,44.2,36.23,15.6,97.0,8.0,78,awake,light
2026-08-02T07:32:00Z,ELD_002,74.7,41.4,36.4,15.8,96.1,8.0,78,awake,light
2026-08-02T07:33:00Z,ELD_002,72.7,42.4,36.55,15.8,97.0,8.0,78,awake,light
2026-08-02T07:34:00Z,ELD_002,73.8,41.0,36.47,15.9,96.2,8.0,78,awake,light
2026-08-02T07:35:00Z,ELD_002,76.5,39.4,36.51,16.0,96.9,8.0,78,awake,light
2026-08-02T07:36:00Z,ELD_002,68.0,44.9,36.55,15.1,95.6,8.0,78,awake,light
2026-08-02T07:37:00Z,ELD_002,77.5,39.4,36.38,16.4,96.7,8.0,78,awake,light
2026-08-02T07:38:00Z,ELD_002,75.3,41.9,36.26,16.0,96.5,8.0,78,awake,light
2026-08-02T07:39:00Z,ELD_002,69.7,46.9,36.43,15.0,96.3,8.0,78,awake,light
2026-08-02T07:40:00Z,ELD_002,70.0,44.9,36.29,14.4,96.5,8.0,78,awake,light
2026-08-02T07:41:00Z,ELD_002,73.8,41.5,36.39,16.1,96.8,8.0,78,awake,light
2026-08-02T07:42:00Z,ELD_002,69.7,42.3,36.41,14.6,96.9,8.0,78,awake,light
2026-08-02T07:43:00Z,ELD_002,74.1,42.0,36.42,15.2,96.4,8.0,78,awake,light
2026-08-02T07:44:00Z,ELD_002,75.0,42.3,36.33,16.0,96.9,8.0,78,awake,light
2026-08-02T07:45:00Z,ELD_002,67.1,42.6,36.32,15.2,96.8,8.0,78,awake,light
2026-08-02T07:46:00Z,ELD_002,73.0,44.2,36.2,15.4,96.4,8.0,78,awake,light
2026-08-02T07:47:00Z,ELD_002,68.9,41.7,36.35,15.6,96.7,8.0,78,awake,light
2026-08-02T07:48:00Z,ELD_002,70.9,43.1,36.28,14.6,96.4,8.0,78,awake,light
2026-08-02T07:49:00Z,ELD_002,71.5,44.8,36.34,15.3,96.5,8.0,78,awake,light
2026-08-02T07:50:00Z,ELD_002,75.4,43.1,36.4,15.3,96.0,8.0,78,awake,light
2026-08-02T07:51:00Z,ELD_002,73.6,44.2,36.51,16.0,96.7,8.0,78,awake,light
2026-08-02T07:52:00Z,ELD_002,72.3,39.5,36.44,16.0,96.3,8.0,78,awake,light
2026-08-02T07:53:00Z,ELD_002,71.2,43.9,36.6,15.4,96.9,8.0,78,awake,light
2026-08-02T07:54:00Z,ELD_002,68.3,47.9,36.36,15.9,96.9,8.0,78,awake,light
2026-08-02T07:55:00Z,ELD_002,71.6,42.5,36.44,15.2,96.8,8.0,78,awake,light
2026-08-02T07:56:00Z,ELD_002,69.8,46.5,36.52,15.2,96.8,8.0,78,awake,light
2026-08-02T07:57:00Z,ELD_002,69.9,40.7,36.33,15.3,96.9,8.0,78,awake,light
2026-08-02T07:58:00Z,ELD_002,71.9,45.6,36.24,15.4,97.0,8.0,78,awake,light
2026-08-02T07:59:00Z,ELD_002,73.8,42.3,36.25,16.9,96.6,8.0,78,awake,light
2026-08-02T08:00:00Z,ELD_002,74.9,42.5,36.34,16.0,96.6,8.0,78,awake,light
2026-08-02T08:01:00Z,ELD_002,70.5,47.5,36.34,15.3,96.6,8.0,78,awake,light
2026-08-02T08:02:00Z,ELD_002,79.6,39.6,36.41,16.8,97.0,8.0,78,awake,light
2026-08-02T08:03:00Z,ELD_002,70.1,46.3,36.54,15.9,96.8,8.0,78,awake,light
2026-08-02T08:04:00Z,ELD_002,78.8,39.3,36.54,17.1,96.6,8.0,78,awake,light
2026-08-02T08:05:00Z,ELD_002,71.9,45.3,36.45,15.5,96.8,8.0,78,awake,light
2026-08-02T08:06:00Z,ELD_002,76.9,38.6,36.27,16.6,96.7,8.0,78,awake,light
2026-08-02T08:07:00Z,ELD_002,68.3,42.7,36.62,14.9,96.8,8.0,78,awake,light
2026-08-02T08:08:00Z,ELD_002,71.1,38.4,36.38,15.9,95.9,8.0,78,awake,light
2026-08-02T08:09:00Z,ELD_002,73.7,43.1,36.5,15.4,96.6,8.0,78,awake,light
2026-08-02T08:10:00Z,ELD_002,74.1,43.7,36.39,16.5,96.1,8.0,78,awake,light
2026-08-02T08:11:00Z,ELD_002,71.4,44.4,36.34,15.7,96.5,8.0,78,awake,light
2026-08-02T08:12:00Z,ELD_002,73.7,42.8,36.34,16.5,96.7,8.0,78,awake,light
2026-08-02T08:13:00Z,ELD_002,72.5,38.5,36.37,15.1,97.0,8.0,78,awake,light
2026-08-02T08:14:00Z,ELD_002,72.8,40.3,36.4,14.6,96.5,8.0,78,awake,light
2026-08-02T08:15:00Z,ELD_002,74.6,42.9,36.28,16.3,96.1,8.0,78,awake,light
2026-08-02T08:16:00Z,ELD_002,71.6,44.5,36.49,15.6,97.0,8.0,78,awake,light
2026-08-02T08:17:00Z,ELD_002,76.4,40.4,36.49,16.7,96.7,8.0,78,awake,light
2026-08-02T08:18:00Z,ELD_002,77.7,43.1,36.43,15.6,96.9,8.0,78,awake,light
2026-08-02T08:19:00Z,ELD_002,71.5,47.5,36.34,15.5,96.9,8.0,78,awake,light
2026-08-02T08:20:00Z,ELD_002,71.8,46.1,36.52,15.7,97.0,8.0,78,awake,light
2026-08-02T08:21:00Z,ELD_002,76.8,42.5,36.39,16.3,96.3,8.0,78,awake,light
2026-08-02T08:22:00Z,ELD_002,72.3,42.8,36.36,16.0,96.6,8.0,78,awake,light
2026-08-02T08:23:00Z,ELD_002,72.6,42.5,36.58,15.4,96.5,8.0,78,awake,light
2026-08-02T08:24:00Z,ELD_002,75.3,41.1,36.45,16.5,96.3,8.0,78,awake,light
2026-08-02T08:25:00Z,ELD_002,75.7,43.2,36.41,16.3,96.9,8.0,78,awake,light
2026-08-02T08:26:00Z,ELD_002,74.1,41.0,36.44,15.1,96.7,8.0,78,awake,light
2026-08-02T08:27:00Z,ELD_002,73.1,43.5,36.53,15.9,96.1,8.0,78,awake,light
2026-08-02T08:28:00Z,ELD_002,74.5,42.9,36.46,15.6,96.8,8.0,78,awake,light
2026-08-02T08:29:00Z,ELD_002,69.0,44.5,36.22,17.1,96.6,8.0,78,awake,light
2026-08-02T08:30:00Z,ELD_002,67.6,42.3,36.55,15.4,96.4,8.0,78,awake,light
2026-08-02T08:31:00Z,ELD_002,73.4,41.9,36.55,16.4,96.6,8.0,78,awake,light
2026-08-02T08:32:00Z,ELD_002,69.7,47.4,36.3,15.7,96.7,8.0,78,awake,light
2026-08-02T08:33:00Z,ELD_002,67.7,47.1,36.35,15.3,96.1,8.0,78,awake,light
2026-08-02T08:34:00Z,ELD_002,71.6,42.8,36.25,15.3,96.9,8.0,78,awake,light
2026-08-02T08:35:00Z,ELD_002,71.1,45.8,36.36,15.9,97.0,8.0,78,awake,light
2026-08-02T08:36:00Z,ELD_002,68.8,45.7,36.39,15.3,96.7,8.0,78,awake,light
2026-08-02T08:37:00Z,ELD_002,75.2,40.2,36.44,15.9,95.8,8.0,78,awake,light
2026-08-02T08:38:00Z,ELD_002,74.8,41.1,36.38,16.3,96.0,8.0,78,awake,light
2026-08-02T08:39:00Z,ELD_002,72.8,43.1,36.47,15.7,96.7,8.0,78,awake,light
2026-08-02T08:40:00Z,ELD_002,71.8,44.6,36.52,15.5,96.5,8.0,78,awake,light
2026-08-02T08:41:00Z,ELD_002,76.7,41.5,36.32,16.8,96.9,8.0,78,awake,light
2026-08-02T08:42:00Z,ELD_002,74.5,39.1,36.36,15.8,96.6,8.0,78,awake,light
2026-08-02T08:43:00Z,ELD_002,71.2,39.7,36.38,15.9,96.4,8.0,78,awake,light
2026-08-02T08:44:00Z,ELD_002,73.8,43.1,36.4,16.0,96.5,8.0,78,awake,light
2026-08-02T08:45:00Z,ELD_002,76.2,40.1,36.38,15.8,96.7,8.0,78,awake,light
2026-08-02T08:46:00Z,ELD_002,72.3,44.0,36.5,15.5,96.7,8.0,78,awake,light
2026-08-02T08:47:00Z,ELD_002,78.9,40.7,36.41,17.4,96.9,8.0,78,awake,light
2026-08-02T08:48:00Z,ELD_002,70.2,44.5,36.49,15.6,96.6,8.0,78,awake,light
2026-08-02T08:49:00Z,ELD_002,66.6,45.2,36.26,15.2,96.7,8.0,78,awake,light
2026-08-02T08:50:00Z,ELD_002,78.6,40.5,36.46,16.2,96.9,8.0,78,awake,light
2026-08-02T08:51:00Z,ELD_002,70.2,39.2,36.36,14.9,96.1,8.0,78,awake,light
2026-08-02T08:52:00Z,ELD_002,70.6,43.0,36.63,15.7,96.1,8.0,78,awake,light
2026-08-02T08:53:00Z,ELD_002,72.5,40.6,36.33,15.6,96.9,8.0,78,awake,light
2026-08-02T08:54:00Z,ELD_002,71.0,41.5,36.3,15.5,96.6,8.0,78,awake,light
2026-08-02T08:55:00Z,ELD_002,69.7,40.7,36.21,15.2,96.4,8.0,78,awake,light
2026-08-02T08:56:00Z,ELD_002,67.5,43.4,36.46,15.5,96.8,8.0,78,awake,light
2026-08-02T08:57:00Z,ELD_002,74.9,39.0,36.55,15.7,96.6,8.0,78,awake,light
2026-08-02T08:58:00Z,ELD_002,73.5,43.2,36.4,16.1,96.9,8.0,78,awake,light
2026-08-02T08:59:00Z,ELD_002,72.1,43.0,36.45,15.4,96.5,8.0,78,awake,light
2026-08-02T09:00:00Z,ELD_002,71.1,39.4,36.32,14.7,96.7,8.0,78,awake,light
2026-08-02T09:01:00Z,ELD_002,74.3,42.9,36.33,15.9,95.9,8.0,78,awake,light
2026-08-02T09:02:00Z,ELD_002,70.7,44.1,36.35,14.4,96.2,8.0,78,awake,light
2026-08-02T09:03:00Z,ELD_002,73.5,45.9,36.48,15.5,96.8,8.0,78,awake,light
2026-08-02T09:04:00Z,ELD_002,72.3,43.2,36.23,15.2,96.5,8.0,78,awake,light
2026-08-02T09:05:00Z,ELD_002,73.7,41.9,36.4,16.4,96.5,8.0,78,awake,light
2026-08-02T09:06:00Z,ELD_002,70.0,43.7,36.44,15.1,96.9,8.0,78,awake,light
2026-08-02T09:07:00Z,ELD_002,69.0,40.5,36.52,14.8,97.0,8.0,78,awake,light
2026-08-02T09:08:00Z,ELD_002,71.1,41.7,36.36,16.7,96.4,8.0,78,awake,light
2026-08-02T09:09:00Z,ELD_002,71.2,44.3,36.31,15.8,97.0,8.0,78,awake,light
2026-08-02T09:10:00Z,ELD_002,68.2,46.8,36.39,15.4,96.7,8.0,78,awake,light
2026-08-02T09:11:00Z,ELD_002,70.4,44.2,36.28,16.3,96.9,8.0,78,awake,light
2026-08-02T09:12:00Z,ELD_002,74.6,41.2,36.39,15.4,96.5,8.0,78,awake,light
2026-08-02T09:13:00Z,ELD_002,69.8,40.8,36.44,15.3,96.9,8.0,78,awake,light
2026-08-02T09:14:00Z,ELD_002,74.0,43.4,36.27,16.4,96.7,8.0,78,awake,light
2026-08-02T09:15:00Z,ELD_002,69.5,41.8,36.44,15.5,96.2,8.0,78,awake,light
2026-08-02T09:16:00Z,ELD_002,75.1,42.2,36.46,16.3,96.1,8.0,78,awake,light
2026-08-02T09:17:00Z,ELD_002,68.7,47.2,36.36,15.5,96.3,8.0,78,awake,light
2026-08-02T09:18:00Z,ELD_002,74.9,41.1,36.38,15.6,96.6,8.0,78,awake,light
2026-08-02T09:19:00Z,ELD_002,73.0,41.6,36.32,15.7,96.0,8.0,78,awake,light
2026-08-02T09:20:00Z,ELD_002,71.5,39.4,36.42,15.8,96.7,8.0,78,awake,light
2026-08-02T09:21:00Z,ELD_002,71.4,46.9,36.6,15.6,96.9,8.0,78,awake,light
2026-08-02T09:22:00Z,ELD_002,72.6,42.1,36.46,15.9,96.4,8.0,78,awake,light
2026-08-02T09:23:00Z,ELD_002,71.8,47.3,36.45,15.7,96.8,8.0,78,awake,light
2026-08-02T09:24:00Z,ELD_002,73.3,41.8,36.28,15.6,96.8,8.0,78,awake,light
2026-08-02T09:25:00Z,ELD_002,73.3,42.5,36.2,15.8,96.0,8.0,78,awake,light
2026-08-02T09:26:00Z,ELD_002,67.4,43.4,36.41,14.7,96.6,8.0,78,awake,light
2026-08-02T09:27:00Z,ELD_002,72.8,41.6,36.45,15.1,96.1,8.0,78,awake,light
2026-08-02T09:28:00Z,ELD_002,69.2,45.0,36.44,16.0,96.5,8.0,78,awake,light
2026-08-02T09:29:00Z,ELD_002,70.9,46.8,36.22,14.8,96.1,8.0,78,awake,light
2026-08-02T09:30:00Z,ELD_002,73.2,44.4,36.24,16.4,96.8,8.0,78,awake,light
2026-08-02T09:31:00Z,ELD_002,73.0,41.6,36.32,15.9,96.4,8.0,78,awake,light
2026-08-02T09:32:00Z,ELD_002,69.0,46.0,36.53,15.8,96.5,8.0,78,awake,light
2026-08-02T09:33:00Z,ELD_002,72.5,42.2,36.47,16.1,96.9,8.0,78,awake,light
2026-08-02T09:34:00Z,ELD_002,69.6,43.7,36.42,15.1,96.4,8.0,78,awake,light
2026-08-02T09:35:00Z,ELD_002,64.9,50.1,36.48,15.0,96.7,8.0,78,awake,light
2026-08-02T09:36:00Z,ELD_002,72.1,44.6,36.43,16.5,96.4,8.0,78,awake,light
2026-08-02T09:37:00Z,ELD_002,72.3,41.7,36.3,15.6,96.1,8.0,78,awake,light
2026-08-02T09:38:00Z,ELD_002,74.4,39.6,36.36,15.8,96.5,8.0,78,awake,light
2026-08-02T09:39:00Z,ELD_002,70.2,43.8,36.37,15.2,96.5,8.0,78,awake,light
2026-08-02T09:40:00Z,ELD_002,76.8,43.4,36.41,15.8,96.4,8.0,78,awake,light
2026-08-02T09:41:00Z,ELD_002,73.1,40.1,36.49,15.8,96.9,8.0,78,awake,light
2026-08-02T09:42:00Z,ELD_002,69.5,44.8,36.45,15.0,96.5,8.0,78,awake,light
2026-08-02T09:43:00Z,ELD_002,69.4,40.9,36.19,15.2,96.9,8.0,78,awake,light
2026-08-02T09:44:00Z,ELD_002,69.6,43.0,36.34,14.9,96.3,8.0,78,awake,light
2026-08-02T09:45:00Z,ELD_002,71.6,42.8,36.4,15.8,96.3,8.0,78,awake,light
2026-08-02T09:46:00Z,ELD_002,66.1,48.5,36.26,14.8,96.5,8.0,78,awake,light
2026-08-02T09:47:00Z,ELD_002,76.3,41.1,36.39,16.8,96.7,8.0,78,awake,light
2026-08-02T09:48:00Z,ELD_002,73.0,40.1,36.37,15.1,96.8,8.0,78,awake,light
2026-08-02T09:49:00Z,ELD_002,71.4,45.0,36.38,15.8,96.9,8.0,78,awake,light
2026-08-02T09:50:00Z,ELD_002,66.9,42.8,36.33,15.0,96.4,8.0,78,awake,light
2026-08-02T09:51:00Z,ELD_002,68.4,41.2,36.31,15.4,96.6,8.0,78,awake,light
2026-08-02T09:52:00Z,ELD_002,70.4,42.4,36.38,16.3,96.7,8.0,78,awake,light
2026-08-02T09:53:00Z,ELD_002,76.1,41.9,36.18,16.0,96.9,8.0,78,awake,light
2026-08-02T09:54:00Z,ELD_002,69.8,44.5,36.28,15.3,96.5,8.0,78,awake,light
2026-08-02T09:55:00Z,ELD_002,71.4,38.9,36.4,16.0,96.6,8.0,78,awake,light
2026-08-02T09:56:00Z,ELD_002,73.6,44.0,36.41,15.6,96.9,8.0,78,awake,light
2026-08-02T09:57:00Z,ELD_002,68.5,47.3,36.38,16.0,96.9,8.0,78,awake,light
2026-08-02T09:58:00Z,ELD_002,69.2,42.9,36.25,15.3,96.6,8.0,78,awake,light
2026-08-02T09:59:00Z,ELD_002,71.8,39.8,36.4,15.6,96.4,8.0,78,awake,light
2026-08-02T10:00:00Z,ELD_002,73.6,40.6,36.35,15.9,96.8,8.0,78,awake,light
2026-08-02T10:01:00Z,ELD_002,68.7,43.3,36.47,15.0,97.0,8.0,78,awake,light
2026-08-02T10:02:00Z,ELD_002,67.0,43.0,36.48,15.3,96.9,8.0,78,awake,light
2026-08-02T10:03:00Z,ELD_002,70.6,44.4,36.3,15.8,96.8,8.0,78,awake,light
2026-08-02T10:04:00Z,ELD_002,72.2,42.1,36.27,15.5,97.0,8.0,78,awake,light
2026-08-02T10:05:00Z,ELD_002,68.7,42.8,36.5,14.4,96.5,8.0,78,awake,light
2026-08-02T10:06:00Z,ELD_002,67.4,46.4,36.42,14.8,96.4,8.0,78,awake,light
2026-08-02T10:07:00Z,ELD_002,69.5,43.5,36.27,16.0,96.6,8.0,78,awake,light
2026-08-02T10:08:00Z,ELD_002,69.5,44.3,36.36,15.2,96.8,8.0,78,awake,light
2026-08-02T10:09:00Z,ELD_002,66.0,44.0,36.39,15.5,96.2,8.0,78,awake,light
2026-08-02T10:10:00Z,ELD_002,71.2,44.0,36.27,16.5,96.7,8.0,78,awake,light
2026-08-02T10:11:00Z,ELD_002,68.5,44.4,36.28,15.4,96.3,8.0,78,awake,light
2026-08-02T10:12:00Z,ELD_002,64.4,45.9,36.23,15.2,96.5,8.0,78,awake,light
2026-08-02T10:13:00Z,ELD_002,67.5,44.4,36.54,15.9,96.9,8.0,78,awake,light
2026-08-02T10:14:00Z,ELD_002,69.7,40.7,36.33,15.1,96.1,8.0,78,awake,light
2026-08-02T10:15:00Z,ELD_002,72.5,46.0,36.39,15.5,96.7,8.0,78,awake,light
2026-08-02T10:16:00Z,ELD_002,65.7,45.8,36.46,15.3,96.6,8.0,78,awake,light
2026-08-02T10:17:00Z,ELD_002,67.6,46.4,36.34,16.1,96.6,8.0,78,awake,light
2026-08-02T10:18:00Z,ELD_002,69.2,42.4,36.35,15.8,96.2,8.0,78,awake,light
2026-08-02T10:19:00Z,ELD_002,70.1,40.4,36.37,15.5,96.8,8.0,78,awake,light
2026-08-02T10:20:00Z,ELD_002,60.9,45.6,36.39,14.3,96.7,8.0,78,awake,light
2026-08-02T10:21:00Z,ELD_002,71.6,40.0,36.34,15.2,96.4,8.0,78,awake,light
2026-08-02T10:22:00Z,ELD_002,72.9,43.1,36.59,15.2,96.9,8.0,78,awake,light
2026-08-02T10:23:00Z,ELD_002,69.5,42.6,36.28,14.3,97.0,8.0,78,awake,light
2026-08-02T10:24:00Z,ELD_002,72.0,46.2,36.31,15.7,96.2,8.0,78,awake,light
2026-08-02T10:25:00Z,ELD_002,71.1,44.4,36.48,16.3,96.6,8.0,78,awake,light
2026-08-02T10:26:00Z,ELD_002,69.1,42.2,36.33,15.3,96.6,8.0,78,awake,light
2026-08-02T10:27:00Z,ELD_002,73.3,41.7,36.43,16.5,96.7,8.0,78,awake,light
2026-08-02T10:28:00Z,ELD_002,66.8,46.6,36.53,14.6,96.4,8.0,78,awake,light
2026-08-02T10:29:00Z,ELD_002,71.0,44.4,36.44,15.5,96.1,8.0,78,awake,light
2026-08-02T10:30:00Z,ELD_002,72.5,45.9,36.49,15.0,96.8,8.0,78,awake,light
2026-08-02T10:31:00Z,ELD_002,67.6,45.2,36.35,15.2,96.9,8.0,78,awake,light
2026-08-02T10:32:00Z,ELD_002,69.2,45.9,36.46,14.7,96.3,8.0,78,awake,light
2026-08-02T10:33:00Z,ELD_002,70.2,43.7,36.42,15.3,96.2,8.0,78,awake,light
2026-08-02T10:34:00Z,ELD_002,67.7,42.8,36.45,14.5,96.7,8.0,78,awake,light
2026-08-02T10:35:00Z,ELD_002,65.0,47.6,36.52,14.4,96.6,8.0,78,awake,light
2026-08-02T10:36:00Z,ELD_002,68.5,44.0,36.41,15.1,96.4,8.0,78,awake,light
2026-08-02T10:37:00Z,ELD_002,70.1,46.4,36.58,16.4,96.8,8.0,78,awake,light
2026-08-02T10:38:00Z,ELD_002,66.8,43.6,36.53,15.1,96.2,8.0,78,awake,light
2026-08-02T10:39:00Z,ELD_002,70.3,44.5,36.41,15.3,96.7,8.0,78,awake,light
2026-08-02T10:40:00Z,ELD_002,69.0,49.2,36.33,15.4,96.9,8.0,78,awake,light
2026-08-02T10:41:00Z,ELD_002,70.7,45.6,36.42,16.2,96.6,8.0,78,awake,light
2026-08-02T10:42:00Z,ELD_002,74.5,41.5,36.41,15.7,95.5,8.0,78,awake,light
2026-08-02T10:43:00Z,ELD_002,70.1,42.8,36.41,15.5,96.8,8.0,78,awake,light
2026-08-02T10:44:00Z,ELD_002,65.4,46.8,36.47,15.5,96.1,8.0,78,awake,light
2026-08-02T10:45:00Z,ELD_002,72.2,42.6,36.49,15.6,96.3,8.0,78,awake,light
2026-08-02T10:46:00Z,ELD_002,71.0,44.3,36.4,14.6,96.6,8.0,78,awake,light
2026-08-02T10:47:00Z,ELD_002,62.9,46.2,36.3,14.6,96.8,8.0,78,awake,light
2026-08-02T10:48:00Z,ELD_002,67.7,43.0,36.33,15.2,96.1,8.0,78,awake,light
2026-08-02T10:49:00Z,ELD_002,64.1,50.1,36.37,14.6,96.2,8.0,78,awake,light
2026-08-02T10:50:00Z,ELD_002,67.0,41.7,36.5,16.0,96.6,8.0,78,awake,light
2026-08-02T10:51:00Z,ELD_002,64.6,43.5,36.47,14.9,96.5,8.0,78,awake,light
2026-08-02T10:52:00Z,ELD_002,68.1,42.9,36.39,14.6,96.8,8.0,78,awake,light
2026-08-02T10:53:00Z,ELD_002,64.2,46.2,36.63,14.9,95.6,8.0,78,awake,light
2026-08-02T10:54:00Z,ELD_002,62.6,44.8,36.54,15.4,96.6,8.0,78,awake,light
2026-08-02T10:55:00Z,ELD_002,71.0,41.2,36.19,15.6,96.6,8.0,78,awake,light
2026-08-02T10:56:00Z,ELD_002,65.4,45.5,36.36,15.0,96.6,8.0,78,awake,light
2026-08-02T10:57:00Z,ELD_002,68.3,43.2,36.48,15.3,96.8,8.0,78,awake,light
2026-08-02T10:58:00Z,ELD_002,67.0,42.1,36.46,15.7,96.7,8.0,78,awake,light
2026-08-02T10:59:00Z,ELD_002,69.2,43.0,36.37,15.5,96.7,8.0,78,awake,light
2026-08-02T11:00:00Z,ELD_002,66.1,45.3,36.38,14.5,96.0,8.0,78,awake,light
2026-08-02T11:01:00Z,ELD_002,68.8,43.0,36.54,15.8,96.5,8.0,78,awake,light
2026-08-02T11:02:00Z,ELD_002,65.3,45.5,36.41,14.3,96.3,8.0,78,awake,light
2026-08-02T11:03:00Z,ELD_002,68.7,39.6,36.45,15.3,96.7,8.0,78,awake,light
2026-08-02T11:04:00Z,ELD_002,66.9,43.4,36.49,15.4,96.3,8.0,78,awake,light
2026-08-02T11:05:00Z,ELD_002,66.9,41.9,36.38,14.3,97.0,8.0,78,awake,light
2026-08-02T11:06:00Z,ELD_002,69.8,43.0,36.45,15.3,96.4,8.0,78,awake,light
2026-08-02T11:07:00Z,ELD_002,68.0,47.1,36.43,14.4,96.5,8.0,78,awake,light
2026-08-02T11:08:00Z,ELD_002,68.0,48.9,36.32,15.7,96.2,8.0,78,awake,light
2026-08-02T11:09:00Z,ELD_002,67.0,45.3,36.26,15.0,96.6,8.0,78,awake,light
2026-08-02T11:10:00Z,ELD_002,67.9,45.2,36.4,14.1,96.8,8.0,78,awake,light
2026-08-02T11:11:00Z,ELD_002,67.0,45.2,36.3,14.9,96.2,8.0,78,awake,light
2026-08-02T11:12:00Z,ELD_002,65.2,43.9,36.28,14.1,96.2,8.0,78,awake,light
2026-08-02T11:13:00Z,ELD_002,67.1,45.4,36.49,15.3,96.7,8.0,78,awake,light
2026-08-02T11:14:00Z,ELD_002,69.3,40.1,36.19,15.5,96.6,8.0,78,awake,light
2026-08-02T11:15:00Z,ELD_002,63.2,43.6,36.29,15.4,96.6,8.0,78,awake,light
2026-08-02T11:16:00Z,ELD_002,65.6,43.0,36.37,15.0,96.1,8.0,78,awake,light
2026-08-02T11:17:00Z,ELD_002,69.8,41.7,36.28,15.8,96.9,8.0,78,awake,light
2026-08-02T11:18:00Z,ELD_002,70.8,43.0,36.32,15.5,96.3,8.0,78,awake,light
2026-08-02T11:19:00Z,ELD_002,67.6,39.8,36.42,15.6,96.4,8.0,78,awake,light
2026-08-02T11:20:00Z,ELD_002,66.2,41.0,36.34,15.5,96.8,8.0,78,awake,light
2026-08-02T11:21:00Z,ELD_002,69.3,42.6,36.46,15.2,96.5,8.0,78,awake,light
2026-08-02T11:22:00Z,ELD_002,69.6,40.5,36.46,15.2,96.9,8.0,78,awake,light
2026-08-02T11:23:00Z,ELD_002,65.1,43.7,36.4,14.0,96.7,8.0,78,awake,light
2026-08-02T11:24:00Z,ELD_002,64.3,44.8,36.32,15.0,97.0,8.0,78,awake,light
2026-08-02T11:25:00Z,ELD_002,65.1,38.9,36.49,15.1,96.9,8.0,78,awake,light
2026-08-02T11:26:00Z,ELD_002,67.6,41.4,36.22,15.3,96.8,8.0,78,awake,light
2026-08-02T11:27:00Z,ELD_002,64.7,44.6,36.46,15.4,96.6,8.0,78,awake,light
2026-08-02T11:28:00Z,ELD_002,71.4,44.9,36.39,15.3,96.9,8.0,78,awake,light
2026-08-02T11:29:00Z,ELD_002,68.1,45.0,36.37,16.7,96.4,8.0,78,awake,light
2026-08-02T11:30:00Z,ELD_002,66.7,44.0,36.36,15.1,96.8,8.0,78,awake,light
2026-08-02T11:31:00Z,ELD_002,61.2,45.1,36.35,14.8,96.6,8.0,78,awake,light
2026-08-02T11:32:00Z,ELD_002,65.2,44.6,36.41,15.2,96.9,8.0,78,awake,light
2026-08-02T11:33:00Z,ELD_002,62.1,48.5,36.32,14.3,97.0,8.0,78,awake,light
2026-08-02T11:34:00Z,ELD_002,69.4,43.5,36.43,15.0,96.8,8.0,78,awake,light
2026-08-02T11:35:00Z,ELD_002,67.5,43.6,36.38,15.3,96.3,8.0,78,awake,light
2026-08-02T11:36:00Z,ELD_002,62.6,44.5,36.33,14.3,96.9,8.0,78,awake,light
2026-08-02T11:37:00Z,ELD_002,66.7,43.6,36.52,15.3,96.9,8.0,78,awake,light
2026-08-02T11:38:00Z,ELD_002,67.9,45.0,36.25,15.5,96.8,8.0,78,awake,light
2026-08-02T11:39:00Z,ELD_002,63.5,45.4,36.53,15.4,96.7,8.0,78,awake,light
2026-08-02T11:40:00Z,ELD_002,67.8,42.2,36.53,14.9,96.7,8.0,78,awake,light
2026-08-02T11:41:00Z,ELD_002,68.6,42.4,36.42,15.2,96.3,8.0,78,awake,light
2026-08-02T11:42:00Z,ELD_002,63.5,43.2,36.51,15.0,96.6,8.0,78,awake,light
2026-08-02T11:43:00Z,ELD_002,68.7,45.8,36.19,15.5,96.4,8.0,78,awake,light
2026-08-02T11:44:00Z,ELD_002,64.0,43.9,36.6,15.6,96.9,8.0,78,awake,light
2026-08-02T11:45:00Z,ELD_002,67.7,46.5,36.45,15.1,96.2,8.0,78,awake,light
2026-08-02T11:46:00Z,ELD_002,61.3,46.0,36.37,14.3,95.9,8.0,78,awake,light
2026-08-02T11:47:00Z,ELD_002,64.4,44.3,36.47,14.3,96.7,8.0,78,awake,light
2026-08-02T11:48:00Z,ELD_002,67.9,42.6,36.4,14.6,96.6,8.0,78,awake,light
2026-08-02T11:49:00Z,ELD_002,58.4,45.0,36.45,13.1,96.8,8.0,78,awake,light
2026-08-02T11:50:00Z,ELD_002,67.0,40.0,36.43,15.5,96.6,8.0,78,awake,light
2026-08-02T11:51:00Z,ELD_002,72.6,41.4,36.17,16.0,96.6,8.0,78,awake,light
2026-08-02T11:52:00Z,ELD_002,63.3,43.9,36.33,14.2,96.5,8.0,78,awake,light
2026-08-02T11:53:00Z,ELD_002,61.3,45.2,36.36,14.6,95.7,8.0,78,awake,light
2026-08-02T11:54:00Z,ELD_002,67.4,43.6,36.38,15.3,96.7,8.0,78,awake,light
2026-08-02T11:55:00Z,ELD_002,66.1,43.2,36.46,14.0,96.9,8.0,78,awake,light
2026-08-02T11:56:00Z,ELD_002,63.7,48.2,36.32,13.8,96.5,8.0,78,awake,light
2026-08-02T11:57:00Z,ELD_002,66.6,43.3,36.26,14.5,97.0,8.0,78,awake,light
2026-08-02T11:58:00Z,ELD_002,72.2,42.8,36.47,15.7,96.1,8.0,78,awake,light
2026-08-02T11:59:00Z,ELD_002,68.0,44.2,36.32,15.3,96.3,8.0,78,awake,light
2026-08-02T12:00:00Z,ELD_002,70.4,44.6,36.62,15.8,96.9,8.0,78,awake,light
2026-08-02T12:01:00Z,ELD_002,63.2,46.9,36.47,14.9,95.9,8.0,78,awake,light
2026-08-02T12:02:00Z,ELD_002,58.1,40.5,36.32,14.1,96.4,8.0,78,awake,light
2026-08-02T12:03:00Z,ELD_002,65.3,45.7,36.39,14.3,96.7,8.0,78,awake,light
2026-08-02T12:04:00Z,ELD_002,64.7,46.3,36.58,15.6,95.6,8.0,78,awake,light
2026-08-02T12:05:00Z,ELD_002,65.1,42.7,36.46,14.8,96.9,8.0,78,awake,light
2026-08-02T12:06:00Z,ELD_002,66.5,39.9,36.37,14.8,96.0,8.0,78,awake,light
2026-08-02T12:07:00Z,ELD_002,70.2,41.9,36.45,14.9,96.6,8.0,78,awake,light
2026-08-02T12:08:00Z,ELD_002,65.5,44.9,36.38,15.3,96.6,8.0,78,awake,light
2026-08-02T12:09:00Z,ELD_002,66.7,41.7,36.44,15.5,96.2,8.0,78,awake,light
2026-08-02T12:10:00Z,ELD_002,66.3,45.5,36.44,14.7,96.9,8.0,78,awake,light
2026-08-02T12:11:00Z,ELD_002,65.4,45.8,36.45,15.5,97.0,8.0,78,awake,light
2026-08-02T12:12:00Z,ELD_002,65.8,43.9,36.57,15.7,96.8,8.0,78,awake,light
2026-08-02T12:13:00Z,ELD_002,61.0,47.3,36.3,14.4,96.7,8.0,78,awake,light
2026-08-02T12:14:00Z,ELD_002,63.5,45.2,36.42,15.5,96.8,8.0,78,awake,light
2026-08-02T12:15:00Z,ELD_002,67.2,43.0,36.36,14.1,96.8,8.0,78,awake,light
2026-08-02T12:16:00Z,ELD_002,64.4,43.1,36.32,15.0,96.7,8.0,78,awake,light
2026-08-02T12:17:00Z,ELD_002,63.6,43.0,36.29,14.0,96.9,8.0,78,awake,light
2026-08-02T12:18:00Z,ELD_002,59.7,45.8,36.47,14.3,97.0,8.0,78,awake,light
2026-08-02T12:19:00Z,ELD_002,63.8,48.0,36.51,14.8,96.9,8.0,78,awake,light
2026-08-02T12:20:00Z,ELD_002,64.2,46.6,36.54,14.7,96.0,8.0,78,awake,light
2026-08-02T12:21:00Z,ELD_002,69.3,42.1,36.36,14.7,96.5,8.0,78,awake,light
2026-08-02T12:22:00Z,ELD_002,66.3,48.7,36.4,15.3,96.9,8.0,78,awake,light
2026-08-02T12:23:00Z,ELD_002,65.6,44.3,36.52,15.9,96.2,8.0,78,awake,light
2026-08-02T12:24:00Z,ELD_002,56.7,47.6,36.47,14.4,96.4,8.0,78,awake,light
2026-08-02T12:25:00Z,ELD_002,65.6,43.8,36.32,14.8,96.9,8.0,78,awake,light
2026-08-02T12:26:00Z,ELD_002,55.6,49.1,36.23,13.6,96.9,8.0,78,awake,light
2026-08-02T12:27:00Z,ELD_002,58.9,43.2,36.31,13.9,96.9,8.0,78,awake,light
2026-08-02T12:28:00Z,ELD_002,65.1,43.5,36.49,15.1,97.0,8.0,78,awake,light
2026-08-02T12:29:00Z,ELD_002,62.7,44.7,36.28,16.3,96.6,8.0,78,awake,light
2026-08-02T12:30:00Z,ELD_002,63.2,42.4,36.44,15.2,96.8,8.0,78,awake,light
2026-08-02T12:31:00Z,ELD_002,63.5,43.5,36.23,15.2,96.7,8.0,78,awake,light
2026-08-02T12:32:00Z,ELD_002,66.8,44.1,36.4,14.6,96.8,8.0,78,awake,light
2026-08-02T12:33:00Z,ELD_002,67.1,42.7,36.36,15.4,96.6,8.0,78,awake,light
2026-08-02T12:34:00Z,ELD_002,64.9,46.6,36.21,14.6,96.3,8.0,78,awake,light
2026-08-02T12:35:00Z,ELD_002,59.5,46.3,36.33,14.3,96.8,8.0,78,awake,light
2026-08-02T12:36:00Z,ELD_002,60.7,43.2,36.32,14.3,95.8,8.0,78,awake,light
2026-08-02T12:37:00Z,ELD_002,66.9,45.5,36.25,15.5,96.9,8.0,78,awake,light
2026-08-02T12:38:00Z,ELD_002,65.1,42.2,36.35,13.9,96.9,8.0,78,awake,light
2026-08-02T12:39:00Z,ELD_002,61.3,48.3,36.48,13.5,95.9,8.0,78,awake,light
2026-08-02T12:40:00Z,ELD_002,62.7,47.5,36.25,15.6,96.6,8.0,78,awake,light
2026-08-02T12:41:00Z,ELD_002,62.0,46.9,36.41,14.9,96.8,8.0,78,awake,light
2026-08-02T12:42:00Z,ELD_002,67.0,44.7,36.35,15.0,97.0,8.0,78,awake,light
2026-08-02T12:43:00Z,ELD_002,62.0,42.7,36.45,14.7,97.0,8.0,78,awake,light
2026-08-02T12:44:00Z,ELD_002,66.7,47.7,36.53,15.0,96.9,8.0,78,awake,light
2026-08-02T12:45:00Z,ELD_002,64.6,46.6,36.53,14.5,96.7,8.0,78,awake,light
2026-08-02T12:46:00Z,ELD_002,60.0,48.3,36.43,14.5,96.9,8.0,78,awake,light
2026-08-02T12:47:00Z,ELD_002,64.2,44.1,36.42,13.8,96.5,8.0,78,awake,light
2026-08-02T12:48:00Z,ELD_002,69.2,46.3,36.47,16.0,96.8,8.0,78,awake,light
2026-08-02T12:49:00Z,ELD_002,58.9,48.4,36.44,14.3,96.7,8.0,78,awake,light
2026-08-02T12:50:00Z,ELD_002,57.5,50.9,36.47,13.8,95.9,8.0,78,awake,light
2026-08-02T12:51:00Z,ELD_002,70.9,43.7,36.18,15.7,96.5,8.0,78,awake,light
2026-08-02T12:52:00Z,ELD_002,64.8,47.7,36.58,15.1,96.5,8.0,78,awake,light
2026-08-02T12:53:00Z,ELD_002,68.4,41.8,36.19,15.6,96.8,8.0,78,awake,light
2026-08-02T12:54:00Z,ELD_002,62.3,47.9,36.06,14.2,95.8,8.0,78,awake,light
2026-08-02T12:55:00Z,ELD_002,61.4,44.3,36.4,15.2,96.6,8.0,78,awake,light
2026-08-02T12:56:00Z,ELD_002,59.9,49.8,36.46,14.9,96.9,8.0,78,awake,light
2026-08-02T12:57:00Z,ELD_002,62.9,44.2,36.45,15.3,96.9,8.0,78,awake,light
2026-08-02T12:58:00Z,ELD_002,58.0,47.0,36.47,14.4,97.0,8.0,78,awake,light
2026-08-02T12:59:00Z,ELD_002,61.5,46.3,36.48,13.9,96.8,8.0,78,awake,light
2026-08-02T13:00:00Z,ELD_002,68.3,46.0,36.46,15.5,96.4,8.0,78,awake,light
2026-08-02T13:01:00Z,ELD_002,59.4,43.7,36.37,14.3,96.9,8.0,78,awake,light
2026-08-02T13:02:00Z,ELD_002,59.0,48.9,36.21,14.5,96.5,8.0,78,awake,light
2026-08-02T13:03:00Z,ELD_002,60.1,44.8,36.42,13.7,96.8,8.0,78,awake,light
2026-08-02T13:04:00Z,ELD_002,61.5,41.6,36.31,15.5,96.7,8.0,78,awake,light
2026-08-02T13:05:00Z,ELD_002,59.2,49.1,36.46,14.9,96.9,8.0,78,awake,light
2026-08-02T13:06:00Z,ELD_002,63.5,45.6,36.41,14.4,96.2,8.0,78,awake,light
2026-08-02T13:07:00Z,ELD_002,56.9,46.8,36.31,14.1,95.7,8.0,78,awake,light
2026-08-02T13:08:00Z,ELD_002,61.4,48.3,36.29,14.6,96.8,8.0,78,awake,light
2026-08-02T13:09:00Z,ELD_002,64.7,44.3,36.54,15.0,96.4,8.0,78,awake,light
2026-08-02T13:10:00Z,ELD_002,61.9,43.1,36.5,14.3,96.1,8.0,78,awake,light
2026-08-02T13:11:00Z,ELD_002,64.6,46.6,36.44,15.0,96.7,8.0,78,awake,light
2026-08-02T13:12:00Z,ELD_002,59.5,52.9,36.33,14.3,96.9,8.0,78,awake,light
2026-08-02T13:13:00Z,ELD_002,57.8,47.2,36.43,14.6,96.8,8.0,78,awake,light
2026-08-02T13:14:00Z,ELD_002,62.4,45.5,36.32,14.4,96.6,8.0,78,awake,light
2026-08-02T13:15:00Z,ELD_002,58.4,47.1,36.43,15.6,96.5,8.0,78,awake,light
2026-08-02T13:16:00Z,ELD_002,61.5,48.9,36.34,14.2,96.8,8.0,78,awake,light
2026-08-02T13:17:00Z,ELD_002,65.0,43.2,36.41,14.9,95.9,8.0,78,awake,light
2026-08-02T13:18:00Z,ELD_002,64.7,47.4,36.66,15.6,96.3,8.0,78,awake,light
2026-08-02T13:19:00Z,ELD_002,63.8,40.5,36.42,15.3,96.0,8.0,78,awake,light
2026-08-02T13:20:00Z,ELD_002,60.8,47.8,36.51,14.7,96.4,8.0,78,awake,light
2026-08-02T13:21:00Z,ELD_002,60.9,42.2,36.48,13.9,96.7,8.0,78,awake,light
2026-08-02T13:22:00Z,ELD_002,68.5,44.2,36.42,15.2,96.3,8.0,78,awake,light
2026-08-02T13:23:00Z,ELD_002,62.8,47.3,36.41,15.3,96.8,8.0,78,awake,light
2026-08-02T13:24:00Z,ELD_002,57.6,44.1,36.22,13.8,96.5,8.0,78,awake,light
2026-08-02T13:25:00Z,ELD_002,62.5,47.4,36.57,15.1,96.1,8.0,78,awake,light
2026-08-02T13:26:00Z,ELD_002,65.6,48.2,36.43,14.6,97.0,8.0,78,awake,light
2026-08-02T13:27:00Z,ELD_002,58.9,42.9,36.34,14.0,97.0,8.0,78,awake,light
2026-08-02T13:28:00Z,ELD_002,68.2,43.6,36.45,15.1,96.9,8.0,78,awake,light
2026-08-02T13:29:00Z,ELD_002,62.0,42.5,36.43,15.3,96.4,8.0,78,awake,light
2026-08-02T13:30:00Z,ELD_002,59.3,44.5,36.29,14.7,96.2,8.0,78,awake,light
2026-08-02T13:31:00Z,ELD_002,59.2,46.1,36.54,14.0,96.4,8.0,78,awake,light
2026-08-02T13:32:00Z,ELD_002,59.2,45.7,36.5,15.3,96.7,8.0,78,awake,light
2026-08-02T13:33:00Z,ELD_002,63.0,43.9,36.59,14.8,96.8,8.0,78,awake,light
2026-08-02T13:34:00Z,ELD_002,58.1,48.2,36.43,13.8,96.6,8.0,78,awake,light
2026-08-02T13:35:00Z,ELD_002,57.6,45.2,36.42,14.0,96.8,8.0,78,awake,light
2026-08-02T13:36:00Z,ELD_002,64.9,43.9,36.41,14.0,96.8,8.0,78,awake,light
2026-08-02T13:37:00Z,ELD_002,62.0,44.9,36.41,14.9,96.7,8.0,78,awake,light
2026-08-02T13:38:00Z,ELD_002,58.8,48.2,36.65,13.9,96.1,8.0,78,awake,light
2026-08-02T13:39:00Z,ELD_002,62.1,48.5,36.28,14.2,96.2,8.0,78,awake,light
2026-08-02T13:40:00Z,ELD_002,58.9,47.5,36.32,13.0,96.9,8.0,78,awake,light
2026-08-02T13:41:00Z,ELD_002,62.4,50.0,36.36,14.0,97.0,8.0,78,awake,light
2026-08-02T13:42:00Z,ELD_002,61.4,43.9,36.19,13.8,96.5,8.0,78,awake,light
2026-08-02T13:43:00Z,ELD_002,59.7,49.2,36.34,14.0,96.6,8.0,78,awake,light
2026-08-02T13:44:00Z,ELD_002,64.3,44.5,36.5,15.2,97.0,8.0,78,awake,light
2026-08-02T13:45:00Z,ELD_002,59.1,46.3,36.49,15.2,97.0,8.0,78,awake,light
2026-08-02T13:46:00Z,ELD_002,59.0,43.7,36.47,14.6,96.0,8.0,78,awake,light
2026-08-02T13:47:00Z,ELD_002,60.7,45.4,36.5,14.0,96.9,8.0,78,awake,light
2026-08-02T13:48:00Z,ELD_002,65.7,43.3,36.43,15.2,96.4,8.0,78,awake,light
2026-08-02T13:49:00Z,ELD_002,62.5,47.5,36.42,14.4,96.9,8.0,78,awake,light
2026-08-02T13:50:00Z,ELD_002,59.4,47.9,36.58,14.8,96.2,8.0,78,awake,light
2026-08-02T13:51:00Z,ELD_002,59.9,49.9,36.56,14.6,96.4,8.0,78,awake,light
2026-08-02T13:52:00Z,ELD_002,62.1,49.4,36.43,14.9,96.8,8.0,78,awake,light
2026-08-02T13:53:00Z,ELD_002,60.6,47.7,36.39,14.1,96.8,8.0,78,awake,light
2026-08-02T13:54:00Z,ELD_002,52.6,47.5,36.2,13.9,97.0,8.0,78,awake,light
2026-08-02T13:55:00Z,ELD_002,58.5,49.4,36.34,14.9,96.3,8.0,78,awake,light
2026-08-02T13:56:00Z,ELD_002,58.5,40.5,36.46,13.9,96.8,8.0,78,awake,light
2026-08-02T13:57:00Z,ELD_002,58.5,49.5,36.32,15.1,96.9,8.0,78,awake,light
2026-08-02T13:58:00Z,ELD_002,62.7,42.6,36.44,16.6,96.0,8.0,78,awake,light
2026-08-02T13:59:00Z,ELD_002,57.9,44.3,36.29,14.3,96.8,8.0,78,awake,light
2026-08-02T14:00:00Z,ELD_002,62.4,46.6,36.33,14.1,96.8,8.0,78,awake,light
2026-08-02T14:01:00Z,ELD_002,56.0,44.1,36.54,14.2,96.9,8.0,78,awake,light
2026-08-02T14:02:00Z,ELD_002,63.5,46.1,36.52,14.7,96.7,8.0,78,awake,light
2026-08-02T14:03:00Z,ELD_002,66.2,46.6,36.45,14.9,96.2,8.0,78,awake,light
2026-08-02T14:04:00Z,ELD_002,60.2,46.9,36.39,13.9,96.7,8.0,78,awake,light
2026-08-02T14:05:00Z,ELD_002,59.3,48.2,36.23,13.6,96.9,8.0,78,awake,light
2026-08-02T14:06:00Z,ELD_002,59.7,44.6,36.42,14.1,97.0,8.0,78,awake,light
2026-08-02T14:07:00Z,ELD_002,60.3,47.7,36.41,14.6,96.5,8.0,78,awake,light
2026-08-02T14:08:00Z,ELD_002,59.5,47.8,36.26,14.6,97.0,8.0,78,awake,light
2026-08-02T14:09:00Z,ELD_002,56.6,48.3,36.44,13.7,96.8,8.0,78,awake,light
2026-08-02T14:10:00Z,ELD_002,64.5,45.3,36.38,14.6,96.8,8.0,78,awake,light
2026-08-02T14:11:00Z,ELD_002,62.1,44.9,36.09,14.3,96.4,8.0,78,awake,light
2026-08-02T14:12:00Z,ELD_002,64.4,41.0,36.49,14.7,96.8,8.0,78,awake,light
2026-08-02T14:13:00Z,ELD_002,57.6,46.4,36.31,14.2,97.0,8.0,78,awake,light
2026-08-02T14:14:00Z,ELD_002,63.0,44.9,36.4,14.9,96.9,8.0,78,awake,light
2026-08-02T14:15:00Z,ELD_002,60.7,45.3,36.3,15.2,96.9,8.0,78,awake,light
2026-08-02T14:16:00Z,ELD_002,60.8,50.3,36.36,14.2,95.8,8.0,78,awake,light
2026-08-02T14:17:00Z,ELD_002,54.2,49.9,36.32,14.2,96.7,8.0,78,awake,light
2026-08-02T14:18:00Z,ELD_002,63.3,44.9,36.4,15.2,96.7,8.0,78,awake,light
2026-08-02T14:19:00Z,ELD_002,56.3,46.4,36.39,14.5,96.8,8.0,78,awake,light
2026-08-02T14:20:00Z,ELD_002,58.1,46.6,36.38,14.3,96.3,8.0,78,awake,light
2026-08-02T14:21:00Z,ELD_002,59.2,44.8,36.53,14.2,96.4,8.0,78,awake,light
2026-08-02T14:22:00Z,ELD_002,64.4,43.1,36.45,15.3,96.3,8.0,78,awake,light
2026-08-02T14:23:00Z,ELD_002,59.9,46.6,36.38,15.3,96.4,8.0,78,awake,light
2026-08-02T14:24:00Z,ELD_002,59.4,44.1,36.45,14.8,96.6,8.0,78,awake,light
2026-08-02T14:25:00Z,ELD_002,58.2,45.5,36.44,14.0,96.3,8.0,78,awake,light
2026-08-02T14:26:00Z,ELD_002,59.0,48.5,36.32,14.4,97.0,8.0,78,awake,light
2026-08-02T14:27:00Z,ELD_002,57.9,49.7,36.3,14.7,96.7,8.0,78,awake,light
2026-08-02T14:28:00Z,ELD_002,54.6,48.5,36.53,13.3,96.5,8.0,78,awake,light
2026-08-02T14:29:00Z,ELD_002,56.6,48.8,36.47,14.7,97.0,8.0,78,awake,light
2026-08-02T14:30:00Z,ELD_002,57.9,47.7,36.37,14.9,96.5,8.0,78,awake,light
2026-08-02T14:31:00Z,ELD_002,56.9,46.5,36.49,14.1,96.1,8.0,78,awake,light
2026-08-02T14:32:00Z,ELD_002,58.4,47.4,36.5,14.5,96.7,8.0,78,awake,light
2026-08-02T14:33:00Z,ELD_002,51.4,48.8,36.55,14.1,96.4,8.0,78,awake,light
2026-08-02T14:34:00Z,ELD_002,56.8,46.9,36.52,14.9,96.4,8.0,78,awake,light
2026-08-02T14:35:00Z,ELD_002,60.3,47.5,36.26,14.9,96.8,8.0,78,awake,light
2026-08-02T14:36:00Z,ELD_002,57.6,46.2,36.23,14.3,96.1,8.0,78,awake,light
2026-08-02T14:37:00Z,ELD_002,55.3,48.1,36.33,14.2,96.9,8.0,78,awake,light
2026-08-02T14:38:00Z,ELD_002,55.9,46.9,36.37,14.4,97.0,8.0,78,awake,light
2026-08-02T14:39:00Z,ELD_002,57.7,44.1,36.33,14.3,96.7,8.0,78,awake,light
2026-08-02T14:40:00Z,ELD_002,56.5,47.1,36.48,13.9,96.5,8.0,78,awake,light
2026-08-02T14:41:00Z,ELD_002,61.5,46.7,36.35,14.3,96.4,8.0,78,awake,light
2026-08-02T14:42:00Z,ELD_002,55.5,46.1,36.3,14.3,95.7,8.0,78,awake,light
2026-08-02T14:43:00Z,ELD_002,56.7,45.5,36.38,13.8,96.1,8.0,78,awake,light
2026-08-02T14:44:00Z,ELD_002,60.1,47.4,36.32,14.7,96.8,8.0,78,awake,light
2026-08-02T14:45:00Z,ELD_002,55.6,47.6,36.43,13.6,96.5,8.0,78,awake,light
2026-08-02T14:46:00Z,ELD_002,61.3,44.9,36.37,15.0,96.2,8.0,78,awake,light
2026-08-02T14:47:00Z,ELD_002,64.1,43.0,36.35,15.1,96.6,8.0,78,awake,light
2026-08-02T14:48:00Z,ELD_002,57.7,50.9,36.34,13.9,96.4,8.0,78,awake,light
2026-08-02T14:49:00Z,ELD_002,59.2,47.1,36.39,14.2,96.6,8.0,78,awake,light
2026-08-02T14:50:00Z,ELD_002,55.9,48.9,36.52,14.1,96.4,8.0,78,awake,light
2026-08-02T14:51:00Z,ELD_002,58.4,46.4,36.58,14.3,96.8,8.0,78,awake,light
2026-08-02T14:52:00Z,ELD_002,57.0,47.0,36.14,14.7,96.9,8.0,78,awake,light
2026-08-02T14:53:00Z,ELD_002,54.7,45.8,36.47,13.9,96.6,8.0,78,awake,light
2026-08-02T14:54:00Z,ELD_002,55.6,46.6,36.36,13.5,96.3,8.0,78,awake,light
2026-08-02T14:55:00Z,ELD_002,55.3,48.2,36.42,13.5,96.9,8.0,78,awake,light
2026-08-02T14:56:00Z,ELD_002,56.5,49.0,36.26,15.0,97.0,8.0,78,awake,light
2026-08-02T14:57:00Z,ELD_002,55.1,51.2,36.49,14.5,96.6,8.0,78,awake,light
2026-08-02T14:58:00Z,ELD_002,64.7,45.7,36.28,15.7,96.8,8.0,78,awake,light
2026-08-02T14:59:00Z,ELD_002,55.2,48.6,36.51,14.1,97.0,8.0,78,awake,light
2026-08-02T15:00:00Z,ELD_002,58.3,46.1,36.45,13.9,96.3,8.0,78,awake,light
2026-08-02T15:01:00Z,ELD_002,58.8,49.4,36.37,15.1,96.9,8.0,78,awake,light
2026-08-02T15:02:00Z,ELD_002,59.0,45.6,36.38,14.4,96.3,8.0,78,awake,light
2026-08-02T15:03:00Z,ELD_002,54.6,48.3,36.54,14.0,96.8,8.0,78,awake,light
2026-08-02T15:04:00Z,ELD_002,55.1,50.5,36.32,13.4,96.7,8.0,78,awake,light
2026-08-02T15:05:00Z,ELD_002,66.1,43.0,36.34,14.5,96.9,8.0,78,awake,light
2026-08-02T15:06:00Z,ELD_002,60.5,50.2,36.47,14.6,96.1,8.0,78,awake,light
2026-08-02T15:07:00Z,ELD_002,63.8,47.2,36.61,15.4,96.7,8.0,78,awake,light
2026-08-02T15:08:00Z,ELD_002,60.5,42.9,36.41,14.2,96.2,8.0,78,awake,light
2026-08-02T15:09:00Z,ELD_002,56.2,45.7,36.34,14.4,96.6,8.0,78,awake,light
2026-08-02T15:10:00Z,ELD_002,56.3,43.1,36.51,14.5,96.8,8.0,78,awake,light
2026-08-02T15:11:00Z,ELD_002,56.2,47.3,36.22,14.6,96.7,8.0,78,awake,light
2026-08-02T15:12:00Z,ELD_002,61.7,42.3,36.21,14.9,96.7,8.0,78,awake,light
2026-08-02T15:13:00Z,ELD_002,54.6,47.2,36.52,13.3,96.8,8.0,78,awake,light
2026-08-02T15:14:00Z,ELD_002,54.5,46.4,36.31,13.5,96.0,8.0,78,awake,light
2026-08-02T15:15:00Z,ELD_002,59.5,46.9,36.68,14.3,96.9,8.0,78,awake,light
2026-08-02T15:16:00Z,ELD_002,63.6,48.1,36.46,15.2,96.4,8.0,78,awake,light
2026-08-02T15:17:00Z,ELD_002,58.2,47.6,36.35,13.8,96.5,8.0,78,awake,light
2026-08-02T15:18:00Z,ELD_002,54.3,48.3,36.39,14.1,96.1,8.0,78,awake,light
2026-08-02T15:19:00Z,ELD_002,55.1,45.7,36.3,13.6,96.2,8.0,78,awake,light
2026-08-02T15:20:00Z,ELD_002,58.0,46.6,36.45,14.1,96.3,8.0,78,awake,light
2026-08-02T15:21:00Z,ELD_002,64.2,49.3,36.48,15.1,96.8,8.0,78,awake,light
2026-08-02T15:22:00Z,ELD_002,59.5,42.8,36.32,13.5,96.7,8.0,78,awake,light
2026-08-02T15:23:00Z,ELD_002,55.4,47.5,36.5,14.7,96.5,8.0,78,awake,light
2026-08-02T15:24:00Z,ELD_002,56.4,44.9,36.35,13.8,97.0,8.0,78,awake,light
2026-08-02T15:25:00Z,ELD_002,56.4,48.6,36.48,13.0,96.3,8.0,78,awake,light
2026-08-02T15:26:00Z,ELD_002,56.6,50.8,36.4,14.6,96.7,8.0,78,awake,light
2026-08-02T15:27:00Z,ELD_002,58.4,47.3,36.46,14.5,96.9,8.0,78,awake,light
2026-08-02T15:28:00Z,ELD_002,57.1,46.1,36.56,14.1,96.2,8.0,78,awake,light
2026-08-02T15:29:00Z,ELD_002,56.2,49.5,36.39,14.1,96.5,8.0,78,awake,light
2026-08-02T15:30:00Z,ELD_002,58.6,45.6,36.5,14.7,96.9,8.0,78,awake,light
2026-08-02T15:31:00Z,ELD_002,56.6,51.3,36.34,13.5,96.0,8.0,78,awake,light
2026-08-02T15:32:00Z,ELD_002,61.8,45.6,36.28,14.3,97.0,8.0,78,awake,light
2026-08-02T15:33:00Z,ELD_002,57.3,48.1,36.53,14.2,96.8,8.0,78,awake,light
2026-08-02T15:34:00Z,ELD_002,57.1,47.1,36.31,14.4,96.6,8.0,78,awake,light
2026-08-02T15:35:00Z,ELD_002,58.1,44.9,36.18,14.6,96.5,8.0,78,awake,light
2026-08-02T15:36:00Z,ELD_002,60.2,49.0,36.49,15.6,96.8,8.0,78,awake,light
2026-08-02T15:37:00Z,ELD_002,64.7,41.8,36.32,15.3,96.6,8.0,78,awake,light
2026-08-02T15:38:00Z,ELD_002,57.0,45.7,36.49,14.0,96.6,8.0,78,awake,light
2026-08-02T15:39:00Z,ELD_002,59.4,45.3,36.3,13.9,97.0,8.0,78,awake,light
2026-08-02T15:40:00Z,ELD_002,63.4,47.5,36.39,14.3,96.7,8.0,78,awake,light
2026-08-02T15:41:00Z,ELD_002,60.4,48.3,36.26,15.1,96.8,8.0,78,awake,light
2026-08-02T15:42:00Z,ELD_002,55.1,46.9,36.41,14.3,96.7,8.0,78,awake,light
2026-08-02T15:43:00Z,ELD_002,56.7,47.0,36.39,13.5,96.7,8.0,78,awake,light
2026-08-02T15:44:00Z,ELD_002,57.2,47.0,36.5,14.0,96.6,8.0,78,awake,light
2026-08-02T15:45:00Z,ELD_002,54.4,48.4,36.4,13.9,96.8,8.0,78,awake,light
2026-08-02T15:46:00Z,ELD_002,55.3,44.7,36.55,14.4,96.4,8.0,78,awake,light
2026-08-02T15:47:00Z,ELD_002,57.8,46.2,36.42,14.3,96.8,8.0,78,awake,light
2026-08-02T15:48:00Z,ELD_002,56.5,46.1,36.43,13.7,96.9,8.0,78,awake,light
2026-08-02T15:49:00Z,ELD_002,53.5,50.2,36.33,13.9,96.9,8.0,78,awake,light
2026-08-02T15:50:00Z,ELD_002,52.6,49.0,36.36,13.6,96.7,8.0,78,awake,light
2026-08-02T15:51:00Z,ELD_002,64.0,45.2,36.4,14.7,96.9,8.0,78,awake,light
2026-08-02T15:52:00Z,ELD_002,53.0,50.3,36.4,14.2,96.5,8.0,78,awake,light
2026-08-02T15:53:00Z,ELD_002,52.9,48.8,36.5,13.7,96.9,8.0,78,awake,light
2026-08-02T15:54:00Z,ELD_002,56.7,50.9,36.47,14.4,96.3,8.0,78,awake,light
2026-08-02T15:55:00Z,ELD_002,53.9,48.1,36.42,13.8,96.1,8.0,78,awake,light
2026-08-02T15:56:00Z,ELD_002,58.3,51.1,36.41,14.4,96.5,8.0,78,awake,light
2026-08-02T15:57:00Z,ELD_002,58.8,47.9,36.42,15.0,96.8,8.0,78,awake,light
2026-08-02T15:58:00Z,ELD_002,58.0,47.7,36.43,14.1,96.8,8.0,78,awake,light
2026-08-02T15:59:00Z,ELD_002,60.7,46.1,36.16,14.3,96.8,8.0,78,awake,light
2026-08-02T16:00:00Z,ELD_002,59.9,45.5,36.38,14.9,96.9,8.0,78,awake,light
2026-08-02T16:01:00Z,ELD_002,54.7,52.3,36.42,14.9,96.4,8.0,78,awake,light
2026-08-02T16:02:00Z,ELD_002,58.0,47.0,36.56,14.2,96.9,8.0,78,awake,light
2026-08-02T16:03:00Z,ELD_002,55.5,50.2,36.56,14.0,96.3,8.0,78,awake,light
2026-08-02T16:04:00Z,ELD_002,61.8,47.3,36.51,15.0,97.0,8.0,78,awake,light
2026-08-02T16:05:00Z,ELD_002,53.4,48.9,36.44,14.0,96.8,8.0,78,awake,light
2026-08-02T16:06:00Z,ELD_002,57.5,50.0,36.54,14.6,96.5,8.0,78,awake,light
2026-08-02T16:07:00Z,ELD_002,56.8,50.1,36.36,13.0,96.7,8.0,78,awake,light
2026-08-02T16:08:00Z,ELD_002,57.9,44.0,36.4,14.4,97.0,8.0,78,awake,light
2026-08-02T16:09:00Z,ELD_002,53.3,51.6,36.47,13.8,96.4,8.0,78,awake,light
2026-08-02T16:10:00Z,ELD_002,56.7,47.4,36.44,13.1,96.2,8.0,78,awake,light
2026-08-02T16:11:00Z,ELD_002,58.3,44.9,36.33,15.1,96.8,8.0,78,awake,light
2026-08-02T16:12:00Z,ELD_002,51.8,51.4,36.51,13.7,96.6,8.0,78,awake,light
2026-08-02T16:13:00Z,ELD_002,57.2,46.7,36.27,14.2,96.7,8.0,78,awake,light
2026-08-02T16:14:00Z,ELD_002,60.2,47.5,36.37,14.5,96.1,8.0,78,awake,light
2026-08-02T16:15:00Z,ELD_002,52.8,47.7,36.42,14.0,96.6,8.0,78,awake,light
2026-08-02T16:16:00Z,ELD_002,56.2,46.9,36.4,13.9,96.4,8.0,78,awake,light
2026-08-02T16:17:00Z,ELD_002,55.3,49.2,36.36,14.4,96.2,8.0,78,awake,light
2026-08-02T16:18:00Z,ELD_002,55.9,50.0,36.36,13.3,96.0,8.0,78,awake,light
2026-08-02T16:19:00Z,ELD_002,59.4,47.7,36.31,13.5,96.7,8.0,78,awake,light
2026-08-02T16:20:00Z,ELD_002,60.0,49.1,36.42,13.8,96.6,8.0,78,awake,light
2026-08-02T16:21:00Z,ELD_002,60.1,46.9,36.45,14.4,96.8,8.0,78,awake,light
2026-08-02T16:22:00Z,ELD_002,60.6,46.8,36.51,14.4,96.6,8.0,78,awake,light
2026-08-02T16:23:00Z,ELD_002,56.6,47.0,36.38,14.4,96.8,8.0,78,awake,light
2026-08-02T16:24:00Z,ELD_002,58.2,45.1,36.42,13.8,96.2,8.0,78,awake,light
2026-08-02T16:25:00Z,ELD_002,55.0,49.2,36.36,14.1,95.9,8.0,78,awake,light
2026-08-02T16:26:00Z,ELD_002,52.4,47.7,36.43,14.1,96.3,8.0,78,awake,light
2026-08-02T16:27:00Z,ELD_002,56.5,46.3,36.4,14.2,96.6,8.0,78,awake,light
2026-08-02T16:28:00Z,ELD_002,54.4,51.4,36.38,13.9,96.4,8.0,78,awake,light
2026-08-02T16:29:00Z,ELD_002,58.1,46.5,36.36,15.4,96.0,8.0,78,awake,light
2026-08-02T16:30:00Z,ELD_002,55.9,50.1,36.57,13.9,96.5,8.0,78,awake,light
2026-08-02T16:31:00Z,ELD_002,52.4,49.4,36.41,14.0,96.9,8.0,78,awake,light
2026-08-02T16:32:00Z,ELD_002,55.4,48.8,36.27,14.4,96.9,8.0,78,awake,light
2026-08-02T16:33:00Z,ELD_002,59.8,48.3,36.45,14.5,96.8,8.0,78,awake,light
2026-08-02T16:34:00Z,ELD_002,58.5,46.8,36.66,14.0,96.8,8.0,78,awake,light
2026-08-02T16:35:00Z,ELD_002,56.3,46.8,36.32,14.4,96.7,8.0,78,awake,light
2026-08-02T16:36:00Z,ELD_002,55.6,46.6,36.62,14.0,97.0,8.0,78,awake,light
2026-08-02T16:37:00Z,ELD_002,49.8,50.5,36.3,13.8,96.7,8.0,78,awake,light
2026-08-02T16:38:00Z,ELD_002,58.2,47.1,36.29,13.9,96.9,8.0,78,awake,light
2026-08-02T16:39:00Z,ELD_002,54.6,44.9,36.44,13.8,96.7,8.0,78,awake,light
2026-08-02T16:40:00Z,ELD_002,55.9,51.0,36.44,14.9,96.6,8.0,78,awake,light
2026-08-02T16:41:00Z,ELD_002,60.6,49.1,36.44,14.8,96.9,8.0,78,awake,light
2026-08-02T16:42:00Z,ELD_002,53.1,48.7,36.38,13.2,96.2,8.0,78,awake,light
2026-08-02T16:43:00Z,ELD_002,51.4,44.4,36.48,14.3,97.0,8.0,78,awake,light
2026-08-02T16:44:00Z,ELD_002,57.9,46.5,36.3,14.9,96.0,8.0,78,awake,light
2026-08-02T16:45:00Z,ELD_002,55.8,51.0,36.51,14.2,96.8,8.0,78,awake,light
2026-08-02T16:46:00Z,ELD_002,57.2,45.1,36.32,14.8,97.0,8.0,78,awake,light
2026-08-02T16:47:00Z,ELD_002,55.1,47.3,36.34,14.2,96.9,8.0,78,awake,light
2026-08-02T16:48:00Z,ELD_002,55.3,49.1,36.27,13.6,96.4,8.0,78,awake,light
2026-08-02T16:49:00Z,ELD_002,55.1,52.7,36.47,14.0,96.6,8.0,78,awake,light
2026-08-02T16:50:00Z,ELD_002,56.2,48.2,36.57,13.8,95.7,8.0,78,awake,light
2026-08-02T16:51:00Z,ELD_002,54.0,50.3,36.47,14.1,96.2,8.0,78,awake,light
2026-08-02T16:52:00Z,ELD_002,57.0,46.9,36.42,15.1,96.9,8.0,78,awake,light
2026-08-02T16:53:00Z,ELD_002,51.6,51.1,36.61,14.4,96.7,8.0,78,awake,light
2026-08-02T16:54:00Z,ELD_002,53.3,45.7,36.4,14.0,97.0,8.0,78,awake,light
2026-08-02T16:55:00Z,ELD_002,54.7,48.2,36.36,13.8,96.8,8.0,78,awake,light
2026-08-02T16:56:00Z,ELD_002,52.2,49.2,36.31,15.1,97.0,8.0,78,awake,light
2026-08-02T16:57:00Z,ELD_002,51.0,46.6,36.44,14.6,96.7,8.0,78,awake,light
2026-08-02T16:58:00Z,ELD_002,51.6,50.4,36.36,13.0,96.6,8.0,78,awake,light
2026-08-02T16:59:00Z,ELD_002,51.1,47.9,36.36,13.7,96.5,8.0,78,awake,light
2026-08-02T17:00:00Z,ELD_002,52.8,51.6,36.58,14.2,96.8,8.0,78,awake,light
2026-08-02T17:01:00Z,ELD_002,51.5,48.0,36.33,14.1,96.9,8.0,78,awake,light
2026-08-02T17:02:00Z,ELD_002,54.5,47.7,36.43,14.0,96.3,8.0,78,awake,light
2026-08-02T17:03:00Z,ELD_002,56.3,46.7,36.5,14.7,96.9,8.0,78,awake,light
2026-08-02T17:04:00Z,ELD_002,56.7,48.6,36.49,14.1,96.0,8.0,78,awake,light
2026-08-02T17:05:00Z,ELD_002,58.2,53.3,36.55,14.4,97.0,8.0,78,awake,light
2026-08-02T17:06:00Z,ELD_002,53.0,51.4,36.34,13.7,96.6,8.0,78,awake,light
2026-08-02T17:07:00Z,ELD_002,60.8,48.9,36.48,14.3,96.8,8.0,78,awake,light
2026-08-02T17:08:00Z,ELD_002,55.0,49.0,36.34,13.7,96.3,8.0,78,awake,light
2026-08-02T17:09:00Z,ELD_002,52.9,50.5,36.45,13.8,96.4,8.0,78,awake,light
2026-08-02T17:10:00Z,ELD_002,56.4,45.2,36.37,13.4,96.7,8.0,78,awake,light
2026-08-02T17:11:00Z,ELD_002,56.6,50.6,36.35,14.5,97.0,8.0,78,awake,light
2026-08-02T17:12:00Z,ELD_002,59.2,48.8,36.22,14.5,96.8,8.0,78,awake,light
2026-08-02T17:13:00Z,ELD_002,57.1,48.5,36.46,15.2,96.6,8.0,78,awake,light
2026-08-02T17:14:00Z,ELD_002,53.9,46.5,36.45,13.6,96.3,8.0,78,awake,light
2026-08-02T17:15:00Z,ELD_002,55.5,44.4,36.34,14.1,96.4,8.0,78,awake,light
2026-08-02T17:16:00Z,ELD_002,54.8,47.8,36.31,13.8,96.9,8.0,78,awake,light
2026-08-02T17:17:00Z,ELD_002,57.8,45.2,36.54,15.0,96.7,8.0,78,awake,light
2026-08-02T17:18:00Z,ELD_002,53.4,49.6,36.41,13.3,96.7,8.0,78,awake,light
2026-08-02T17:19:00Z,ELD_002,58.6,46.3,36.23,13.5,96.6,8.0,78,awake,light
2026-08-02T17:20:00Z,ELD_002,55.6,47.0,36.62,13.5,97.0,8.0,78,awake,light
2026-08-02T17:21:00Z,ELD_002,53.1,47.1,36.49,13.6,96.4,8.0,78,awake,light
2026-08-02T17:22:00Z,ELD_002,50.5,54.5,36.33,13.4,96.9,8.0,78,awake,light
2026-08-02T17:23:00Z,ELD_002,53.4,46.4,36.3,14.3,96.6,8.0,78,awake,light
2026-08-02T17:24:00Z,ELD_002,52.9,49.0,36.44,13.9,96.7,8.0,78,awake,light
2026-08-02T17:25:00Z,ELD_002,55.6,48.8,36.51,14.4,95.9,8.0,78,awake,light
2026-08-02T17:26:00Z,ELD_002,59.4,45.1,36.5,14.1,96.0,8.0,78,awake,light
2026-08-02T17:27:00Z,ELD_002,50.3,52.0,36.43,14.2,96.6,8.0,78,awake,light
2026-08-02T17:28:00Z,ELD_002,56.4,48.0,36.45,14.7,96.8,8.0,78,awake,light
2026-08-02T17:29:00Z,ELD_002,58.3,43.4,36.18,13.7,96.9,8.0,78,awake,light
2026-08-02T17:30:00Z,ELD_002,48.5,48.5,36.28,12.7,96.3,8.0,78,awake,light
2026-08-02T17:31:00Z,ELD_002,52.3,49.3,36.28,12.9,96.8,8.0,78,awake,light
2026-08-02T17:32:00Z,ELD_002,59.8,43.5,36.51,14.6,96.3,8.0,78,awake,light
2026-08-02T17:33:00Z,ELD_002,55.6,45.1,36.5,14.5,96.5,8.0,78,awake,light
2026-08-02T17:34:00Z,ELD_002,62.6,45.3,36.42,15.0,96.5,8.0,78,awake,light
2026-08-02T17:35:00Z,ELD_002,51.8,50.9,36.41,13.6,96.4,8.0,78,awake,light
2026-08-02T17:36:00Z,ELD_002,57.0,48.2,36.32,13.9,96.7,8.0,78,awake,light
2026-08-02T17:37:00Z,ELD_002,54.1,47.9,36.44,13.5,97.0,8.0,78,awake,light
2026-08-02T17:38:00Z,ELD_002,57.9,48.3,36.44,13.4,96.6,8.0,78,awake,light
2026-08-02T17:39:00Z,ELD_002,55.3,49.2,36.53,14.7,96.4,8.0,78,awake,light
2026-08-02T17:40:00Z,ELD_002,58.4,46.0,36.53,14.2,96.9,8.0,78,awake,light
2026-08-02T17:41:00Z,ELD_002,49.1,49.4,36.35,13.5,96.6,8.0,78,awake,light
2026-08-02T17:42:00Z,ELD_002,53.0,51.3,36.51,14.0,96.2,8.0,78,awake,light
2026-08-02T17:43:00Z,ELD_002,52.9,48.5,36.53,14.0,96.5,8.0,78,awake,light
2026-08-02T17:44:00Z,ELD_002,61.3,44.0,36.46,14.1,96.7,8.0,78,awake,light
2026-08-02T17:45:00Z,ELD_002,55.1,51.6,36.58,13.9,96.9,8.0,78,awake,light
2026-08-02T17:46:00Z,ELD_002,58.9,45.9,36.47,15.5,96.8,8.0,78,awake,light
2026-08-02T17:47:00Z,ELD_002,50.1,48.8,36.45,13.9,96.4,8.0,78,awake,light
2026-08-02T17:48:00Z,ELD_002,54.5,51.1,36.36,13.9,96.7,8.0,78,awake,light
2026-08-02T17:49:00Z,ELD_002,57.0,48.2,36.41,14.4,96.8,8.0,78,awake,light
2026-08-02T17:50:00Z,ELD_002,61.3,43.2,36.46,15.9,96.8,8.0,78,awake,light
2026-08-02T17:51:00Z,ELD_002,52.7,50.3,36.58,14.4,96.7,8.0,78,awake,light
2026-08-02T17:52:00Z,ELD_002,55.6,50.3,36.32,14.0,97.0,8.0,78,awake,light
2026-08-02T17:53:00Z,ELD_002,52.0,51.6,36.25,14.1,96.5,8.0,78,awake,light
2026-08-02T17:54:00Z,ELD_002,51.7,50.3,36.5,14.9,96.3,8.0,78,awake,light
2026-08-02T17:55:00Z,ELD_002,50.9,51.4,36.39,13.3,96.7,8.0,78,awake,light
2026-08-02T17:56:00Z,ELD_002,58.1,44.9,36.49,14.7,96.2,8.0,78,awake,light
2026-08-02T17:57:00Z,ELD_002,50.4,48.9,36.61,13.3,96.3,8.0,78,awake,light
2026-08-02T17:58:00Z,ELD_002,57.3,48.9,36.27,14.5,96.3,8.0,78,awake,light
2026-08-02T17:59:00Z,ELD_002,52.1,47.7,36.43,13.9,96.9,8.0,78,awake,light
2026-08-02T18:00:00Z,ELD_002,58.1,48.7,36.39,13.9,96.7,8.0,78,awake,light
2026-08-02T18:01:00Z,ELD_002,55.7,51.5,36.36,14.3,96.1,8.0,78,awake,light
2026-08-02T18:02:00Z,ELD_002,55.1,43.0,36.44,13.7,96.8,8.0,78,awake,light
2026-08-02T18:03:00Z,ELD_002,56.2,47.2,36.56,14.0,97.0,8.0,78,awake,light
2026-08-02T18:04:00Z,ELD_002,46.4,49.9,36.48,13.0,96.8,8.0,78,awake,light
2026-08-02T18:05:00Z,ELD_002,53.7,47.8,36.48,13.0,96.4,8.0,78,awake,light
2026-08-02T18:06:00Z,ELD_002,53.7,49.4,36.43,13.6,96.6,8.0,78,awake,light
2026-08-02T18:07:00Z,ELD_002,56.2,44.4,36.41,14.0,96.2,8.0,78,awake,light
2026-08-02T18:08:00Z,ELD_002,52.1,46.4,36.49,13.6,97.0,8.0,78,awake,light
2026-08-02T18:09:00Z,ELD_002,61.9,42.6,36.54,14.6,96.7,8.0,78,awake,light
2026-08-02T18:10:00Z,ELD_002,52.5,48.9,36.38,13.4,96.9,8.0,78,awake,light
2026-08-02T18:11:00Z,ELD_002,56.3,45.6,36.59,14.1,97.0,8.0,78,awake,light
2026-08-02T18:12:00Z,ELD_002,56.6,52.2,36.39,14.1,96.8,8.0,78,awake,light
2026-08-02T18:13:00Z,ELD_002,52.3,46.8,36.38,13.6,96.9,8.0,78,awake,light
2026-08-02T18:14:00Z,ELD_002,54.8,49.3,36.25,13.9,96.8,8.0,78,awake,light
2026-08-02T18:15:00Z,ELD_002,57.3,45.3,36.34,14.0,96.7,8.0,78,awake,light
2026-08-02T18:16:00Z,ELD_002,55.2,49.9,36.52,13.9,96.6,8.0,78,awake,light
2026-08-02T18:17:00Z,ELD_002,55.9,46.9,36.52,14.4,96.5,8.0,78,awake,light
2026-08-02T18:18:00Z,ELD_002,50.6,51.4,36.62,13.8,96.7,8.0,78,awake,light
2026-08-02T18:19:00Z,ELD_002,52.2,48.0,36.39,13.1,96.4,8.0,78,awake,light
2026-08-02T18:20:00Z,ELD_002,60.0,47.7,36.39,14.9,96.4,8.0,78,awake,light
2026-08-02T18:21:00Z,ELD_002,56.1,45.8,36.4,13.9,96.9,8.0,78,awake,light
2026-08-02T18:22:00Z,ELD_002,59.1,45.7,36.42,14.3,95.9,8.0,78,awake,light
2026-08-02T18:23:00Z,ELD_002,56.2,47.4,36.45,14.2,96.8,8.0,78,awake,light
2026-08-02T18:24:00Z,ELD_002,61.6,48.0,36.31,15.0,96.9,8.0,78,awake,light
2026-08-02T18:25:00Z,ELD_002,52.8,48.4,36.4,14.1,96.7,8.0,78,awake,light
2026-08-02T18:26:00Z,ELD_002,53.9,44.4,36.48,13.9,96.8,8.0,78,awake,light
2026-08-02T18:27:00Z,ELD_002,58.3,45.6,36.41,14.6,96.9,8.0,78,awake,light
2026-08-02T18:28:00Z,ELD_002,58.2,49.1,36.26,15.2,96.8,8.0,78,awake,light
2026-08-02T18:29:00Z,ELD_002,55.1,49.4,36.39,14.7,97.0,8.0,78,awake,light
2026-08-02T18:30:00Z,ELD_002,54.6,47.4,36.41,14.4,96.3,8.0,78,awake,light
2026-08-02T18:31:00Z,ELD_002,52.1,46.2,36.31,13.8,96.5,8.0,78,awake,light
2026-08-02T18:32:00Z,ELD_002,53.8,50.1,36.41,14.0,96.6,8.0,78,awake,light
2026-08-02T18:33:00Z,ELD_002,55.0,46.6,36.35,14.2,96.6,8.0,78,awake,light
2026-08-02T18:34:00Z,ELD_002,52.4,48.3,36.29,13.5,96.5,8.0,78,awake,light
2026-08-02T18:35:00Z,ELD_002,53.6,46.7,36.47,13.6,96.9,8.0,78,awake,light
2026-08-02T18:36:00Z,ELD_002,57.9,46.3,36.4,14.2,97.0,8.0,78,awake,light
2026-08-02T18:37:00Z,ELD_002,57.3,47.8,36.4,14.0,96.4,8.0,78,awake,light
2026-08-02T18:38:00Z,ELD_002,58.0,45.4,36.15,15.0,96.4,8.0,78,awake,light
2026-08-02T18:39:00Z,ELD_002,59.6,46.2,36.24,14.5,96.6,8.0,78,awake,light
2026-08-02T18:40:00Z,ELD_002,52.4,47.7,36.37,14.1,96.8,8.0,78,awake,light
2026-08-02T18:41:00Z,ELD_002,53.8,46.7,36.43,13.3,96.9,8.0,78,awake,light
2026-08-02T18:42:00Z,ELD_002,53.6,49.5,36.35,13.4,96.7,8.0,78,awake,light
2026-08-02T18:43:00Z,ELD_002,57.9,45.1,36.43,13.4,96.9,8.0,78,awake,light
2026-08-02T18:44:00Z,ELD_002,54.3,44.3,36.36,14.6,96.0,8.0,78,awake,light
2026-08-02T18:45:00Z,ELD_002,54.8,49.2,36.37,13.7,96.9,8.0,78,awake,light
2026-08-02T18:46:00Z,ELD_002,59.3,45.1,36.38,14.2,96.8,8.0,78,awake,light
2026-08-02T18:47:00Z,ELD_002,57.3,48.6,36.45,13.9,96.4,8.0,78,awake,light
2026-08-02T18:48:00Z,ELD_002,55.0,48.7,36.26,12.8,96.7,8.0,78,awake,light
2026-08-02T18:49:00Z,ELD_002,54.2,46.5,36.26,13.6,96.1,8.0,78,awake,light
2026-08-02T18:50:00Z,ELD_002,59.3,48.9,36.35,14.2,96.8,8.0,78,awake,light
2026-08-02T18:51:00Z,ELD_002,54.1,49.6,36.36,13.3,96.6,8.0,78,awake,light
2026-08-02T18:52:00Z,ELD_002,50.4,48.9,36.53,13.4,96.8,8.0,78,awake,light
2026-08-02T18:53:00Z,ELD_002,52.5,46.2,36.45,14.3,96.4,8.0,78,awake,light
2026-08-02T18:54:00Z,ELD_002,49.9,47.4,36.44,13.5,96.6,8.0,78,awake,light
2026-08-02T18:55:00Z,ELD_002,52.7,49.5,36.44,13.7,96.8,8.0,78,awake,light
2026-08-02T18:56:00Z,ELD_002,56.4,51.5,36.54,13.8,96.8,8.0,78,awake,light
2026-08-02T18:57:00Z,ELD_002,56.5,48.1,36.4,14.4,96.8,8.0,78,awake,light
2026-08-02T18:58:00Z,ELD_002,51.3,43.7,36.38,13.7,96.7,8.0,78,awake,light
2026-08-02T18:59:00Z,ELD_002,54.6,46.1,36.39,13.1,96.5,8.0,78,awake,light
2026-08-02T19:00:00Z,ELD_002,58.0,49.7,36.54,14.8,96.8,8.0,78,awake,light
2026-08-02T19:01:00Z,ELD_002,48.6,47.8,36.48,14.2,96.7,8.0,78,awake,light
2026-08-02T19:02:00Z,ELD_002,56.5,44.2,36.54,13.3,96.9,8.0,78,awake,light
2026-08-02T19:03:00Z,ELD_002,52.9,45.1,36.48,13.2,96.8,8.0,78,awake,light
2026-08-02T19:04:00Z,ELD_002,57.0,48.0,36.45,13.6,96.7,8.0,78,awake,light
2026-08-02T19:05:00Z,ELD_002,50.4,49.5,36.34,13.7,96.8,8.0,78,awake,light
2026-08-02T19:06:00Z,ELD_002,57.1,45.0,36.4,13.8,96.9,8.0,78,awake,light
2026-08-02T19:07:00Z,ELD_002,61.0,45.7,36.47,15.4,96.9,8.0,78,awake,light
2026-08-02T19:08:00Z,ELD_002,51.5,47.3,36.24,13.5,95.5,8.0,78,awake,light
2026-08-02T19:09:00Z,ELD_002,58.1,48.1,36.49,14.2,96.5,8.0,78,awake,light
2026-08-02T19:10:00Z,ELD_002,57.5,47.5,36.35,14.2,96.2,8.0,78,awake,light
2026-08-02T19:11:00Z,ELD_002,58.6,46.7,36.53,14.8,96.7,8.0,78,awake,light
2026-08-02T19:12:00Z,ELD_002,55.6,49.0,36.39,14.7,96.8,8.0,78,awake,light
2026-08-02T19:13:00Z,ELD_002,52.5,47.5,36.35,13.6,96.9,8.0,78,awake,light
2026-08-02T19:14:00Z,ELD_002,53.3,50.5,36.5,13.8,96.9,8.0,78,awake,light
2026-08-02T19:15:00Z,ELD_002,58.3,46.5,36.21,13.9,96.8,8.0,78,awake,light
2026-08-02T19:16:00Z,ELD_002,56.5,49.9,36.42,14.0,96.8,8.0,78,awake,light
2026-08-02T19:17:00Z,ELD_002,58.6,49.3,36.44,13.9,96.3,8.0,78,awake,light
2026-08-02T19:18:00Z,ELD_002,55.6,44.9,36.46,14.4,96.3,8.0,78,awake,light
2026-08-02T19:19:00Z,ELD_002,58.5,46.0,36.43,14.6,97.0,8.0,78,awake,light
2026-08-02T19:20:00Z,ELD_002,53.7,51.7,36.47,13.9,96.7,8.0,78,awake,light
2026-08-02T19:21:00Z,ELD_002,55.0,50.1,36.52,14.8,96.3,8.0,78,awake,light
2026-08-02T19:22:00Z,ELD_002,60.5,42.7,36.43,14.7,96.8,8.0,78,awake,light
2026-08-02T19:23:00Z,ELD_002,56.7,47.5,36.52,13.1,96.1,8.0,78,awake,light
2026-08-02T19:24:00Z,ELD_002,57.5,49.6,36.24,14.1,96.7,8.0,78,awake,light
2026-08-02T19:25:00Z,ELD_002,53.9,47.5,36.34,13.9,96.4,8.0,78,awake,light
2026-08-02T19:26:00Z,ELD_002,57.0,47.0,36.4,13.9,96.7,8.0,78,awake,light
2026-08-02T19:27:00Z,ELD_002,58.8,48.2,36.46,14.6,96.6,8.0,78,awake,light
2026-08-02T19:28:00Z,ELD_002,49.8,51.5,36.38,14.2,97.0,8.0,78,awake,light
2026-08-02T19:29:00Z,ELD_002,51.3,50.1,36.39,13.4,96.3,8.0,78,awake,light
2026-08-02T19:30:00Z,ELD_002,60.5,46.6,36.56,14.1,96.7,8.0,78,awake,light
2026-08-02T19:31:00Z,ELD_002,54.0,47.4,36.37,13.4,96.4,8.0,78,awake,light
2026-08-02T19:32:00Z,ELD_002,50.3,45.8,36.26,14.0,96.9,8.0,78,awake,light
2026-08-02T19:33:00Z,ELD_002,55.1,50.2,36.32,12.9,97.0,8.0,78,awake,light
2026-08-02T19:34:00Z,ELD_002,54.5,49.6,36.49,14.3,96.5,8.0,78,awake,light
2026-08-02T19:35:00Z,ELD_002,53.2,49.4,36.22,14.6,96.7,8.0,78,awake,light
2026-08-02T19:36:00Z,ELD_002,61.8,44.9,36.49,14.1,96.4,8.0,78,awake,light
2026-08-02T19:37:00Z,ELD_002,55.3,47.4,36.21,14.1,96.5,8.0,78,awake,light
2026-08-02T19:38:00Z,ELD_002,58.7,49.0,36.38,14.3,96.4,8.0,78,awake,light
2026-08-02T19:39:00Z,ELD_002,56.3,48.7,36.46,14.0,96.9,8.0,78,awake,light
2026-08-02T19:40:00Z,ELD_002,59.1,45.8,36.38,13.4,96.9,8.0,78,awake,light
2026-08-02T19:41:00Z,ELD_002,61.0,43.0,36.41,14.2,96.8,8.0,78,awake,light
2026-08-02T19:42:00Z,ELD_002,56.5,46.0,36.41,14.2,96.6,8.0,78,awake,light
2026-08-02T19:43:00Z,ELD_002,56.1,50.5,36.39,14.8,96.0,8.0,78,awake,light
2026-08-02T19:44:00Z,ELD_002,54.4,49.2,36.25,14.4,96.8,8.0,78,awake,light
2026-08-02T19:45:00Z,ELD_002,55.4,51.8,36.31,13.6,96.0,8.0,78,awake,light
2026-08-02T19:46:00Z,ELD_002,57.5,49.0,36.28,14.3,96.0,8.0,78,awake,light
2026-08-02T19:47:00Z,ELD_002,56.3,43.6,36.49,14.4,96.7,8.0,78,awake,light
2026-08-02T19:48:00Z,ELD_002,54.8,46.4,36.59,13.6,96.2,8.0,78,awake,light
2026-08-02T19:49:00Z,ELD_002,56.2,48.0,36.58,14.4,96.9,8.0,78,awake,light
2026-08-02T19:50:00Z,ELD_002,53.8,47.5,36.39,14.4,96.7,8.0,78,awake,light
2026-08-02T19:51:00Z,ELD_002,59.5,47.1,36.41,13.9,96.3,8.0,78,awake,light
2026-08-02T19:52:00Z,ELD_002,56.7,45.2,36.47,14.5,96.8,8.0,78,awake,light
2026-08-02T19:53:00Z,ELD_002,56.0,48.7,36.54,12.8,96.5,8.0,78,awake,light
2026-08-02T19:54:00Z,ELD_002,55.3,49.9,36.48,13.5,96.8,8.0,78,awake,light
2026-08-02T19:55:00Z,ELD_002,56.5,50.1,36.36,13.9,95.8,8.0,78,awake,light
2026-08-02T19:56:00Z,ELD_002,52.9,45.8,36.47,14.1,95.9,8.0,78,awake,light
2026-08-02T19:57:00Z,ELD_002,55.9,46.1,36.4,14.0,96.4,8.0,78,awake,light
2026-08-02T19:58:00Z,ELD_002,55.4,48.3,36.23,15.1,96.8,8.0,78,awake,light
2026-08-02T19:59:00Z,ELD_002,52.9,48.4,36.31,12.9,96.9,8.0,78,awake,light
2026-08-02T20:00:00Z,ELD_002,56.4,47.5,36.41,14.3,96.3,8.0,78,awake,light
2026-08-02T20:01:00Z,ELD_002,52.7,46.4,36.47,13.8,96.9,8.0,78,awake,light
2026-08-02T20:02:00Z,ELD_002,55.8,49.1,36.48,14.4,96.7,8.0,78,awake,light
2026-08-02T20:03:00Z,ELD_002,59.4,45.2,36.4,14.1,97.0,8.0,78,awake,light
2026-08-02T20:04:00Z,ELD_002,54.6,45.4,36.59,13.5,96.5,8.0,78,awake,light
2026-08-02T20:05:00Z,ELD_002,59.9,46.4,36.46,14.7,96.7,8.0,78,awake,light
2026-08-02T20:06:00Z,ELD_002,51.1,48.6,36.37,12.9,96.5,8.0,78,awake,light
2026-08-02T20:07:00Z,ELD_002,59.3,46.0,36.48,14.5,96.9,8.0,78,awake,light
2026-08-02T20:08:00Z,ELD_002,57.0,51.4,36.37,14.0,96.7,8.0,78,awake,light
2026-08-02T20:09:00Z,ELD_002,57.7,46.8,36.53,14.3,96.2,8.0,78,awake,light
2026-08-02T20:10:00Z,ELD_002,56.2,47.5,36.52,14.0,97.0,8.0,78,awake,light
2026-08-02T20:11:00Z,ELD_002,52.5,47.1,36.55,13.7,96.5,8.0,78,awake,light
2026-08-02T20:12:00Z,ELD_002,60.5,44.7,36.36,14.1,96.7,8.0,78,awake,light
2026-08-02T20:13:00Z,ELD_002,57.7,44.5,36.55,13.9,96.5,8.0,78,awake,light
2026-08-02T20:14:00Z,ELD_002,61.1,46.6,36.48,14.9,96.4,8.0,78,awake,light
2026-08-02T20:15:00Z,ELD_002,61.6,46.9,36.26,15.0,96.4,8.0,78,awake,light
2026-08-02T20:16:00Z,ELD_002,54.6,49.3,36.53,13.3,96.8,8.0,78,awake,light
2026-08-02T20:17:00Z,ELD_002,55.4,50.8,36.4,14.3,96.1,8.0,78,awake,light
2026-08-02T20:18:00Z,ELD_002,59.3,47.8,36.39,14.7,96.4,8.0,78,awake,light
2026-08-02T20:19:00Z,ELD_002,62.8,45.2,36.56,15.4,96.9,8.0,78,awake,light
2026-08-02T20:20:00Z,ELD_002,56.8,46.0,36.33,14.9,96.8,8.0,78,awake,light
2026-08-02T20:21:00Z,ELD_002,50.3,43.9,36.34,13.6,96.6,8.0,78,awake,light
2026-08-02T20:22:00Z,ELD_002,55.2,47.2,36.5,14.0,96.3,8.0,78,awake,light
2026-08-02T20:23:00Z,ELD_002,51.7,51.9,36.39,13.8,96.3,8.0,78,awake,light
2026-08-02T20:24:00Z,ELD_002,55.1,45.5,36.32,13.7,96.9,8.0,78,awake,light
2026-08-02T20:25:00Z,ELD_002,51.6,51.4,36.21,14.7,96.8,8.0,78,awake,light
2026-08-02T20:26:00Z,ELD_002,50.8,47.0,36.52,13.3,96.9,8.0,78,awake,light
2026-08-02T20:27:00Z,ELD_002,58.8,47.5,36.26,14.8,96.7,8.0,78,awake,light
2026-08-02T20:28:00Z,ELD_002,56.6,46.4,36.26,14.2,96.8,8.0,78,awake,light
2026-08-02T20:29:00Z,ELD_002,54.1,47.5,36.23,14.1,96.8,8.0,78,awake,light
2026-08-02T20:30:00Z,ELD_002,54.5,50.1,36.55,14.4,96.9,8.0,78,awake,light
2026-08-02T20:31:00Z,ELD_002,56.6,45.8,36.39,13.5,97.0,8.0,78,awake,light
2026-08-02T20:32:00Z,ELD_002,56.7,47.7,36.31,13.4,96.8,8.0,78,awake,light
2026-08-02T20:33:00Z,ELD_002,55.4,47.3,36.53,14.2,96.9,8.0,78,awake,light
2026-08-02T20:34:00Z,ELD_002,55.0,44.5,36.54,14.2,96.9,8.0,78,awake,light
2026-08-02T20:35:00Z,ELD_002,60.9,47.6,36.4,15.2,96.8,8.0,78,awake,light
2026-08-02T20:36:00Z,ELD_002,59.7,48.9,36.46,13.8,96.6,8.0,78,awake,light
2026-08-02T20:37:00Z,ELD_002,53.3,50.0,36.6,13.4,96.4,8.0,78,awake,light
2026-08-02T20:38:00Z,ELD_002,58.0,45.0,36.51,14.0,96.3,8.0,78,awake,light
2026-08-02T20:39:00Z,ELD_002,55.6,45.6,36.38,14.8,96.7,8.0,78,awake,light
2026-08-02T20:40:00Z,ELD_002,56.7,47.1,36.43,13.7,96.6,8.0,78,awake,light
2026-08-02T20:41:00Z,ELD_002,52.2,51.0,36.18,13.4,96.2,8.0,78,awake,light
2026-08-02T20:42:00Z,ELD_002,58.2,48.8,36.5,14.3,96.9,8.0,78,awake,light
2026-08-02T20:43:00Z,ELD_002,63.0,47.0,36.48,14.8,96.8,8.0,78,awake,light
2026-08-02T20:44:00Z,ELD_002,60.0,47.6,36.43,14.4,96.8,8.0,78,awake,light
2026-08-02T20:45:00Z,ELD_002,54.0,46.7,36.21,13.8,96.2,8.0,78,awake,light
2026-08-02T20:46:00Z,ELD_002,54.5,48.2,36.47,13.4,96.7,8.0,78,awake,light
2026-08-02T20:47:00Z,ELD_002,56.9,46.1,36.36,14.1,96.7,8.0,78,awake,light
2026-08-02T20:48:00Z,ELD_002,53.6,50.7,36.31,14.2,96.8,8.0,78,awake,light
2026-08-02T20:49:00Z,ELD_002,56.2,48.0,36.35,14.0,96.0,8.0,78,awake,light
2026-08-02T20:50:00Z,ELD_002,60.5,47.1,36.59,14.1,96.7,8.0,78,awake,light
2026-08-02T20:51:00Z,ELD_002,58.4,44.9,36.3,14.0,97.0,8.0,78,awake,light
2026-08-02T20:52:00Z,ELD_002,59.2,44.0,36.41,14.0,97.0,8.0,78,awake,light
2026-08-02T20:53:00Z,ELD_002,52.7,52.2,36.16,13.6,96.2,8.0,78,awake,light
2026-08-02T20:54:00Z,ELD_002,57.3,42.8,36.3,13.7,96.1,8.0,78,awake,light
2026-08-02T20:55:00Z,ELD_002,59.8,49.4,36.58,14.8,96.6,8.0,78,awake,light
2026-08-02T20:56:00Z,ELD_002,58.0,45.9,36.46,14.3,96.2,8.0,78,awake,light
2026-08-02T20:57:00Z,ELD_002,61.3,46.6,36.41,13.9,96.5,8.0,78,awake,light
2026-08-02T20:58:00Z,ELD_002,58.0,43.1,36.11,14.2,97.0,8.0,78,awake,light
2026-08-02T20:59:00Z,ELD_002,56.2,48.8,36.35,13.5,96.8,8.0,78,awake,light
2026-08-02T21:00:00Z,ELD_002,61.5,44.2,36.45,14.1,96.6,8.0,78,awake,light
2026-08-02T21:01:00Z,ELD_002,57.8,45.0,36.42,13.6,96.6,8.0,78,awake,light
2026-08-02T21:02:00Z,ELD_002,61.3,47.2,36.36,15.2,96.7,8.0,78,awake,light
2026-08-02T21:03:00Z,ELD_002,55.2,50.9,36.4,14.6,95.9,8.0,78,awake,light
2026-08-02T21:04:00Z,ELD_002,54.2,47.0,36.47,14.0,97.0,8.0,78,awake,light
2026-08-02T21:05:00Z,ELD_002,63.5,43.9,36.47,15.0,96.7,8.0,78,awake,light
2026-08-02T21:06:00Z,ELD_002,59.0,46.1,36.37,14.4,97.0,8.0,78,awake,light
2026-08-02T21:07:00Z,ELD_002,59.1,44.4,36.43,14.5,96.6,8.0,78,awake,light
2026-08-02T21:08:00Z,ELD_002,58.0,48.8,36.42,13.8,96.5,8.0,78,awake,light
2026-08-02T21:09:00Z,ELD_002,56.3,44.4,36.22,13.4,96.9,8.0,78,awake,light
2026-08-02T21:10:00Z,ELD_002,50.5,47.3,36.57,13.2,96.1,8.0,78,awake,light
2026-08-02T21:11:00Z,ELD_002,59.5,44.0,36.34,15.2,95.9,8.0,78,awake,light
2026-08-02T21:12:00Z,ELD_002,55.4,50.1,36.31,14.1,96.5,8.0,78,awake,light
2026-08-02T21:13:00Z,ELD_002,58.5,49.5,36.36,13.2,96.4,8.0,78,awake,light
2026-08-02T21:14:00Z,ELD_002,53.6,47.8,36.29,14.0,96.2,8.0,78,awake,light
2026-08-02T21:15:00Z,ELD_002,60.4,44.0,36.51,15.5,96.2,8.0,78,awake,light
2026-08-02T21:16:00Z,ELD_002,62.6,46.8,36.34,14.7,96.0,8.0,78,awake,light
2026-08-02T21:17:00Z,ELD_002,54.3,50.3,36.45,14.6,96.0,8.0,78,awake,light
2026-08-02T21:18:00Z,ELD_002,51.2,48.5,36.39,14.2,96.8,8.0,78,awake,light
2026-08-02T21:19:00Z,ELD_002,58.3,47.5,36.55,14.4,96.6,8.0,78,awake,light
2026-08-02T21:20:00Z,ELD_002,53.0,49.4,36.33,13.4,96.4,8.0,78,awake,light
2026-08-02T21:21:00Z,ELD_002,62.2,48.3,36.39,14.4,96.8,8.0,78,awake,light
2026-08-02T21:22:00Z,ELD_002,64.0,43.7,36.39,14.3,96.4,8.0,78,awake,light
2026-08-02T21:23:00Z,ELD_002,63.2,45.9,36.64,14.4,96.6,8.0,78,awake,light
2026-08-02T21:24:00Z,ELD_002,56.6,46.0,36.36,13.6,96.1,8.0,78,awake,light
2026-08-02T21:25:00Z,ELD_002,55.6,45.8,36.43,13.7,97.0,8.0,78,awake,light
2026-08-02T21:26:00Z,ELD_002,59.9,46.2,36.27,13.7,96.7,8.0,78,awake,light
2026-08-02T21:27:00Z,ELD_002,61.8,46.1,36.52,14.5,97.0,8.0,78,awake,light
2026-08-02T21:28:00Z,ELD_002,62.7,42.0,36.33,15.2,96.6,8.0,78,awake,light
2026-08-02T21:29:00Z,ELD_002,63.6,49.6,36.33,14.7,96.8,8.0,78,awake,light
2026-08-02T21:30:00Z,ELD_002,59.8,49.8,36.44,13.7,96.7,8.0,78,awake,light
2026-08-02T21:31:00Z,ELD_002,51.8,50.1,36.33,13.1,96.7,8.0,78,awake,light
2026-08-02T21:32:00Z,ELD_002,58.3,47.1,36.52,14.5,96.2,8.0,78,awake,light
2026-08-02T21:33:00Z,ELD_002,61.3,45.8,36.33,14.7,96.0,8.0,78,awake,light
2026-08-02T21:34:00Z,ELD_002,61.6,44.2,36.33,15.4,96.9,8.0,78,awake,light
2026-08-02T21:35:00Z,ELD_002,58.5,43.3,36.32,14.4,96.6,8.0,78,awake,light
2026-08-02T21:36:00Z,ELD_002,56.9,49.7,36.46,13.6,96.8,8.0,78,awake,light
2026-08-02T21:37:00Z,ELD_002,58.2,44.3,36.42,13.1,96.8,8.0,78,awake,light
2026-08-02T21:38:00Z,ELD_002,53.5,49.7,36.32,14.8,96.4,8.0,78,awake,light
2026-08-02T21:39:00Z,ELD_002,52.5,52.3,36.44,14.1,96.5,8.0,78,awake,light
2026-08-02T21:40:00Z,ELD_002,57.7,47.1,36.41,14.8,97.0,8.0,78,awake,light
2026-08-02T21:41:00Z,ELD_002,58.8,46.2,36.41,14.8,96.4,8.0,78,awake,light
2026-08-02T21:42:00Z,ELD_002,61.8,46.2,36.47,15.4,96.0,8.0,78,awake,light
2026-08-02T21:43:00Z,ELD_002,62.8,45.0,36.32,15.3,96.7,8.0,78,awake,light
2026-08-02T21:44:00Z,ELD_002,59.9,45.6,36.33,14.3,96.9,8.0,78,awake,light
2026-08-02T21:45:00Z,ELD_002,56.7,44.8,36.55,14.1,96.8,8.0,78,awake,light
2026-08-02T21:46:00Z,ELD_002,58.2,44.8,36.41,14.8,96.8,8.0,78,awake,light
2026-08-02T21:47:00Z,ELD_002,64.2,45.8,36.52,15.1,96.2,8.0,78,awake,light
2026-08-02T21:48:00Z,ELD_002,55.5,48.3,36.51,13.6,96.6,8.0,78,awake,light
2026-08-02T21:49:00Z,ELD_002,55.3,46.6,36.41,14.1,96.1,8.0,78,awake,light
2026-08-02T21:50:00Z,ELD_002,55.7,46.2,36.23,14.6,96.9,8.0,78,awake,light
2026-08-02T21:51:00Z,ELD_002,57.2,45.2,36.36,15.2,96.7,8.0,78,awake,light
2026-08-02T21:52:00Z,ELD_002,61.1,45.0,36.64,15.4,96.4,8.0,78,awake,light
2026-08-02T21:53:00Z,ELD_002,58.1,45.5,36.35,13.9,96.9,8.0,78,awake,light
2026-08-02T21:54:00Z,ELD_002,60.9,46.0,36.28,14.4,96.3,8.0,78,awake,light
2026-08-02T21:55:00Z,ELD_002,57.6,45.7,36.44,13.3,97.0,8.0,78,awake,light
2026-08-02T21:56:00Z,ELD_002,66.0,47.8,36.4,15.6,96.4,8.0,78,awake,light
2026-08-02T21:57:00Z,ELD_002,63.2,46.9,36.27,15.2,96.6,8.0,78,awake,light
2026-08-02T21:58:00Z,ELD_002,60.1,46.9,36.41,14.5,95.2,8.0,78,awake,light
2026-08-02T21:59:00Z,ELD_002,58.9,46.0,36.36,14.3,96.9,8.0,78,awake,light
2026-08-02T22:00:00Z,ELD_002,61.5,47.9,36.48,14.7,96.8,8.0,78,awake,light
2026-08-02T22:01:00Z,ELD_002,60.9,47.8,36.47,14.9,96.4,8.0,78,awake,light
2026-08-02T22:02:00Z,ELD_002,57.7,48.9,36.3,13.9,96.6,8.0,78,awake,light
2026-08-02T22:03:00Z,ELD_002,58.6,49.1,36.42,14.1,96.0,8.0,78,awake,light
2026-08-02T22:04:00Z,ELD_002,59.3,46.4,36.5,13.3,96.9,8.0,78,awake,light
2026-08-02T22:05:00Z,ELD_002,62.0,46.8,36.49,13.9,96.8,8.0,78,awake,light
2026-08-02T22:06:00Z,ELD_002,62.0,47.5,36.42,15.0,96.5,8.0,78,awake,light
2026-08-02T22:07:00Z,ELD_002,64.9,48.1,36.44,14.9,96.7,8.0,78,awake,light
2026-08-02T22:08:00Z,ELD_002,57.0,48.1,36.39,14.3,96.3,8.0,78,awake,light
2026-08-02T22:09:00Z,ELD_002,58.0,49.3,36.45,14.3,96.3,8.0,78,awake,light
2026-08-02T22:10:00Z,ELD_002,59.3,47.1,36.35,14.4,96.1,8.0,78,awake,light
2026-08-02T22:11:00Z,ELD_002,57.7,50.3,36.43,14.7,96.1,8.0,78,awake,light
2026-08-02T22:12:00Z,ELD_002,62.0,43.5,36.4,13.8,96.8,8.0,78,awake,light
2026-08-02T22:13:00Z,ELD_002,57.0,48.8,36.43,14.0,96.5,8.0,78,awake,light
2026-08-02T22:14:00Z,ELD_002,58.7,46.5,36.37,14.9,96.8,8.0,78,awake,light
2026-08-02T22:15:00Z,ELD_002,61.9,44.8,36.27,15.7,96.8,8.0,78,awake,light
2026-08-02T22:16:00Z,ELD_002,58.2,45.9,36.49,14.3,96.8,8.0,78,awake,light
2026-08-02T22:17:00Z,ELD_002,63.3,42.6,36.31,14.2,97.0,8.0,78,awake,light
2026-08-02T22:18:00Z,ELD_002,58.5,48.3,36.34,14.1,96.9,8.0,78,awake,light
2026-08-02T22:19:00Z,ELD_002,59.7,44.8,36.38,15.1,96.8,8.0,78,awake,light
2026-08-02T22:20:00Z,ELD_002,63.0,48.7,36.36,15.0,96.2,8.0,78,awake,light
2026-08-02T22:21:00Z,ELD_002,56.9,46.6,36.25,14.1,96.8,8.0,78,awake,light
2026-08-02T22:22:00Z,ELD_002,61.1,43.8,36.43,14.6,96.2,8.0,78,awake,light
2026-08-02T22:23:00Z,ELD_002,60.3,45.1,36.36,14.1,96.6,8.0,78,awake,light
2026-08-02T22:24:00Z,ELD_002,59.6,46.5,36.49,14.6,96.7,8.0,78,awake,light
2026-08-02T22:25:00Z,ELD_002,63.5,46.9,36.47,14.2,96.3,8.0,78,awake,light
2026-08-02T22:26:00Z,ELD_002,59.2,48.5,36.38,14.4,96.6,8.0,78,awake,light
2026-08-02T22:27:00Z,ELD_002,63.7,46.8,36.53,15.0,96.7,8.0,78,awake,light
2026-08-02T22:28:00Z,ELD_002,57.1,49.5,36.31,14.6,96.8,8.0,78,awake,light
2026-08-02T22:29:00Z,ELD_002,55.6,48.6,36.28,13.8,96.6,8.0,78,awake,light
2026-08-02T22:30:00Z,ELD_002,58.4,48.3,36.43,14.2,97.0,8.0,78,awake,light
2026-08-02T22:31:00Z,ELD_002,66.5,48.4,36.34,15.1,96.4,8.0,78,awake,light
2026-08-02T22:32:00Z,ELD_002,58.4,48.6,36.27,14.0,96.4,8.0,78,awake,light
2026-08-02T22:33:00Z,ELD_002,66.2,46.4,36.4,15.4,96.9,8.0,78,awake,light
2026-08-02T22:34:00Z,ELD_002,64.9,44.3,36.49,15.0,96.2,8.0,78,awake,light
2026-08-02T22:35:00Z,ELD_002,65.4,42.8,36.61,14.4,96.9,8.0,78,awake,light
2026-08-02T22:36:00Z,ELD_002,61.2,49.2,36.3,14.5,95.9,8.0,78,awake,light
2026-08-02T22:37:00Z,ELD_002,64.1,44.3,36.43,15.3,96.8,8.0,78,awake,light
2026-08-02T22:38:00Z,ELD_002,59.9,43.6,36.49,14.7,97.0,8.0,78,awake,light
2026-08-02T22:39:00Z,ELD_002,64.0,44.1,36.48,14.8,96.9,8.0,78,awake,light
2026-08-02T22:40:00Z,ELD_002,61.5,42.7,36.29,14.6,96.5,8.0,78,awake,light
2026-08-02T22:41:00Z,ELD_002,65.9,46.9,36.37,14.6,96.4,8.0,78,awake,light
2026-08-02T22:42:00Z,ELD_002,60.7,44.4,36.47,14.1,97.0,8.0,78,awake,light
2026-08-02T22:43:00Z,ELD_002,63.3,48.2,36.42,15.1,96.6,8.0,78,awake,light
2026-08-02T22:44:00Z,ELD_002,63.3,45.0,36.27,14.8,96.5,8.0,78,awake,light
2026-08-02T22:45:00Z,ELD_002,62.6,44.3,36.21,14.7,96.3,8.0,78,awake,light
2026-08-02T22:46:00Z,ELD_002,61.9,43.2,36.32,14.3,96.9,8.0,78,awake,light
2026-08-02T22:47:00Z,ELD_002,59.4,48.7,36.36,14.6,95.9,8.0,78,awake,light
2026-08-02T22:48:00Z,ELD_002,58.9,49.5,36.45,15.0,96.8,8.0,78,awake,light
2026-08-02T22:49:00Z,ELD_002,59.2,48.5,36.45,14.5,96.4,8.0,78,awake,light
2026-08-02T22:50:00Z,ELD_002,58.2,46.5,36.38,14.4,96.4,8.0,78,awake,light
2026-08-02T22:51:00Z,ELD_002,57.3,47.5,36.2,14.1,96.7,8.0,78,awake,light
2026-08-02T22:52:00Z,ELD_002,60.0,45.9,36.29,14.8,96.7,8.0,78,awake,light
2026-08-02T22:53:00Z,ELD_002,66.3,41.3,36.44,16.0,96.5,8.0,78,awake,light
2026-08-02T22:54:00Z,ELD_002,63.8,46.9,36.32,15.7,97.0,8.0,78,awake,light
2026-08-02T22:55:00Z,ELD_002,64.5,43.7,36.46,14.9,96.7,8.0,78,awake,light
2026-08-02T22:56:00Z,ELD_002,61.2,46.7,36.56,15.3,96.6,8.0,78,awake,light
2026-08-02T22:57:00Z,ELD_002,67.0,45.0,36.52,14.6,96.4,8.0,78,awake,light
2026-08-02T22:58:00Z,ELD_002,68.0,44.2,36.12,15.4,96.7,8.0,78,awake,light
2026-08-02T22:59:00Z,ELD_002,64.1,43.9,36.39,15.1,96.3,8.0,78,awake,light
2026-08-02T23:00:00Z,ELD_002,63.9,44.0,36.33,15.1,96.1,8.0,78,light_sleep,resting
2026-08-02T23:01:00Z,ELD_002,66.9,44.4,36.65,14.9,96.4,8.0,78,light_sleep,resting
2026-08-02T23:02:00Z,ELD_002,69.5,43.2,36.26,15.2,96.7,8.0,78,light_sleep,resting
2026-08-02T23:03:00Z,ELD_002,66.5,45.4,36.51,14.8,96.6,8.0,78,light_sleep,resting
2026-08-02T23:04:00Z,ELD_002,62.3,43.9,36.4,15.6,96.9,8.0,78,light_sleep,resting
2026-08-02T23:05:00Z,ELD_002,63.7,43.8,36.27,16.1,96.1,8.0,78,light_sleep,resting
2026-08-02T23:06:00Z,ELD_002,63.8,50.9,36.48,13.9,96.2,8.0,78,light_sleep,resting
2026-08-02T23:07:00Z,ELD_002,62.6,45.9,36.37,14.9,96.9,8.0,78,light_sleep,resting
2026-08-02T23:08:00Z,ELD_002,63.3,45.5,36.38,15.1,96.4,8.0,78,light_sleep,resting
2026-08-02T23:09:00Z,ELD_002,62.2,51.7,36.24,14.4,96.4,8.0,78,light_sleep,resting
2026-08-02T23:10:00Z,ELD_002,64.5,46.3,36.34,14.9,96.7,8.0,78,light_sleep,resting
2026-08-02T23:11:00Z,ELD_002,63.1,45.5,36.38,14.4,96.6,8.0,78,light_sleep,resting
2026-08-02T23:12:00Z,ELD_002,61.6,49.7,36.39,15.4,96.7,8.0,78,light_sleep,resting
2026-08-02T23:13:00Z,ELD_002,56.5,51.4,36.25,13.8,96.7,8.0,78,light_sleep,resting
2026-08-02T23:14:00Z,ELD_002,61.8,45.6,36.41,14.4,96.4,8.0,78,light_sleep,resting
2026-08-02T23:15:00Z,ELD_002,66.8,42.2,36.45,14.9,96.5,8.0,78,light_sleep,resting
2026-08-02T23:16:00Z,ELD_002,65.5,42.6,36.47,15.7,96.8,8.0,78,light_sleep,resting
2026-08-02T23:17:00Z,ELD_002,62.1,46.8,36.39,15.0,96.2,8.0,78,light_sleep,resting
2026-08-02T23:18:00Z,ELD_002,67.4,44.8,36.39,15.3,96.6,8.0,78,light_sleep,resting
2026-08-02T23:19:00Z,ELD_002,61.3,45.5,36.38,13.6,96.9,8.0,78,light_sleep,resting
2026-08-02T23:20:00Z,ELD_002,60.0,43.8,36.59,13.8,96.3,8.0,78,light_sleep,resting
2026-08-02T23:21:00Z,ELD_002,57.4,46.6,36.39,13.6,96.8,8.0,78,light_sleep,resting
2026-08-02T23:22:00Z,ELD_002,63.6,46.4,36.35,15.5,96.9,8.0,78,light_sleep,resting
2026-08-02T23:23:00Z,ELD_002,62.0,45.3,36.3,14.7,97.0,8.0,78,light_sleep,resting
2026-08-02T23:24:00Z,ELD_002,62.0,43.7,36.43,14.3,96.5,8.0,78,light_sleep,resting
2026-08-02T23:25:00Z,ELD_002,65.5,42.8,36.25,14.6,96.9,8.0,78,light_sleep,resting
2026-08-02T23:26:00Z,ELD_002,63.2,47.6,36.44,14.5,97.0,8.0,78,light_sleep,resting
2026-08-02T23:27:00Z,ELD_002,60.2,44.3,36.34,14.7,96.7,8.0,78,light_sleep,resting
2026-08-02T23:28:00Z,ELD_002,56.6,46.4,36.23,13.8,96.7,8.0,78,light_sleep,resting
2026-08-02T23:29:00Z,ELD_002,65.9,46.5,36.45,15.2,96.5,8.0,78,light_sleep,resting
2026-08-02T23:30:00Z,ELD_002,63.0,44.3,36.49,14.9,96.6,8.0,78,light_sleep,resting
2026-08-02T23:31:00Z,ELD_002,63.8,45.8,36.42,15.4,96.7,8.0,78,light_sleep,resting
2026-08-02T23:32:00Z,ELD_002,66.5,43.9,36.27,16.6,96.8,8.0,78,light_sleep,resting
2026-08-02T23:33:00Z,ELD_002,66.8,43.1,36.58,15.0,96.6,8.0,78,light_sleep,resting
2026-08-02T23:34:00Z,ELD_002,65.7,44.4,36.5,14.5,96.6,8.0,78,light_sleep,resting
2026-08-02T23:35:00Z,ELD_002,64.8,46.8,36.32,15.3,97.0,8.0,78,light_sleep,resting
2026-08-02T23:36:00Z,ELD_002,63.8,47.9,36.49,14.9,96.9,8.0,78,light_sleep,resting
2026-08-02T23:37:00Z,ELD_002,61.4,47.0,36.42,15.0,96.0,8.0,78,light_sleep,resting
2026-08-02T23:38:00Z,ELD_002,63.0,45.7,36.46,15.8,96.7,8.0,78,light_sleep,resting
2026-08-02T23:39:00Z,ELD_002,65.9,40.8,36.41,15.1,96.6,8.0,78,light_sleep,resting
2026-08-02T23:40:00Z,ELD_002,63.7,45.1,36.44,13.9,96.5,8.0,78,light_sleep,resting
2026-08-02T23:41:00Z,ELD_002,65.1,43.7,36.38,15.3,96.9,8.0,78,light_sleep,resting
2026-08-02T23:42:00Z,ELD_002,63.9,47.6,36.39,14.5,96.1,8.0,78,light_sleep,resting
2026-08-02T23:43:00Z,ELD_002,63.3,47.6,36.37,14.7,96.6,8.0,78,light_sleep,resting
2026-08-02T23:44:00Z,ELD_002,66.4,44.3,36.23,16.1,96.0,8.0,78,light_sleep,resting
2026-08-02T23:45:00Z,ELD_002,62.2,46.5,36.42,14.7,96.6,8.0,78,light_sleep,resting
2026-08-02T23:46:00Z,ELD_002,62.6,45.5,36.52,14.8,96.5,8.0,78,light_sleep,resting
2026-08-02T23:47:00Z,ELD_002,67.1,45.1,36.46,15.6,96.8,8.0,78,light_sleep,resting
2026-08-02T23:48:00Z,ELD_002,65.2,45.4,36.28,15.0,97.0,8.0,78,light_sleep,resting
2026-08-02T23:49:00Z,ELD_002,66.3,43.5,36.45,15.3,96.9,8.0,78,light_sleep,resting
2026-08-02T23:50:00Z,ELD_002,69.1,45.6,36.4,14.6,96.8,8.0,78,light_sleep,resting
2026-08-02T23:51:00Z,ELD_002,62.6,47.9,36.39,13.8,96.9,8.0,78,light_sleep,resting
2026-08-02T23:52:00Z,ELD_002,69.7,43.4,36.37,15.5,96.9,8.0,78,light_sleep,resting
2026-08-02T23:53:00Z,ELD_002,68.9,46.8,36.54,15.0,96.9,8.0,78,light_sleep,resting
2026-08-02T23:54:00Z,ELD_002,63.8,47.8,36.33,15.1,96.5,8.0,78,light_sleep,resting
2026-08-02T23:55:00Z,ELD_002,68.6,43.0,36.37,14.9,96.5,8.0,78,light_sleep,resting
2026-08-02T23:56:00Z,ELD_002,69.7,40.7,36.33,15.4,96.6,8.0,78,light_sleep,resting
2026-08-02T23:57:00Z,ELD_002,65.9,46.3,36.25,14.6,96.8,8.0,78,light_sleep,resting
2026-08-02T23:58:00Z,ELD_002,64.3,44.3,36.56,15.1,96.6,8.0,78,light_sleep,resting
2026-08-02T23:59:00Z,ELD_002,64.4,43.6,36.44,15.4,96.4,8.0,78,light_sleep,resting
